Date,Gold_IRR,USD_IRR,Ounce_USD,Oil_USD,SMA_7,SMA_30,MACD,MACD_Signal,RSI_14,Bollinger_Upper,Bollinger_Lower,Gold_LogRet,USD_LogRet,Ounce_LogRet,Oil_LogRet,Gold_LogRet_Lag_1,USD_LogRet_Lag_1,Ounce_LogRet_Lag_1,Gold_LogRet_Lag_2,USD_LogRet_Lag_2,Ounce_LogRet_Lag_2,Gold_LogRet_Lag_3,USD_LogRet_Lag_3,Ounce_LogRet_Lag_3,Gold_LogRet_Lag_7,USD_LogRet_Lag_7,Ounce_LogRet_Lag_7,Target_Next_LogRet,Target_Next_Price
2021-07-19,10560000.0,245300.0,1808.699951171875,68.62000274658203,10536285.714285715,10567690.0,-22429.515792533755,-16376.772465673655,42.27748691099477,10735654.345411247,10470715.654588753,0.00789089990728751,0.0025715874326417087,-0.0108329526430665,-0.0682930987909009,-0.0028593233358103444,-0.003142154347089357,0.0,-0.00786845790667687,-0.006295331799552931,0.0,0.0,0.0,0.0022449022507048935,-0.003292416313125072,-0.0007603193707478327,0.0,0.0,10560000.0
2021-07-20,10560000.0,245190.0,1810.9000244140625,69.3499984741211,10539285.714285715,10562456.666666666,-20801.07623741962,-17261.63322002285,47.2913616398243,10735593.32756067,10468276.67243933,0.0,-0.0004485310682956321,0.0012156445618103438,0.010582047301988126,0.00789089990728751,0.0025715874326417087,-0.0108329526430665,-0.0028593233358103444,-0.003142154347089357,0.0,-0.00786845790667687,-0.006295331799552931,0.0,-0.006997002827885763,-0.00929042053940153,0.0022179105293645,-0.0021804056607248818,10537000.0
2021-07-22,10537000.0,246280.0,1805.0,73.79000091552734,10545857.142857144,10553390.0,-21122.941814038903,-18033.89493882606,47.153284671532845,10729958.568626449,10461911.431373551,-0.0021804056607248818,0.004435679846861273,-0.0032633809620440605,0.06205710871921527,0.0,-0.0004485310682956321,0.0012156445618103438,0.00789089990728751,0.0025715874326417087,-0.0108329526430665,-0.0028593233358103444,-0.003142154347089357,0.0,-0.004564915202451225,-0.0055915866919364786,0.0021577503670339305,0.00652700609754765,10606000.0
2021-07-24,10606000.0,247790.0,1805.0,73.79000091552734,10548142.857142856,10551790.0,-15630.12490895018,-17553.140932850885,44.90106544901065,10726635.749933304,10461734.250066696,0.00652700609754765,0.0061125132126417635,0.0,0.0,-0.0021804056607248818,0.004435679846861273,-0.0032633809620440605,0.0,-0.0004485310682956321,0.0012156445618103438,0.00789089990728751,0.0025715874326417087,-0.0108329526430665,0.00939241286396658,0.0035692595183050486,0.008201066475030334,0.0133928482759883,10749000.0
2021-07-25,10749000.0,250560.0,1805.0,73.79000091552734,10570857.142857144,10554956.666666666,258.89260824397206,-13990.734224631915,59.91792065663475,10733401.209058976,10457468.790941024,0.0133928482759883,0.011116799546787163,0.0,0.0,0.00652700609754765,0.0061125132126417635,0.0,-0.0021804056607248818,0.004435679846861273,-0.0032633809620440605,0.0,-0.0004485310682956321,0.0012156445618103438,0.0,0.0,0.0022449022507048935,0.0024159089988851283,10775000.0
2021-07-26,10775000.0,251720.0,1798.699951171875,74.5,10609142.857142856,10571356.666666666,14778.676787149161,-8236.8520222757,59.602922928443405,10756133.013343634,10444436.986656366,0.0024159089988851283,0.004618945856294458,-0.003496437179398408,0.009575891908037879,0.0133928482759883,0.011116799546787163,0.0,0.00652700609754765,0.0061125132126417635,0.0,-0.0021804056607248818,0.004435679846861273,-0.0032633809620440605,-0.00786845790667687,-0.006295331799552931,0.0,0.016749885433444845,10957000.0
2021-07-27,10957000.0,256140.0,1799.5,74.4800033569336,10677714.285714285,10591523.333333334,40504.67662204988,1511.4537065894165,67.26256983240224,10835563.42255702,10392906.57744298,0.016749885433444845,0.0174068113391928,0.0004446939315025321,-0.0002684473450921285,0.0024159089988851283,0.004618945856294458,-0.003496437179398408,0.0133928482759883,0.011116799546787163,0.0,0.00652700609754765,0.0061125132126417635,0.0,-0.0028593233358103444,-0.003142154347089357,0.0,0.0,10957000.0
2021-07-28,10957000.0,255990.0,1799.5,74.73999786376953,10734428.57142857,10608756.666666666,60198.78274201974,13248.919513675482,70.0,10901110.07782181,10363359.92217819,0.0,-0.0005857887813225784,0.0,0.0034847174347579775,0.016749885433444845,0.0174068113391928,0.0004446939315025321,0.0024159089988851283,0.004618945856294458,-0.003496437179398408,0.0133928482759883,0.011116799546787163,0.0,0.00789089990728751,0.0025715874326417087,-0.0108329526430665,0.0016414375379787739,10975000.0
2021-07-31,10975000.0,254890.0,1799.5,74.73999786376953,10793714.285714285,10628523.333333334,76378.50938596018,25874.83748813242,77.11442786069652,10959896.760375978,10344473.239624022,0.0016414375379787739,-0.004306301675100171,0.0,0.0,0.0,-0.0005857887813225784,0.0,0.016749885433444845,0.0174068113391928,0.0004446939315025321,0.0024159089988851283,0.004618945856294458,-0.003496437179398408,0.0,-0.0004485310682956321,0.0012156445618103438,-0.0033769940366541063,10938000.0
2021-08-01,10938000.0,255190.0,1799.5,74.73999786376953,10851000.0,10648523.333333334,85232.95607980713,37746.461206467364,78.18411097099622,10998682.720567085,10332187.279432915,-0.0033769940366541063,0.0011762862084036107,0.0,0.0,0.0016414375379787739,-0.004306301675100171,0.0,0.0,-0.0005857887813225784,0.0,0.016749885433444845,0.0174068113391928,0.0004446939315025321,-0.0021804056607248818,0.004435679846861273,-0.0032633809620440605,0.0052886053784183635,10996000.0
2021-08-02,10996000.0,257330.0,1818.0999755859373,72.88999938964844,10906714.285714285,10670456.666666666,95825.665528493,49362.302070872494,76.99468085106383,11047866.689412743,10322203.310587257,0.0052886053784183635,0.008350942154988846,0.010283137777802886,-0.025063948454656194,-0.0033769940366541063,0.0011762862084036107,0.0,0.0016414375379787739,-0.004306301675100171,0.0,0.0,-0.0005857887813225784,0.0,0.00652700609754765,0.0061125132126417635,0.0,-0.0006367978382122704,10989000.0
2021-08-03,10989000.0,256240.0,1810.0999755859373,72.41000366210938,10941000.0,10683923.333333334,102474.36192813516,59984.71404232504,76.28458498023716,11089057.402032448,10316342.597967552,-0.0006367978382122704,-0.004244802603992484,-0.004409907432068376,-0.006606985045159602,0.0052886053784183635,0.008350942154988846,0.010283137777802886,-0.0033769940366541063,0.0011762862084036107,0.0,0.0016414375379787739,-0.004306301675100171,0.0,0.0133928482759883,0.011116799546787163,0.0,0.0017275087262008074,11008000.0
2021-08-04,11008000.0,256280.0,1810.5,70.37999725341797,10974285.714285715,10695623.333333334,108031.32506827638,69594.03624751531,86.0431654676259,11129234.788829802,10312165.211170198,0.0017275087262008074,0.0001560914699181139,0.00022097134087597074,-0.02843536910696152,-0.0006367978382122704,-0.004244802603992484,-0.004409907432068376,0.0052886053784183635,0.008350942154988846,0.010283137777802886,-0.0033769940366541063,0.0011762862084036107,0.0,0.0024159089988851283,0.004618945856294458,-0.003496437179398408,0.0,11008000.0
2021-08-05,11008000.0,256280.0,1805.0999755859373,71.29000091552734,10981571.42857143,10707856.666666666,111153.9449066408,77906.01797934041,89.92481203007519,11164942.00599999,10315957.99400001,0.0,0.0,-0.002987071836327456,0.012846985103431453,0.0017275087262008074,0.0001560914699181139,0.00022097134087597074,-0.0006367978382122704,-0.004244802603992484,-0.004409907432068376,0.0052886053784183635,0.008350942154988846,0.010283137777802886,0.016749885433444845,0.0174068113391928,0.0004446939315025321,-0.01307566748259493,10865000.0
2021-08-07,10865000.0,256790.0,1805.0999755859373,71.29000091552734,10968428.57142857,10712556.666666666,100926.32290072367,82510.07896361707,71.03448275862068,11173639.673654793,10339860.326345207,-0.01307566748259493,0.001988033476803421,0.0,0.0,0.0,0.0,-0.002987071836327456,0.0017275087262008074,0.0001560914699181139,0.00022097134087597074,-0.0006367978382122704,-0.004244802603992484,-0.004409907432068376,0.0,-0.0005857887813225784,0.0,-0.0015658825103531944,10848000.0
2021-08-08,10848000.0,259170.0,1805.0999755859373,71.29000091552734,10950285.714285715,10718223.333333334,90406.94585448317,84089.4523417903,69.40700808625337,11173774.62212341,10375425.37787659,-0.0015658825103531944,0.00922558679127826,0.0,0.0,-0.01307566748259493,0.001988033476803421,0.0,0.0,0.0,-0.002987071836327456,0.0017275087262008074,0.0001560914699181139,0.00022097134087597074,0.0016414375379787739,-0.004306301675100171,0.0,0.006615239118719183,10920000.0
2021-08-09,10920000.0,263190.0,1723.4000244140625,69.04000091552734,10947714.285714285,10726290.0,86878.5798398573,84647.2778414037,74.20986093552466,11185397.72347408,10396802.27652592,0.006615239118719183,0.01539198776949968,-0.04631688039748277,-0.03207001793583661,-0.0015658825103531944,0.00922558679127826,0.0,-0.01307566748259493,0.001988033476803421,0.0,0.0,0.0,-0.002987071836327456,-0.0033769940366541063,0.0011762862084036107,0.0,0.016529301951210502,11102000.0
2021-08-10,11102000.0,266160.0,1728.800048828125,70.62999725341797,10962857.142857144,10743123.333333334,97642.63974475302,87246.35022207357,77.43362831858407,11222343.40056391,10411056.59943609,0.016529301951210502,0.01122142690181901,0.0031284564647309984,0.02276888449792895,0.006615239118719183,0.01539198776949968,-0.04631688039748277,-0.0015658825103531944,0.00922558679127826,0.0,-0.01307566748259493,0.001988033476803421,0.0,0.0052886053784183635,0.008350942154988846,0.010283137777802886,-0.0028865255474240232,11070000.0
2021-08-11,11070000.0,264320.0,1750.4000244140625,71.44000244140625,10974428.57142857,10759590.0,102410.57682414725,90279.19554248832,70.23959646910467,11237946.89444341,10451753.10555659,-0.0028865255474240232,-0.00693714137760806,0.012416792738750166,0.011403026208536598,0.016529301951210502,0.01122142690181901,0.0031284564647309984,0.006615239118719183,0.01539198776949968,-0.04631688039748277,-0.0015658825103531944,0.00922558679127826,0.0,-0.0006367978382122704,-0.004244802603992484,-0.004409907432068376,0.0,11070000.0
2021-08-12,11070000.0,264290.0,1749.0,71.30999755859375,10983285.714285715,10772823.333333334,104979.06796242855,93219.17002647638,69.23076923076923,11239203.484462306,10509796.515537694,0.0,-0.0001135052308212961,-0.0008001511567647293,-0.0018214349387710993,-0.0028865255474240232,-0.00693714137760806,0.012416792738750166,0.016529301951210502,0.01122142690181901,0.0031284564647309984,0.006615239118719183,0.01539198776949968,-0.04631688039748277,0.0017275087262008074,0.0001560914699181139,0.00022097134087597074,0.027355026837034016,11377000.0
2021-08-14,11377000.0,269070.0,1749.0,71.30999755859375,11036000.0,10798590.0,130285.10440452956,100632.35690208702,73.54260089686099,11313242.487462314,10517457.512537686,0.027355026837034016,0.017924583696229332,0.0,0.0,0.0,-0.0001135052308212961,-0.0008001511567647293,-0.0028865255474240232,-0.00693714137760806,0.012416792738750166,0.016529301951210502,0.01122142690181901,0.0031284564647309984,0.0,0.0,-0.002987071836327456,0.009709238748288801,11488000.0
2021-08-15,11488000.0,269130.0,1749.0,71.30999755859375,11125000.0,10827000.0,157481.74145284854,112002.23381223934,76.47058823529412,11399593.459168734,10523906.540831266,0.009709238748288801,0.00022296544128050245,0.0,0.0,0.027355026837034016,0.017924583696229332,0.0,0.0,-0.0001135052308212961,-0.0008001511567647293,-0.0028865255474240232,-0.00693714137760806,0.012416792738750166,-0.01307566748259493,0.001988033476803421,0.0,-0.0034006223641930497,11449000.0
2021-08-16,11449000.0,269090.0,1786.9000244140625,69.51000213623047,11210857.142857144,10853700.0,173883.87314081565,124378.56167795463,73.14453125,11448883.344988624,10565816.655011376,-0.0034006223641930497,-0.00014863810365143727,0.021438092528816316,-0.025565877958590423,0.009709238748288801,0.00022296544128050245,0.0,0.027355026837034016,0.017924583696229332,0.0,0.0,-0.0001135052308212961,-0.0008001511567647293,-0.0015658825103531944,0.00922558679127826,0.0,0.0,11449000.0
2021-08-17,11449000.0,268990.0,1785.0,69.02999877929688,11286428.57142857,10881566.666666666,184752.96351582184,136453.4420455281,75.88652482269504,11490661.385913424,10608338.614086576,0.0,-0.0003716919459979938,-0.0010638733336789578,-0.006929482813378128,-0.0034006223641930497,-0.00014863810365143727,0.021438092528816316,0.009709238748288801,0.00022296544128050245,0.0,0.027355026837034016,0.017924583696229332,0.0,0.006615239118719183,0.01539198776949968,-0.04631688039748277,0.008609871859013424,11548000.0
2021-08-21,11548000.0,274580.0,1785.0,69.02999877929688,11350142.857142856,10915200.0,199060.62163281254,148974.877962985,76.84824902723736,11559778.653289657,10619121.346710343,0.008609871859013424,0.020568453279806477,0.0,0.0,0.0,-0.0003716919459979938,-0.0010638733336789578,-0.0034006223641930497,-0.00014863810365143727,0.021438092528816316,0.009709238748288801,0.00022296544128050245,0.0,0.016529301951210502,0.01122142690181901,0.0031284564647309984,0.015893122640798157,11733000.0
2021-08-22,11733000.0,276660.0,1785.0,69.02999877929688,11444857.142857144,10956600.0,222759.66293093748,163731.83495657548,80.84577114427861,11664533.689149488,10610166.310850512,0.015893122640798157,0.007546657977210328,0.0,0.0,0.008609871859013424,0.020568453279806477,0.0,0.0,-0.0003716919459979938,-0.0010638733336789578,-0.0034006223641930497,-0.00014863810365143727,0.021438092528816316,-0.0028865255474240232,-0.00693714137760806,0.012416792738750166,0.001958364115184211,11756000.0
2021-08-23,11756000.0,276490.0,1803.199951171875,68.75,11542857.142857144,10995466.666666666,240623.47405703366,179110.1627766671,80.9090909090909,11764606.823783921,10589993.176216079,0.001958364115184211,-0.00061466150357879,0.010144421993175737,-0.004064438485042291,0.015893122640798157,0.007546657977210328,0.0,0.008609871859013424,0.020568453279806477,0.0,0.0,-0.0003716919459979938,-0.0010638733336789578,0.0,-0.0001135052308212961,-0.0008001511567647293,-0.0031522922802056275,11719000.0
2021-08-24,11719000.0,278490.0,1805.5999755859373,71.05000305175781,11591714.285714285,11033100.0,248925.62267084792,193073.25475550327,78.5084202085004,11840201.23997451,10590598.76002549,-0.0031522922802056275,0.007207498136860494,0.0013300957751088255,0.032907160948684316,0.001958364115184211,-0.00061466150357879,0.010144421993175737,0.015893122640798157,0.007546657977210328,0.0,0.008609871859013424,0.020568453279806477,0.0,0.027355026837034016,0.017924583696229332,0.0,-0.0005974990575095785,11712000.0
2021-08-25,11712000.0,278990.0,1788.199951171875,72.25,11623714.285714285,11073266.666666666,252034.9912694674,204865.6020582961,88.11881188118812,11903717.93757192,10600782.06242808,-0.0005974990575095785,0.0017937868051576245,-0.009683432986547027,0.01674842949717647,-0.0031522922802056275,0.007207498136860494,0.0013300957751088255,0.001958364115184211,-0.00061466150357879,0.010144421993175737,0.015893122640798157,0.007546657977210328,0.0,0.009709238748288801,0.00022296544128050245,0.0,0.0,11712000.0
2021-08-26,11712000.0,278990.0,1792.199951171875,71.06999969482422,11661285.714285715,11114433.333333334,251598.912635684,214212.2641737737,89.48811700182816,11955640.343416827,10626259.656583173,0.0,0.0,0.0022343882098449877,-0.016467024447754646,-0.0005974990575095785,0.0017937868051576245,-0.009683432986547027,-0.0031522922802056275,0.007207498136860494,0.0013300957751088255,0.001958364115184211,-0.00061466150357879,0.010144421993175737,-0.0034006223641930497,-0.00014863810365143727,0.021438092528816316,0.009432829662020657,11823000.0
2021-08-28,11823000.0,275990.0,1792.199951171875,71.06999969482422,11714714.285714285,11156533.333333334,257244.73236550577,222818.75781212014,89.84995586937335,12022150.967887077,10642449.032112923,0.009432829662020657,-0.010811305708407022,0.0,0.0,0.0,0.0,0.0022343882098449877,-0.0005974990575095785,0.0017937868051576245,-0.009683432986547027,-0.0031522922802056275,0.007207498136860494,0.0013300957751088255,0.0,-0.0003716919459979938,-0.0010638733336789578,-0.024314184668445694,11539000.0
2021-08-29,11539000.0,270690.0,1792.199951171875,71.06999969482422,11713428.57142857,11189166.666666666,236081.26084481925,225471.25841865997,67.6923076923077,12035738.83248646,10683861.16751354,-0.024314184668445694,-0.01939037850218245,0.0,0.0,0.009432829662020657,-0.010811305708407022,0.0,0.0,0.0,0.0022343882098449877,-0.0005974990575095785,0.0017937868051576245,-0.009683432986547027,0.008609871859013424,0.020568453279806477,0.0,0.009745236884657433,11652000.0
2021-08-30,11652000.0,274280.0,1809.0,73.41000366210938,11701857.142857144,11226333.333333334,225824.05368935317,225541.81747279863,72.11246200607903,12058668.70175128,10725331.29824872,0.009745236884657433,0.013175227741644637,0.009330318189973276,0.032394913463603736,-0.024314184668445694,-0.01939037850218245,0.0,0.009432829662020657,-0.010811305708407022,0.0,0.0,0.0,0.0022343882098449877,0.015893122640798157,0.007546657977210328,0.0,-0.009398646464413038,11543000.0
2021-08-31,11543000.0,270350.0,1815.0,72.98999786376953,11671428.57142857,11257566.666666666,206519.13009245694,221737.2799967303,66.59649122807018,12063103.245714769,10774396.754285231,-0.009398646464413038,-0.014432066588149862,0.003311261303656005,-0.0057377998122904224,0.009745236884657433,0.013175227741644637,0.009330318189973276,-0.024314184668445694,-0.01939037850218245,0.0,0.009432829662020657,-0.010811305708407022,0.0,0.001958364115184211,-0.00061466150357879,0.010144421993175737,0.006562496567949652,11619000.0
2021-09-01,11619000.0,272790.0,1813.0999755859373,71.58999633789062,11657142.857142856,11286566.666666666,195103.3736550901,216410.49872840228,60.13400335008375,12050666.503163265,10862233.496836735,0.006562496567949652,0.0089848525779172,-0.0010473937325584054,-0.01936706794193126,-0.009398646464413038,-0.014432066588149862,0.003311261303656005,0.009745236884657433,0.013175227741644637,0.009330318189973276,-0.024314184668445694,-0.01939037850218245,0.0,-0.0031522922802056275,0.007207498136860494,0.0013300957751088255,0.0,11619000.0
2021-09-02,11619000.0,272910.0,1808.699951171875,73.02999877929688,11643857.142857144,11314700.0,183936.00466678292,209915.59991607844,56.04801477377654,12018888.6985048,10971111.3014952,0.0,0.0004398020961489246,-0.0024297457991778355,0.01991495066275798,0.006562496567949652,0.0089848525779172,-0.0010473937325584054,-0.009398646464413038,-0.014432066588149862,0.003311261303656005,0.009745236884657433,0.013175227741644637,0.009330318189973276,-0.0005974990575095785,0.0017937868051576245,-0.009683432986547027,0.006177625823956935,11691000.0
2021-09-04,11691000.0,270670.0,1808.699951171875,73.02999877929688,11640857.142857144,11339166.666666666,178834.0944375731,203699.2988203774,60.84229390681004,11988175.571791025,11078924.428208975,0.006177625823956935,-0.008241703813408335,0.0,0.0,0.0,0.0004398020961489246,-0.0024297457991778355,0.006562496567949652,0.0089848525779172,-0.0010473937325584054,-0.009398646464413038,-0.014432066588149862,0.003311261303656005,0.0,0.0,0.0022343882098449877,-0.002569374486486092,11661000.0
2021-09-05,11661000.0,271120.0,1808.699951171875,73.02999877929688,11617714.285714285,11362633.333333334,170405.71355215088,197040.5817667321,59.24956369982548,11970898.788983375,11152101.211016625,-0.002569374486486092,0.0016611606101240343,0.0,0.0,0.006177625823956935,-0.008241703813408335,0.0,0.0,0.0004398020961489246,-0.0024297457991778355,0.006562496567949652,0.0089848525779172,-0.0010473937325584054,0.009432829662020657,-0.010811305708407022,0.0,0.0017992550799218996,11682000.0
2021-09-06,11682000.0,273810.0,1808.699951171875,73.02999877929688,11638142.857142856,11386200.0,163535.5494561419,190339.57530461406,56.27340823970037,11932488.57052987,11251711.42947013,0.0017992550799218996,0.009872907898099631,0.0,0.0,-0.002569374486486092,0.0016611606101240343,0.0,0.006177625823956935,-0.008241703813408335,0.0,0.0,0.0004398020961489246,-0.0024297457991778355,-0.024314184668445694,-0.01939037850218245,0.0,0.010558681200379918,11806000.0
2021-09-07,11806000.0,276810.0,1795.9000244140625,71.69000244140625,11660142.857142856,11415133.333333334,166181.02716489695,185507.86567667066,53.624627606752725,11878715.005238088,11379084.994761912,0.010558681200379918,0.0108969150616786,-0.007102025548191459,-0.018518996997100492,0.0017992550799218996,0.009872907898099631,0.0,-0.002569374486486092,0.0016611606101240343,0.0,0.006177625823956935,-0.008241703813408335,0.0,0.009745236884657433,0.013175227741644637,0.009330318189973276,0.002537857719465673,11836000.0
2021-09-08,11836000.0,278410.0,1790.699951171875,72.5999984741211,11702000.0,11443133.333333334,168753.05639922246,182156.90382118104,53.944773175542416,11888198.783302182,11415501.216697818,0.002537857719465673,0.005763497096828994,-0.002899725043928858,0.012613598893308136,0.010558681200379918,0.0108969150616786,-0.007102025548191459,0.0017992550799218996,0.009872907898099631,0.0,-0.002569374486486092,0.0016611606101240343,0.0,-0.009398646464413038,-0.014432066588149862,0.003311261303656005,0.0,11836000.0
2021-09-09,11836000.0,278270.0,1797.4000244140625,71.44999694824219,11733000.0,11471366.666666666,168845.06726487167,179494.53650991915,55.98771750255886,11906047.826270252,11432452.173729748,0.0,-0.000502981975108029,0.0037346122321662177,-0.015967039149054684,0.002537857719465673,0.005763497096828994,-0.002899725043928858,0.010558681200379918,0.0108969150616786,-0.007102025548191459,0.0017992550799218996,0.009872907898099631,0.0,0.006562496567949652,0.0089848525779172,-0.0010473937325584054,-0.02247093567202254,11573000.0
2021-09-11,11573000.0,272390.0,1797.4000244140625,71.44999694824219,11726428.57142857,11490200.0,146012.93825915456,172798.21685976625,44.363341443633416,11893736.605418803,11457163.394581197,-0.02247093567202254,-0.021357002498323042,0.0,0.0,0.0,-0.000502981975108029,0.0037346122321662177,0.002537857719465673,0.005763497096828994,-0.002899725043928858,0.010558681200379918,0.0108969150616786,-0.007102025548191459,0.0,0.0004398020961489246,-0.0024297457991778355,-0.0012104445538104749,11559000.0
2021-09-12,11559000.0,273130.0,1797.4000244140625,71.44999694824219,11707571.42857143,11508566.666666666,125343.74387280457,163307.32226237393,43.86527666399359,11879899.3191216,11482000.6808784,-0.0012104445538104749,0.002713009436473525,0.0,0.0,-0.02247093567202254,-0.021357002498323042,0.0,0.0,-0.000502981975108029,0.0037346122321662177,0.002537857719465673,0.005763497096828994,-0.002899725043928858,0.006177625823956935,-0.008241703813408335,0.0,0.009385697693344856,11668000.0
2021-09-13,11668000.0,276410.0,1792.0,73.51000213623047,11708571.42857143,11535333.333333334,116416.66856870987,153929.19152364112,43.77510040160642,11876009.13861736,11497890.86138264,0.009385697693344856,0.011937398370680887,-0.0030088752723850818,0.028423618782322475,-0.0012104445538104749,0.002713009436473525,0.0,-0.02247093567202254,-0.021357002498323042,0.0,0.0,-0.000502981975108029,0.0037346122321662177,-0.002569374486486092,0.0016611606101240343,0.0,-0.010510995366733108,11546000.0
2021-09-14,11546000.0,273170.0,1804.699951171875,73.5999984741211,11689142.857142856,11558600.0,98363.64183679782,142816.08158627246,50.32317636195753,11875365.837079588,11479834.162920412,-0.010510995366733108,-0.011790958685264467,0.007062031376286556,0.001223524556377764,0.009385697693344856,0.011937398370680887,-0.0030088752723850818,-0.0012104445538104749,0.002713009436473525,0.0,-0.02247093567202254,-0.021357002498323042,0.0,0.0017992550799218996,0.009872907898099631,0.0,-0.002601683888812432,11516000.0
2021-09-15,11516000.0,274510.0,1792.4000244140625,75.45999908447266,11647714.285714285,11578466.666666666,80705.41699741594,130393.94866850117,43.199999999999996,11872261.07519318,11458938.92480682,-0.002601683888812432,0.00489337815466701,-0.0068388283782960125,0.02495769740076641,-0.010510995366733108,-0.011790958685264467,0.007062031376286556,0.009385697693344856,0.011937398370680887,-0.0030088752723850818,-0.0012104445538104749,0.002713009436473525,0.0,0.010558681200379918,0.0108969150616786,-0.007102025548191459,0.0,11516000.0
2021-09-16,11516000.0,274460.0,1754.5999755859375,75.66999816894531,11602000.0,11592266.666666666,65950.90560476854,117505.34005575466,48.48484848484849,11870824.801829645,11440075.198170355,0.0,-0.0001821593170419044,-0.021314620752901005,0.002779054104988875,-0.002601683888812432,0.00489337815466701,-0.0068388283782960125,-0.010510995366733108,-0.011790958685264467,0.007062031376286556,0.009385697693344856,0.011937398370680887,-0.0030088752723850818,0.002537857719465673,0.005763497096828994,-0.002899725043928858,-0.015753870361550085,11336000.0
2021-09-18,11336000.0,274710.0,1754.5999755859375,75.66999816894531,11530571.42857143,11601133.333333334,39280.55160078779,101860.38236476129,35.77889447236181,11892987.175158856,11380312.824841144,-0.015753870361550085,0.0009104649462634119,0.0,0.0,0.0,-0.0001821593170419044,-0.021314620752901005,-0.002601683888812432,0.00489337815466701,-0.0068388283782960125,-0.010510995366733108,-0.011790958685264467,0.007062031376286556,0.0,-0.000502981975108029,0.0037346122321662177,-0.0012357667739111618,11322000.0
2021-09-19,11322000.0,274430.0,1754.5999755859375,75.66999816894531,11494714.285714285,11609533.333333334,16820.524371450767,84852.41076609919,35.28245787908821,11906555.397687271,11327744.602312729,-0.0012357667739111618,-0.0010197764659845292,0.0,0.0,-0.015753870361550085,0.0009104649462634119,0.0,0.0,-0.0001821593170419044,-0.021314620752901005,-0.002601683888812432,0.00489337815466701,-0.0068388283782960125,-0.02247093567202254,-0.021357002498323042,0.0,0.00914372468780272,11426000.0
2021-09-20,11426000.0,274070.0,1761.800048828125,73.91999816894531,11475714.285714285,11611166.666666666,7328.246349930763,69347.5778828655,37.271853986551385,11881672.698371254,11312927.301628746,0.00914372468780272,-0.001312671109182031,0.004095144610637675,-0.023398353945868346,-0.0012357667739111618,-0.0010197764659845292,0.0,-0.015753870361550085,0.0009104649462634119,0.0,0.0,-0.0001821593170419044,-0.021314620752901005,-0.0012104445538104749,0.002713009436473525,0.0,0.0,11426000.0
2021-09-21,11426000.0,274030.0,1776.0,74.36000061035156,11441142.857142856,11609100.0,-192.2363888695836,55439.61502851849,38.37784371909001,11885240.67459735,11298059.32540265,0.0,-0.00014595876690758126,0.008027603161512306,0.005934768498639207,0.00914372468780272,-0.001312671109182031,0.004095144610637675,-0.0012357667739111618,-0.0010197764659845292,0.0,-0.015753870361550085,0.0009104649462634119,0.0,0.009385697693344856,0.011937398370680887,-0.0030088752723850818,0.008453577729606589,11523000.0
2021-09-22,11523000.0,275210.0,1776.699951171875,76.19000244140625,11437857.142857144,11611566.666666666,1655.729971203953,44682.83801705558,42.68629254829807,11878876.227018446,11291523.772981554,0.008453577729606589,0.004296853162634181,0.0003940390072630704,0.024312081467268935,0.0,-0.00014595876690758126,0.008027603161512306,0.00914372468780272,-0.001312671109182031,0.004095144610637675,-0.0012357667739111618,-0.0010197764659845292,0.0,-0.010510995366733108,-0.011790958685264467,0.007062031376286556,0.003378820628406808,11562000.0
2021-09-23,11562000.0,276810.0,1747.699951171875,77.25,11444428.57142857,11615333.333333334,6195.809256488457,36985.43226494216,37.824351297405194,11879374.020700539,11292925.979299461,0.003378820628406808,0.005796907650263529,-0.01645707372556822,0.013816663249279777,0.008453577729606589,0.004296853162634181,0.0003940390072630704,0.0,-0.00014595876690758126,0.008027603161512306,0.00914372468780272,-0.001312671109182031,0.004095144610637675,-0.002601683888812432,0.00489337815466701,-0.0068388283782960125,-0.012445223940773369,11419000.0
2021-09-25,11419000.0,275590.0,1747.699951171875,77.25,11430571.42857143,11611033.333333334,-1725.1634887326509,29243.313114207198,31.30044843049326,11878166.57326431,11274133.42673569,-0.012445223940773369,-0.004417096247614667,0.0,0.0,0.003378820628406808,0.005796907650263529,-0.01645707372556822,0.008453577729606589,0.004296853162634181,0.0003940390072630704,0.0,-0.00014595876690758126,0.008027603161512306,0.0,-0.0001821593170419044,-0.021314620752901005,0.0035840765670824572,11460000.0
2021-09-26,11460000.0,276810.0,1747.699951171875,77.25,11448285.714285715,11601933.333333334,-4640.738562749699,22466.50277881582,33.73702422145328,11873816.615695996,11262583.384304004,0.0035840765670824572,0.00441709624761471,0.0,0.0,-0.012445223940773369,-0.004417096247614667,0.0,0.003378820628406808,0.005796907650263529,-0.01645707372556822,0.008453577729606589,0.004296853162634181,0.0003940390072630704,-0.015753870361550085,0.0009104649462634119,0.0,0.0046141204049339165,11513000.0
2021-09-28,11513000.0,280560.0,1735.800048828125,79.08999633789062,11475571.42857143,11593833.333333334,-2644.214890681207,17444.359244916413,46.828752642706135,11860189.978143789,11258410.021856211,0.0046141204049339165,0.013456255573348464,-0.006832179493625219,0.023539482450405394,0.0035840765670824572,0.00441709624761471,0.0,-0.012445223940773369,-0.004417096247614667,0.0,0.003378820628406808,0.005796907650263529,-0.01645707372556822,-0.0012357667739111618,-0.0010197764659845292,0.0,0.005197967174413333,11573000.0
2021-09-29,11573000.0,282430.0,1721.5,78.63999938964844,11496571.42857143,11588966.666666666,3736.4713468719274,14702.781665307517,50.70564516129032,11852078.946622722,11257721.053377278,0.005197967174413333,0.006643126439531305,-0.008272426561606493,-0.005705930150686414,0.0046141204049339165,0.013456255573348464,-0.006832179493625219,0.0035840765670824572,0.00441709624761471,0.0,-0.012445223940773369,-0.004417096247614667,0.0,0.00914372468780272,-0.001312671109182031,0.004095144610637675,0.006202104470363666,11645000.0
2021-09-30,11645000.0,284710.0,1755.300048828125,78.5199966430664,11527857.142857144,11586733.333333334,14436.593369493261,14649.544006144668,48.795811518324605,11847344.142152479,11258755.857847521,0.006202104470363666,0.008040386088339317,0.019443806501259528,-0.001527141421907292,0.005197967174413333,0.006643126439531305,-0.008272426561606493,0.0046141204049339165,0.013456255573348464,-0.006832179493625219,0.0035840765670824572,0.00441709624761471,0.0,0.0,-0.00014595876690758126,0.008027603161512306,-0.0031823877544176426,11608000.0
2021-10-02,11608000.0,280460.0,1755.300048828125,78.5199966430664,11540000.0,11583266.666666666,19703.793320326135,15660.393868980962,53.56321839080459,11814003.835121457,11272296.164878543,-0.0031823877544176426,-0.015040006061288526,0.0,0.0,0.006202104470363666,0.008040386088339317,0.019443806501259528,0.005197967174413333,0.006643126439531305,-0.008272426561606493,0.0046141204049339165,0.013456255573348464,-0.006832179493625219,0.008453577729606589,0.004296853162634181,0.0003940390072630704,0.007124799442795053,11691000.0
2021-10-03,11691000.0,281380.0,1755.300048828125,78.5199966430664,11558428.57142857,11578866.666666666,30227.054896388203,18573.72607446241,59.479956663055255,11780210.328971384,11291589.671028616,0.007124799442795053,0.0032749566505623864,0.0,0.0,-0.0031823877544176426,-0.015040006061288526,0.0,0.006202104470363666,0.008040386088339317,0.019443806501259528,0.005197967174413333,0.006643126439531305,-0.008272426561606493,0.003378820628406808,0.005796907650263529,-0.01645707372556822,0.0,11691000.0
2021-10-04,11691000.0,281360.0,1766.199951171875,81.26000213623047,11597285.714285715,11583933.333333334,38127.30764234625,22484.442388039177,59.479956663055255,11742122.813503884,11315177.186496116,0.0,-7.108078334015343e-05,0.0061905081089993624,0.0343005901927456,0.007124799442795053,0.0032749566505623864,0.0,-0.0031823877544176426,-0.015040006061288526,0.0,0.006202104470363666,0.008040386088339317,0.019443806501259528,-0.012445223940773369,-0.004417096247614667,0.0,-0.00833159210714073,11594000.0
2021-10-06,11594000.0,279320.0,1760.5,81.08000183105469,11616428.57142857,11582000.0,36144.57338186167,25216.468586803676,65.35714285714286,11744294.942796156,11315105.057203844,-0.00833159210714073,-0.007276910187892424,-0.0032324587937302193,-0.0022175726813041968,0.0,-7.108078334015343e-05,0.0061905081089993624,0.007124799442795053,0.0032749566505623864,0.0,-0.0031823877544176426,-0.015040006061288526,0.0,0.0035840765670824572,0.00441709624761471,0.0,-0.01732183603725133,11394900.0
2021-10-09,11394900.0,275136.0,1760.5,81.08000183105469,11599557.142857144,11577063.333333334,18296.624050917104,23832.499679626362,53.55575065847234,11743783.721450755,11299206.278549245,-0.01732183603725133,-0.015092557104018153,0.0,0.0,-0.00833159210714073,-0.007276910187892424,-0.0032324587937302193,0.0,-7.108078334015343e-05,0.0061905081089993624,0.007124799442795053,0.0032749566505623864,0.0,0.0046141204049339165,0.013456255573348464,-0.006832179493625219,-0.006683157230006737,11319000.0
2021-10-11,11319000.0,273360.0,1754.5999755859375,83.6500015258789,11563271.42857143,11567063.333333334,-1950.0214254725724,18675.995458606576,44.63390170511534,11732614.358125024,11275475.641874976,-0.006683157230006737,-0.006475913066779932,-0.0033569628151418974,0.03120510150695515,-0.01732183603725133,-0.015092557104018153,0.0,-0.00833159210714073,-0.007276910187892424,-0.0032324587937302193,0.0,-7.108078334015343e-05,0.0061905081089993624,0.005197967174413333,0.006643126439531305,-0.008272426561606493,0.008357942464233185,11414000.0
2021-10-12,11414000.0,271670.0,1758.300048828125,83.41999816894531,11530271.42857143,11560230.0,-10212.207808109,12898.354805263461,49.450549450549445,11728522.772052707,11266367.227947293,0.008357942464233185,-0.0062015133709080955,0.00210656414060376,-0.0027533788550924685,-0.006683157230006737,-0.006475913066779932,-0.0033569628151418974,-0.01732183603725133,-0.015092557104018153,0.0,-0.00833159210714073,-0.007276910187892424,-0.0032324587937302193,0.006202104470363666,0.008040386088339317,0.019443806501259528,0.00017520806001894098,11416000.0
2021-10-13,11416000.0,270700.0,1793.699951171875,83.18000030517578,11502842.857142856,11551063.333333334,-16409.508161364123,7036.782211937944,44.63390170511534,11726144.964867238,11258745.035132762,0.00017520806001894098,-0.0035768978158727057,0.019933037412385862,-0.0028811288353448802,0.008357942464233185,-0.0062015133709080955,0.00210656414060376,-0.006683157230006737,-0.006475913066779932,-0.0033569628151418974,-0.01732183603725133,-0.015092557104018153,0.0,-0.0031823877544176426,-0.015040006061288526,0.0,0.0,11416000.0
2021-10-14,11416000.0,270870.0,1796.699951171875,84.0,11463557.142857144,11542896.666666666,-21077.939969055355,1413.8377757392846,42.379958246346554,11723292.162597442,11251597.837402558,0.0,0.0006278043672419884,0.0016711234290114187,0.009809860859687831,0.00017520806001894098,-0.0035768978158727057,0.019933037412385862,0.008357942464233185,-0.0062015133709080955,0.00210656414060376,-0.006683157230006737,-0.006475913066779932,-0.0033569628151418974,0.007124799442795053,0.0032749566505623864,0.0,-0.00035044682328173697,11412000.0
2021-10-16,11412000.0,271810.0,1796.699951171875,84.0,11423700.0,11533896.666666666,-24814.427112186328,-3831.8152018458386,49.572649572649574,11719132.788407505,11263357.211592495,-0.00035044682328173697,0.00346429181139164,0.0,0.0,0.0,0.0006278043672419884,0.0016711234290114187,0.00017520806001894098,-0.0035768978158727057,0.019933037412385862,0.008357942464233185,-0.0062015133709080955,0.00210656414060376,0.0,-7.108078334015343e-05,0.0061905081089993624,-0.0036871255888088696,11370000.0
2021-10-17,11370000.0,272530.0,1796.699951171875,84.0,11391700.0,11519363.333333334,-30809.51616036892,-9227.355393550455,44.51219512195122,11714943.69764404,11272346.30235596,-0.0036871255888088696,0.0026454069878775704,0.0,0.0,-0.00035044682328173697,0.00346429181139164,0.0,0.0,0.0006278043672419884,0.0016711234290114187,0.00017520806001894098,-0.0035768978158727057,0.019933037412385862,-0.00833159210714073,-0.007276910187892424,-0.0032324587937302193,0.008930976094819845,11472000.0
2021-10-18,11472000.0,274750.0,1764.800048828125,84.33000183105469,11402714.285714285,11507230.0,-27018.66551537998,-12785.61741791636,47.6409666283084,11715230.514197456,11276659.485802544,0.008930976094819845,0.008112893496963838,-0.017914224594933324,0.0039208964562055535,-0.0036871255888088696,0.0026454069878775704,0.0,-0.00035044682328173697,0.00346429181139164,0.0,0.0,0.0006278043672419884,0.0016711234290114187,-0.01732183603725133,-0.015092557104018153,0.0,-0.004017823554993784,11426000.0
2021-10-19,11426000.0,273060.0,1769.699951171875,85.08000183105469,11418000.0,11493563.333333334,-27410.23648565635,-15710.54123146436,41.40350877192982,11715230.514197456,11276659.485802544,-0.004017823554993784,-0.006170042027125119,0.0027726159189181846,0.008854316554081327,0.008930976094819845,0.008112893496963838,-0.017914224594933324,-0.0036871255888088696,0.0026454069878775704,0.0,-0.00035044682328173697,0.00346429181139164,0.0,-0.006683157230006737,-0.006475913066779932,-0.0033569628151418974,0.0055856315583935005,11490000.0
2021-10-20,11490000.0,274210.0,1784.0999755859375,85.81999969482422,11428857.142857144,11490796.666666666,-22299.242385607213,-17028.28146229293,40.850059031877215,11713219.677986698,11275370.322013302,0.0055856315583935005,0.004202684936728038,0.008104059610460861,0.008660064153779679,-0.004017823554993784,-0.006170042027125119,0.0027726159189181846,0.008930976094819845,0.008112893496963838,-0.017914224594933324,-0.0036871255888088696,0.0026454069878775704,0.0,0.008357942464233185,-0.0062015133709080955,0.00210656414060376,0.0,11490000.0
2021-10-21,11490000.0,274150.0,1781.199951171875,84.61000061035156,11439428.57142857,11488496.666666666,-18040.779858380556,-17230.781141510455,42.716049382716044,11707287.437784111,11274102.562215889,0.0,-0.00021883434327613717,-0.0016268056619152453,-0.014199605857265951,0.0055856315583935005,0.004202684936728038,0.008104059610460861,-0.004017823554993784,-0.006170042027125119,0.0027726159189181846,0.008930976094819845,0.008112893496963838,-0.017914224594933324,0.00017520806001894098,-0.0035768978158727057,0.019933037412385862,0.012024886450241903,11629000.0
2021-10-23,11629000.0,276030.0,1781.199951171875,84.61000061035156,11469857.142857144,11487196.666666666,-3410.465572282672,-14466.7180276649,46.420323325635096,11723440.217579238,11278949.782420762,0.012024886450241903,0.0068341536123221495,0.0,0.0,0.0,-0.00021883434327613717,-0.0016268056619152453,0.0055856315583935005,0.004202684936728038,0.008104059610460861,-0.004017823554993784,-0.006170042027125119,0.0027726159189181846,0.0,0.0006278043672419884,0.0016711234290114187,0.0003439085237232548,11633000.0
2021-10-25,11633000.0,275610.0,1806.0,85.98999786376953,11501428.57142857,11490096.666666666,8409.98539912887,-9891.377342306147,46.666666666666664,11738707.417645466,11280982.582354534,0.0003439085237232548,-0.0015227325108947932,0.013827187942434075,0.016178515429912763,0.012024886450241903,0.0068341536123221495,0.0,0.0,-0.00021883434327613717,-0.0016268056619152453,0.0055856315583935005,0.004202684936728038,0.008104059610460861,-0.00035044682328173697,0.00346429181139164,0.0,0.006938820832961101,11714000.0
2021-10-26,11714000.0,276870.0,1792.699951171875,86.4000015258789,11550571.42857143,11496696.666666666,24036.720657082275,-3105.7577424284627,57.02576112412178,11766319.874641554,11273470.125358446,0.006938820832961101,0.004561258994110181,-0.0073916189533362806,0.004756707890618279,0.0003439085237232548,-0.0015227325108947932,0.013827187942434075,0.012024886450241903,0.0068341536123221495,0.0,0.0,-0.00021883434327613717,-0.0016268056619152453,-0.0036871255888088696,0.0026454069878775704,0.0,0.00017072129789642864,11716000.0
2021-10-27,11716000.0,276670.0,1797.9000244140625,84.58000183105469,11585428.57142857,11503363.333333334,36165.51072349027,4748.495950755283,74.44055411782615,11787837.060542697,11266252.939457303,0.00017072129789642864,-0.0007226217028689621,0.0028964946878651475,-0.021289839777512674,0.006938820832961101,0.004561258994110181,-0.0073916189533362806,0.0003439085237232548,-0.0015227325108947932,0.013827187942434075,0.012024886450241903,0.0068341536123221495,0.0,0.008930976094819845,0.008112893496963838,-0.017914224594933324,0.0,11716000.0
2021-10-28,11716000.0,276570.0,1801.5999755859373,84.31999969482422,11626857.142857144,11516030.0,45255.981451034546,12849.993050811136,84.16523235800344,11799940.377770469,11261249.622229531,0.0,-0.0003615067641134563,0.002055814682588965,-0.003078772519337846,0.00017072129789642864,-0.0007226217028689621,0.0028964946878651475,0.006938820832961101,0.004561258994110181,-0.0073916189533362806,0.0003439085237232548,-0.0015227325108947932,0.013827187942434075,-0.004017823554993784,-0.006170042027125119,0.0027726159189181846,-0.002735044439992459,11684000.0
2021-10-30,11684000.0,275760.0,1801.5999755859373,84.31999969482422,11654571.42857143,11528096.666666666,49309.70089340024,20141.934619328957,76.06177606177606,11810400.602345888,11258389.397654112,-0.002735044439992459,-0.002933031270002766,0.0,0.0,0.0,-0.0003615067641134563,0.002055814682588965,0.00017072129789642864,-0.0007226217028689621,0.0028964946878651475,0.006938820832961101,0.004561258994110181,-0.0073916189533362806,0.0055856315583935005,0.004202684936728038,0.008104059610460861,0.002735044439992615,11716000.0
2021-10-31,11716000.0,275040.0,1801.5999755859373,84.31999969482422,11686857.142857144,11537763.333333334,54476.46454888955,27008.84060524108,77.37226277372264,11814844.867855497,11256445.132144503,0.002735044439992615,-0.0026143805740708207,0.0,0.0,-0.002735044439992459,-0.002933031270002766,0.0,0.0,-0.0003615067641134563,0.002055814682588965,0.00017072129789642864,-0.0007226217028689621,0.0028964946878651475,0.0,-0.00021883434327613717,-0.0016268056619152453,-0.002735044439992459,11684000.0
2021-11-01,11684000.0,276030.0,1795.0999755859375,84.70999908447266,11694714.285714285,11546363.333333334,55350.97778838873,32677.26804187061,73.10344827586206,11813691.260372646,11256898.739627354,-0.002735044439992459,0.003593013827840486,-0.0036144283174155286,0.0046145664618810365,0.002735044439992615,-0.0026143805740708207,0.0,-0.002735044439992459,-0.002933031270002766,0.0,0.0,-0.0003615067641134563,0.002055814682588965,0.012024886450241903,0.0068341536123221495,0.0,0.002735044439992615,11716000.0
2021-11-02,11716000.0,278980.0,1788.699951171875,84.72000122070312,11706571.42857143,11552796.666666666,57958.063912915066,37733.4272160795,75.0,11830353.233915161,11252436.766084839,0.002735044439992615,0.010630539201709685,-0.003571645375540873,0.00011806806615199769,-0.002735044439992459,0.003593013827840486,-0.0036144283174155286,0.002735044439992615,-0.0026143805740708207,0.0,-0.002735044439992459,-0.002933031270002766,0.0,0.0003439085237232548,-0.0015227325108947932,0.013827187942434075,-0.002735044439992459,11684000.0
2021-11-03,11684000.0,276570.0,1763.5999755859375,81.98999786376953,11702285.714285715,11556863.333333334,56787.455447368324,41544.23286233727,76.2541806020067,11842869.73157919,11268830.26842081,-0.002735044439992459,-0.008676141185476518,-0.014131911060620329,-0.032754453148510505,0.002735044439992615,0.010630539201709685,-0.003571645375540873,-0.002735044439992459,0.003593013827840486,-0.0036144283174155286,0.002735044439992615,-0.0026143805740708207,0.0,0.006938820832961101,0.004561258994110181,-0.0073916189533362806,0.0,11684000.0
2021-11-04,11684000.0,276510.0,1793.0,80.54000091552734,11697714.285714285,11565696.666666666,55223.16157325357,44280.01860452053,71.37096774193549,11843590.669694949,11304609.330305051,0.0,-0.00021696680493012163,0.016533033964660986,-0.017843295762647402,-0.002735044439992459,-0.008676141185476518,-0.014131911060620329,0.002735044439992615,0.010630539201709685,-0.003571645375540873,-0.002735044439992459,0.003593013827840486,-0.0036144283174155286,0.00017072129789642864,-0.0007226217028689621,0.0028964946878651475,0.027852251902475075,12014000.0
2021-11-06,12014000.0,279880.0,1793.0,80.54000091552734,11740285.714285715,11584163.333333334,79693.03775081784,51362.622433779994,87.6923076923077,11926867.571579238,11281332.428420762,0.027852251902475075,0.012113953204013506,0.0,0.0,0.0,-0.00021696680493012163,0.016533033964660986,-0.002735044439992459,-0.008676141185476518,-0.014131911060620329,0.002735044439992615,0.010630539201709685,-0.003571645375540873,0.0,-0.0003615067641134563,0.002055814682588965,0.0019126029696281638,12037000.0
2021-11-07,12037000.0,280250.0,1793.0,80.54000091552734,11790714.285714285,11601630.0,99791.1682289578,61048.331592815564,87.00947225981055,11998638.521501241,11271661.478498759,0.0019126029696281638,0.0013211220745732715,0.0,0.0,0.027852251902475075,0.012113953204013506,0.0,0.0,-0.00021696680493012163,0.016533033964660986,-0.002735044439992459,-0.008676141185476518,-0.014131911060620329,-0.002735044439992459,-0.002933031270002766,0.0,0.009014658077785913,12146000.0
2021-11-08,12146000.0,281060.0,1827.4000244140625,83.43000030517578,11852142.857142856,11620730.0,123095.50215651467,73457.76570555539,88.67924528301887,12085587.33316708,11257712.66683292,0.009014658077785913,0.002886107720329606,0.019004010319386404,0.03525399378117926,0.0019126029696281638,0.0013211220745732715,0.0,0.027852251902475075,0.012113953204013506,0.0,0.0,-0.00021696680493012163,0.016533033964660986,0.002735044439992615,-0.0026143805740708207,0.0,0.03032746819656881,12520000.0
2021-11-09,12520000.0,283760.0,1830.199951171875,84.77999877929688,11971571.42857143,11649896.666666666,169785.84352817386,92723.38127007909,91.13573407202216,12270872.910417296,11183227.089582704,0.03032746819656881,0.009560640792767505,0.0015310188776383894,0.016051690954161726,0.009014658077785913,0.002886107720329606,0.019004010319386404,0.0019126029696281638,0.0013211220745732715,0.0,0.027852251902475075,0.012113953204013506,0.0,-0.002735044439992459,0.003593013827840486,-0.0036144283174155286,0.009380782679311132,12638000.0
2021-11-10,12638000.0,284240.0,1847.5999755859373,82.63999938964844,12103285.714285715,11684230.0,213844.8193204645,116947.66888015618,91.97994987468672,12443658.26855243,11137241.73144757,0.009380782679311132,0.001690141247405221,0.009462262540359543,-0.025565834100295486,0.03032746819656881,0.009560640792767505,0.0015310188776383894,0.009014658077785913,0.002886107720329606,0.019004010319386404,0.0019126029696281638,0.0013211220745732715,0.0,0.002735044439992615,0.010630539201709685,-0.003571645375540873,0.0,12638000.0
2021-11-11,12638000.0,284240.0,1863.199951171875,82.87000274658203,12239571.42857143,11715796.666666666,245926.98190051503,142743.53148422798,91.3978494623656,12585126.298254894,11112373.701745106,0.0,0.0,0.00840792702102028,0.002779330578495924,0.009380782679311132,0.001690141247405221,0.009462262540359543,0.03032746819656881,0.009560640792767505,0.0015310188776383894,0.009014658077785913,0.002886107720329606,0.019004010319386404,-0.002735044439992459,-0.008676141185476518,-0.014131911060620329,0.005051313029519678,12702000.0
2021-11-13,12702000.0,285240.0,1863.199951171875,82.87000274658203,12385000.0,11749496.666666666,273365.405780606,168867.9063435036,91.85059422750425,12713023.142979562,11112076.857020438,0.005051313029519678,0.003511979447331282,0.0,0.0,0.0,0.0,0.00840792702102028,0.009380782679311132,0.001690141247405221,0.009462262540359543,0.03032746819656881,0.009560640792767505,0.0015310188776383894,0.0,-0.00021696680493012163,0.016533033964660986,-0.007427928265259811,12608000.0
2021-11-14,12608000.0,280400.0,1863.199951171875,82.87000274658203,12469857.142857144,11783296.666666666,284248.8956492748,191944.10420465784,85.062893081761,12800214.509942569,11136685.490057431,-0.007427928265259811,-0.017113775999667815,0.0,0.0,0.005051313029519678,0.003511979447331282,0.0,0.0,0.0,0.00840792702102028,0.009380782679311132,0.001690141247405221,0.009462262540359543,0.027852251902475075,0.012113953204013506,0.0,-0.004610867537730422,12550000.0
2021-11-15,12550000.0,281480.0,1866.0999755859373,82.05000305175781,12543142.857142856,11821800.0,284909.76212017797,210537.23578776186,83.35901386748844,12859908.353483532,11182991.646516468,-0.004610867537730422,0.0038442419379131018,0.0015552650929547029,-0.009944293274232765,-0.007427928265259811,-0.017113775999667815,0.0,0.005051313029519678,0.003511979447331282,0.0,0.0,0.0,0.00840792702102028,0.0019126029696281638,0.0013211220745732715,0.0,-0.004472136506414716,12494000.0
2021-11-16,12494000.0,283540.0,1853.5999755859373,82.43000030517578,12592857.142857144,11860966.666666666,277713.4636330474,223972.481356819,79.4251134644478,12907150.58577562,11222249.41422438,-0.004472136506414716,0.00729180959113722,-0.006720997509486058,0.004620597297399024,-0.004610867537730422,0.0038442419379131018,0.0015552650929547029,-0.007427928265259811,-0.017113775999667815,0.0,0.005051313029519678,0.003511979447331282,0.0,0.009014658077785913,0.002886107720329606,0.019004010319386404,-0.00722952783317568,12404000.0
2021-11-17,12404000.0,281400.0,1869.699951171875,80.27999877929688,12576285.714285715,11893966.666666666,261731.02506184205,231524.19009782362,76.08695652173913,12932989.559646342,11273510.440353658,-0.00722952783317568,-0.007576062009196787,0.008648283108735699,-0.026428943304810108,-0.004472136506414716,0.00729180959113722,-0.006720997509486058,-0.004610867537730422,0.0038442419379131018,0.0015552650929547029,-0.007427928265259811,-0.017113775999667815,0.0,0.03032746819656881,0.009560640792767505,0.0015310188776383894,0.0,12404000.0
2021-11-18,12404000.0,278980.0,1861.0,81.23999786376953,12542857.142857144,11926900.0,246226.48173611797,234464.6484254825,75.51928783382789,12956651.928451175,11318848.071548825,0.0,-0.008637050016199523,-0.004663986413490948,0.011887201694312278,-0.00722952783317568,-0.007576062009196787,0.008648283108735699,-0.004472136506414716,0.00729180959113722,-0.006720997509486058,-0.004610867537730422,0.0038442419379131018,0.0015552650929547029,0.009380782679311132,0.001690141247405221,0.009462262540359543,-0.0007258357510486329,12395000.0
2021-11-20,12395000.0,282890.0,1861.0,81.23999786376953,12508142.857142856,11959533.333333334,230555.09899674915,233682.73853973584,76.83018867924528,12973094.074820805,11370305.925179195,-0.0007258357510486329,0.013918034839101973,0.0,0.0,0.0,-0.008637050016199523,-0.004663986413490948,-0.00722952783317568,-0.007576062009196787,0.008648283108735699,-0.004472136506414716,0.00729180959113722,-0.006720997509486058,0.0,0.0,0.00840792702102028,0.010034200184798635,12520000.0
2021-11-21,12520000.0,284400.0,1861.0,81.23999786376953,12482142.857142856,11996466.666666666,225621.05156280845,232070.40114435038,78.82758620689656,12997552.0992479,11426247.9007521,0.010034200184798635,0.005323568425894612,0.0,0.0,-0.0007258357510486329,0.013918034839101973,0.0,0.0,-0.008637050016199523,-0.004663986413490948,-0.00722952783317568,-0.007576062009196787,0.008648283108735699,0.005051313029519678,0.003511979447331282,0.0,-0.013023739033164644,12358000.0
2021-11-22,12358000.0,286440.0,1806.0,79.69999694824219,12446428.57142857,12029400.0,206261.08788592927,226908.53849266618,63.41653666146646,12992789.37217732,11498410.62782268,-0.013023739033164644,0.007147392209653117,-0.02999952266532004,-0.01913816291127356,0.010034200184798635,0.005323568425894612,0.0,-0.0007258357510486329,0.013918034839101973,0.0,0.0,-0.008637050016199523,-0.004663986413490948,-0.007427928265259811,-0.017113775999667815,0.0,0.013343176825371526,12524000.0
2021-11-23,12524000.0,291660.0,1783.5,82.30999755859375,12442714.285714285,12064466.666666666,201984.63671018556,221923.75813617007,67.08771929824562,12999224.553109255,11572775.446890745,0.013343176825371526,0.01805965014668013,-0.012536729177984571,0.03222302981783231,-0.013023739033164644,0.007147392209653117,-0.02999952266532004,0.010034200184798635,0.005323568425894612,0.0,-0.0007258357510486329,0.013918034839101973,0.0,-0.004610867537730422,0.0038442419379131018,0.0015552650929547029,-0.0015982103449837435,12504000.0
2021-11-24,12504000.0,289770.0,1784.0999755859375,82.25,12444142.857142856,12100400.0,194736.87995756418,216486.3825004489,63.39820359281437,12986788.482852848,11667211.517147152,-0.0015982103449837435,-0.00650123542610492,0.0003363468974658657,-0.0007291876779574276,0.013343176825371526,0.01805965014668013,-0.012536729177984571,-0.013023739033164644,0.007147392209653117,-0.02999952266532004,0.010034200184798635,0.005323568425894612,0.0,-0.004472136506414716,0.00729180959113722,-0.006720997509486058,0.0,12504000.0
2021-11-25,12504000.0,288080.0,1784.0999755859375,82.25,12458428.57142857,12134200.0,186839.21435414255,210556.94887118766,49.16839916839916,12963715.891036067,11769084.108963933,0.0,-0.005849285518694415,0.0,0.0,-0.0015982103449837435,-0.00650123542610492,0.0003363468974658657,0.013343176825371526,0.01805965014668013,-0.012536729177984571,-0.013023739033164644,0.007147392209653117,-0.02999952266532004,-0.00722952783317568,-0.007576062009196787,0.008648283108735699,0.005503064491868732,12573000.0
2021-11-27,12573000.0,294720.0,1784.0999755859375,82.25,12482571.42857143,12170300.0,184026.6362961419,205250.88635617853,46.44030668127054,12920180.324001398,11901519.675998602,0.005503064491868732,0.022787533726322178,0.0,0.0,0.0,-0.005849285518694415,0.0,-0.0015982103449837435,-0.00650123542610492,0.0003363468974658657,0.013343176825371526,0.01805965014668013,-0.012536729177984571,0.0,-0.008637050016199523,-0.004663986413490948,0.009656557545597685,12695000.0
2021-11-28,12695000.0,294350.0,1784.0999755859375,82.25,12525428.57142857,12205833.333333334,189458.07358635776,202092.32380221438,52.75362318840579,12854379.656631634,12068420.343368366,0.009656557545597685,-0.0012562175926717001,0.0,0.0,0.005503064491868732,0.022787533726322178,0.0,0.0,-0.005849285518694415,0.0,-0.0015982103449837435,-0.00650123542610492,0.0003363468974658657,-0.0007258357510486329,0.013918034839101973,0.0,-0.014599957821378762,12511000.0
2021-11-29,12511000.0,290540.0,1782.300048828125,73.44000244140625,12524142.857142856,12235100.0,176876.3441289924,197049.12786756997,41.731601731601735,12818229.628417484,12154270.371582516,-0.014599957821378762,-0.013028275029532882,-0.0010093802704756022,-0.11329461008969761,0.009656557545597685,-0.0012562175926717001,0.0,0.005503064491868732,0.022787533726322178,0.0,0.0,-0.005849285518694415,0.0,0.010034200184798635,0.005323568425894612,0.0,0.008278324757758129,12615000.0
2021-11-30,12615000.0,291900.0,1773.5999755859375,70.56999969482422,12560857.142857144,12265133.333333334,173299.4752478171,192299.19734361942,50.30042918454935,12775330.726661904,12254969.273338096,0.008278324757758129,0.004670017415331706,-0.0048933268890934195,-0.03986365886748544,-0.014599957821378762,-0.013028275029532882,-0.0010093802704756022,0.009656557545597685,-0.0012562175926717001,0.0,0.005503064491868732,0.022787533726322178,0.0,-0.013023739033164644,0.007147392209653117,-0.02999952266532004,-0.002063165308898889,12589000.0
2021-12-01,12589000.0,293390.0,1781.5999755859375,68.87000274658203,12570142.857142856,12294233.333333334,166448.08822982758,187128.97552086104,51.72109443954105,12732460.500749081,12342139.499250919,-0.002063165308898889,0.005091504105050634,0.00450045770286688,-0.02438441125101787,0.008278324757758129,0.004670017415331706,-0.0048933268890934195,-0.014599957821378762,-0.013028275029532882,-0.0010093802704756022,0.009656557545597685,-0.0012562175926717001,0.0,0.013343176825371526,0.01805965014668013,-0.012536729177984571,0.0,12589000.0
2021-12-02,12589000.0,273240.0,1760.699951171875,69.66999816894531,12582285.714285715,12323333.333333334,159183.34810770117,181539.85003822908,54.41039925719592,12737058.967004353,12344441.032995647,0.0,-0.07115225210147107,-0.011800393739534874,0.011549073322922886,-0.002063165308898889,0.005091504105050634,0.00450045770286688,0.008278324757758129,0.004670017415331706,-0.0048933268890934195,-0.014599957821378762,-0.013028275029532882,-0.0010093802704756022,-0.0015982103449837435,-0.00650123542610492,0.0003363468974658657,0.03550484114295038,13044000.0
2021-12-04,13044000.0,303380.0,1760.699951171875,69.66999816894531,12659428.57142857,12368666.666666666,187973.84119597822,182826.64826977893,72.19140083217754,12857915.360231306,12264184.639768694,0.03550484114295038,0.10463561529987778,0.0,0.0,0.0,-0.07115225210147107,-0.011800393739534874,-0.002063165308898889,0.005091504105050634,0.00450045770286688,0.008278324757758129,0.004670017415331706,-0.0048933268890934195,0.0,-0.005849285518694415,0.0,0.011433922873606424,13194000.0
2021-12-05,13194000.0,309710.0,1760.699951171875,69.66999816894531,12748142.857142856,12417933.333333334,220354.15525435843,190332.14966669484,74.81155778894473,12998692.216109155,12179007.783890845,0.011433922873606424,0.020650230606579743,0.0,0.0,0.03550484114295038,0.10463561529987778,0.0,0.0,-0.07115225210147107,-0.011800393739534874,-0.002063165308898889,0.005091504105050634,0.00450045770286688,0.005503064491868732,0.022787533726322178,0.0,-0.0018965980725960201,13169000.0
2021-12-06,13169000.0,306930.0,1777.5,73.08000183105469,12815857.142857144,12467433.333333334,241217.8867217023,200509.29707769636,74.06716417910448,13095767.270669922,12128632.729330078,-0.0018965980725960201,-0.009016667211147817,0.009496453177220853,0.04778497380508544,0.011433922873606424,0.020650230606579743,0.0,0.03550484114295038,0.10463561529987778,0.0,0.0,-0.07115225210147107,-0.011800393739534874,0.009656557545597685,-0.0012562175926717001,0.0,-0.0056351047684079,13095000.0
2021-12-07,13095000.0,307010.0,1782.5999755859375,75.44000244140625,12899285.714285715,12513400.0,248912.0593901705,210189.8495401912,68.46499678869621,13166087.424749684,12107012.575250316,-0.0056351047684079,0.0002606117876431188,0.0028650763234604835,0.03178291412213796,-0.0018965980725960201,-0.009016667211147817,0.009496453177220853,0.011433922873606424,0.020650230606579743,0.0,0.03550484114295038,0.10463561529987778,0.0,-0.014599957821378762,-0.013028275029532882,-0.0010093802704756022,-0.002140509952666175,13067000.0
2021-12-08,13067000.0,307060.0,1783.4000244140625,75.81999969482422,12963857.142857144,12559500.0,249870.03445076384,218125.88652230572,74.91215741391426,13223672.764161486,12101127.235838514,-0.002140509952666175,0.00016284788415158998,0.0004487093895392277,0.005024435375758508,-0.0056351047684079,0.0002606117876431188,0.0028650763234604835,-0.0018965980725960201,-0.009016667211147817,0.009496453177220853,0.011433922873606424,0.020650230606579743,0.0,0.008278324757758129,0.004670017415331706,-0.0048933268890934195,0.0,13067000.0
2021-12-09,13067000.0,277040.0,1774.5999755859375,74.41999816894531,13032142.857142856,12605600.0,247773.0629517883,224055.32180820225,71.59904534606206,13274200.237931874,12107899.762068126,0.0,-0.10288126813658648,-0.004946636746660119,-0.018637407749044932,-0.002140509952666175,0.00016284788415158998,0.0004487093895392277,-0.0056351047684079,0.0002606117876431188,0.0028650763234604835,-0.0018965980725960201,-0.009016667211147817,0.009496453177220853,-0.002063165308898889,0.005091504105050634,0.00450045770286688,-0.010307783573901821,12933000.0
2021-12-11,12933000.0,301600.0,1774.5999755859375,74.41999816894531,13081285.714285715,12636233.333333334,232617.0532252211,225767.66809160606,65.64551422319474,13293777.528169965,12141222.471830035,-0.010307783573901821,0.0849397360396344,0.0,0.0,0.0,-0.10288126813658648,-0.004946636746660119,-0.002140509952666175,0.00016284788415158998,0.0004487093895392277,-0.0056351047684079,0.0002606117876431188,0.0028650763234604835,0.0,-0.07115225210147107,-0.011800393739534874,-0.005038575056327356,12868000.0
2021-12-12,12868000.0,297720.0,1774.5999755859375,74.41999816894531,13056142.857142856,12663933.333333334,212906.59485568665,223195.4534444222,62.674094707520894,13300974.030697199,12180425.969302801,-0.005038575056327356,-0.012948188642091098,0.0,0.0,-0.010307783573901821,0.0849397360396344,0.0,0.0,-0.10288126813658648,-0.004946636746660119,-0.002140509952666175,0.00016284788415158998,0.0004487093895392277,0.03550484114295038,0.10463561529987778,0.0,0.00858905732884205,12979000.0
2021-12-13,12979000.0,302220.0,1786.300048828125,74.38999938964844,13025428.57142857,12691700.0,203892.34291538782,219334.83133861533,63.734776725304464,13314980.158277083,12224819.841722917,0.00858905732884205,0.015001781493904224,0.006571437145887026,-0.0004031823156429691,-0.005038575056327356,-0.012948188642091098,0.0,-0.010307783573901821,0.0849397360396344,0.0,0.0,-0.10288126813658648,-0.004946636746660119,0.011433922873606424,0.020650230606579743,0.0,-0.004401381569648195,12922000.0
2021-12-14,12922000.0,301340.0,1770.4000244140625,73.69999694824219,12990142.857142856,12705100.0,189959.32680358365,213459.730431609,58.032554847841475,13325849.153950507,12254150.846049493,-0.004401381569648195,-0.002916033612471719,-0.008940945262643642,-0.009318758211047171,0.00858905732884205,0.015001781493904224,0.006571437145887026,-0.005038575056327356,-0.012948188642091098,0.0,-0.010307783573901821,0.0849397360396344,0.0,-0.0018965980725960201,-0.009016667211147817,0.009496453177220853,0.0053255248776221675,12991000.0
2021-12-15,12991000.0,299500.0,1762.5999755859375,73.87999725341797,12975285.714285715,12716866.666666666,182382.6409404464,207244.3125333765,68.4899845916795,13323778.218056327,12319521.781943673,0.0053255248776221675,-0.006124777817638326,-0.004415545712583479,0.002439360367329335,-0.004401381569648195,-0.002916033612471719,-0.008940945262643642,0.00858905732884205,0.015001781493904224,0.006571437145887026,-0.005038575056327356,-0.012948188642091098,0.0,-0.0056351047684079,0.0002606117876431188,0.0028650763234604835,0.0,12991000.0
2021-12-16,12991000.0,274170.0,1796.5999755859375,75.0199966430664,12964428.57142857,12728633.333333334,174368.05639308318,200669.06130531785,65.74539363484087,13332055.600414097,12357944.399585903,0.0,-0.08836606560328406,0.01910599839167438,0.01531258175177888,0.0053255248776221675,-0.006124777817638326,-0.004415545712583479,-0.004401381569648195,-0.002916033612471719,-0.008940945262643642,0.00858905732884205,0.015001781493904224,0.006571437145887026,-0.002140509952666175,0.00016284788415158998,0.0004487093895392277,-0.013640450197561332,12815000.0
2021-12-18,12815000.0,299100.0,1796.5999755859375,75.0199966430664,12928428.57142857,12732400.0,152061.83708796464,190947.61646184724,58.40773809523809,13320891.509385325,12400208.490614675,-0.013640450197561332,0.08702961368368235,0.0,0.0,0.0,-0.08836606560328406,0.01910599839167438,0.0053255248776221675,-0.006124777817638326,-0.004415545712583479,-0.004401381569648195,-0.002916033612471719,-0.008940945262643642,0.0,-0.10288126813658648,-0.004946636746660119,0.0036608678966368975,12862000.0
2021-12-19,12862000.0,300710.0,1796.5999755859375,75.0199966430664,12918285.714285715,12740866.666666666,136601.84376243874,180078.46192196556,59.81308411214953,13307171.21968772,12449728.78031228,0.0036608678966368975,0.005368379542235969,0.0,0.0,-0.013640450197561332,0.08702961368368235,0.0,0.0,-0.08836606560328406,0.01910599839167438,0.0053255248776221675,-0.006124777817638326,-0.004415545712583479,-0.010307783573901821,0.0849397360396344,0.0,0.008515960732400029,12972000.0
2021-12-20,12972000.0,301780.0,1793.699951171875,71.5199966430664,12933142.857142856,12754933.333333334,131707.52598588727,170404.27473474992,46.55831739961759,13303772.031855341,12493027.968144659,0.008515960732400029,0.0035519299073671793,-0.001615477873115055,-0.047777615978291645,0.0036608678966368975,0.005368379542235969,0.0,-0.013640450197561332,0.08702961368368235,0.0,0.0,-0.08836606560328406,0.01910599839167438,-0.005038575056327356,-0.012948188642091098,0.0,0.0025407104555433034,13005000.0
2021-12-21,13005000.0,300770.0,1787.9000244140625,73.9800033569336,12936857.142857144,12771966.666666666,129004.48469672725,162124.3167271454,39.82777179763187,13310129.014054937,12517670.985945063,0.0025407104555433034,-0.0033524220261440247,-0.0032387379200195265,0.0338177478522715,0.008515960732400029,0.0035519299073671793,-0.001615477873115055,0.0036608678966368975,0.005368379542235969,0.0,-0.013640450197561332,0.08702961368368235,0.0,0.00858905732884205,0.015001781493904224,0.006571437145887026,0.0010759300146450867,13019000.0
2021-12-22,13019000.0,300131.0,1801.5999755859373,75.29000091552734,12950714.285714285,12792466.666666666,126533.38984400406,155006.13135051716,41.830065359477125,13289202.903825138,12589397.096174862,0.0010759300146450867,-0.0021268070476372657,0.007633384981113123,0.017552504241505205,0.0025407104555433034,-0.0033524220261440247,-0.0032387379200195265,0.008515960732400029,0.0035519299073671793,-0.001615477873115055,0.0036608678966368975,0.005368379542235969,0.0,-0.004401381569648195,-0.002916033612471719,-0.008940945262643642,0.0,13019000.0
2021-12-23,13019000.0,300131.0,1811.199951171875,76.8499984741211,12954714.285714285,12812966.666666666,123155.37091558799,148635.97926353134,45.497630331753555,13275585.598000223,12643414.401999777,0.0,0.0,0.005314436655823481,0.020508114107273052,0.0010759300146450867,-0.0021268070476372657,0.007633384981113123,0.0025407104555433034,-0.0033524220261440247,-0.0032387379200195265,0.008515960732400029,0.0035519299073671793,-0.001615477873115055,0.0053255248776221675,-0.006124777817638326,-0.004415545712583479,-0.0030771622096381146,12979000.0
2021-12-25,12979000.0,299370.0,1811.199951171875,76.8499984741211,12953000.0,12832433.333333334,115914.41168773174,142091.66574837142,44.859813084112155,13242609.759423202,12715390.240576798,-0.0030771622096381146,-0.0025387794473930984,0.0,0.0,0.0,0.0,0.005314436655823481,0.0010759300146450867,-0.0021268070476372657,0.007633384981113123,0.0025407104555433034,-0.0033524220261440247,-0.0032387379200195265,0.0,-0.08836606560328406,0.01910599839167438,-0.00339585106762941,12935000.0
2021-12-26,12935000.0,298570.0,1811.199951171875,76.8499984741211,12970142.857142856,12846266.666666666,105410.3620170448,134755.4050021061,42.666666666666664,13187654.287012065,12804945.712987935,-0.00339585106762941,-0.0026758553612293077,0.0,0.0,-0.0030771622096381146,-0.0025387794473930984,0.0,0.0,0.0,0.005314436655823481,0.0010759300146450867,-0.0021268070476372657,0.007633384981113123,-0.013640450197561332,0.08702961368368235,0.0,-0.004804720960495083,12873000.0
2021-12-27,12873000.0,295210.0,1808.0999755859373,78.5999984741211,12971714.285714285,12863433.333333334,91033.5668389611,126011.03736947711,46.3768115942029,13185310.78345131,12790189.21654869,-0.004804720960495083,-0.011317443711787006,-0.0017130253953705572,0.02251622989262666,-0.00339585106762941,-0.0026758553612293077,0.0,-0.0030771622096381146,-0.0025387794473930984,0.0,0.0,0.0,0.005314436655823481,0.0036608678966368975,0.005368379542235969,0.0,0.0003883344384943299,12878000.0
2021-12-28,12878000.0,296590.0,1810.199951171875,78.94000244140625,12958285.714285715,12875233.333333334,79131.13680668548,116635.0572569188,50.65104166666667,13149599.536714109,12794300.463285891,0.0003883344384943299,0.004663746202466602,0.00116075276468448,0.004316421140123197,-0.004804720960495083,-0.011317443711787006,-0.0017130253953705572,-0.00339585106762941,-0.0026758553612293077,0.0,-0.0030771622096381146,-0.0025387794473930984,0.0,0.008515960732400029,0.0035519299073671793,-0.001615477873115055,0.0075039999359604904,12975000.0
2021-12-29,12975000.0,298180.0,1805.0999755859373,79.2300033569336,12954000.0,12890933.333333334,76641.98351294734,108636.44250812451,49.734748010610076,13113876.792522058,12810623.207477942,0.0075039999359604904,0.005346617306471907,-0.0028213310498175362,0.003666956184559522,0.0003883344384943299,0.004663746202466602,0.00116075276468448,-0.004804720960495083,-0.011317443711787006,-0.0017130253953705572,-0.00339585106762941,-0.0026758553612293077,0.0,0.0025407104555433034,-0.0033524220261440247,-0.0032387379200195265,0.0,12975000.0
2021-12-30,12975000.0,273880.0,1812.699951171875,79.31999969482422,12947714.285714285,12906633.333333334,73818.37926841527,101672.82986018268,53.80200860832138,13094681.628573366,12817818.371426634,0.0,-0.08500727674739085,0.004201441162821637,0.0011352424575692592,0.0075039999359604904,0.005346617306471907,-0.0028213310498175362,0.0003883344384943299,0.004663746202466602,0.00116075276468448,-0.004804720960495083,-0.011317443711787006,-0.0017130253953705572,0.0010759300146450867,-0.0021268070476372657,0.007633384981113123,-0.002855711430158667,12938000.0
2022-01-01,12938000.0,295480.0,1812.699951171875,79.31999969482422,12936142.857142856,12918800.0,67813.35167776048,94900.93422369825,46.015037593984964,13078159.0359315,12821440.9640685,-0.002855711430158667,0.07591109840767475,0.0,0.0,0.0,-0.08500727674739085,0.004201441162821637,0.0075039999359604904,0.005346617306471907,-0.0028213310498175362,0.0003883344384943299,0.004663746202466602,0.00116075276468448,0.0,0.0,0.005314436655823481,-0.010098741927380075,12808000.0
2022-01-02,12808000.0,292650.0,1812.699951171875,79.31999969482422,12911714.285714285,12922566.666666666,51965.38588248566,86313.82455545574,38.490566037735846,13067660.067212777,12806039.932787223,-0.010098741927380075,-0.009623796923307075,0.0,0.0,-0.002855711430158667,0.07591109840767475,0.0,0.0,-0.08500727674739085,0.004201441162821637,0.0075039999359604904,0.005346617306471907,-0.0028213310498175362,-0.0030771622096381146,-0.0025387794473930984,0.0,-0.010990847018020163,12668000.0
2022-01-03,12668000.0,290320.0,1799.4000244140625,78.9800033569336,12873571.42857143,12927800.0,27788.59916673228,74608.77947771105,40.316205533596836,13101324.091308916,12745875.908691084,-0.010990847018020163,-0.007993592832415023,-0.007364129981281156,-0.0042956014421018495,-0.010098741927380075,-0.009623796923307075,0.0,-0.002855711430158667,0.07591109840767475,0.0,0.0,-0.08500727674739085,0.004201441162821637,-0.00339585106762941,-0.0026758553612293077,0.0,-0.0011057579517008529,12654000.0
2022-01-04,12654000.0,283735.0,1814.0,80.0,12842285.714285715,12929100.0,7413.183943085372,61169.660370785925,35.67493112947659,13126803.962710274,12698996.037289726,-0.0011057579517008529,-0.022943058942646543,0.00808106212417286,0.012831936311788373,-0.010990847018020163,-0.007993592832415023,-0.007364129981281156,-0.010098741927380075,-0.009623796923307075,0.0,-0.002855711430158667,0.07591109840767475,0.0,-0.004804720960495083,-0.011317443711787006,-0.0017130253953705572,0.0,12654000.0
2022-01-05,12654000.0,283735.0,1824.5999755859373,80.80000305175781,12810285.714285715,12931266.666666666,-8634.941191602498,47208.74005830825,24.188311688311686,13137138.340892576,12656161.659107424,0.0,0.0,0.005826419855790741,0.009950368622447272,-0.0011057579517008529,-0.022943058942646543,0.00808106212417286,-0.010990847018020163,-0.007993592832415023,-0.007364129981281156,-0.010098741927380075,-0.009623796923307075,0.0,0.0003883344384943299,0.004663746202466602,0.00116075276468448,-0.07522712560670564,11737000.0
2022-01-08,11737000.0,273750.0,1824.5999755859373,80.80000305175781,12633428.57142857,12902866.666666666,-94260.85186759196,18914.821673128205,7.733333333333334,13408391.529110363,12266408.470889637,-0.07522712560670564,-0.03582542283145784,0.0,0.0,0.0,0.0,0.005826419855790741,-0.0011057579517008529,-0.022943058942646543,0.00808106212417286,-0.010990847018020163,-0.007993592832415023,-0.007364129981281156,0.0075039999359604904,0.005346617306471907,-0.0028213310498175362,0.020826181656876774,11984000.0
2022-01-09,11984000.0,278820.0,1824.5999755859373,80.80000305175781,12491857.142857144,12867533.333333334,-140568.77787450515,-12981.898236398467,20.138488170802077,13468016.02434761,12106083.97565239,0.020826181656876774,0.01835113119423142,0.0,0.0,-0.07522712560670564,-0.03582542283145784,0.0,0.0,0.0,0.005826419855790741,-0.0011057579517008529,-0.022943058942646543,0.00808106212417286,0.0,-0.08500727674739085,0.004201441162821637,0.02227998752859915,12254000.0
2022-01-10,12254000.0,280380.0,1798.4000244140625,80.87000274658203,12394142.857142856,12836200.0,-153709.53155086748,-41127.42489929227,30.903644533200207,13463684.14211714,12036715.85788286,0.02227998752859915,0.005579413615447744,-0.0144633772560656,0.0008659577743298922,0.020826181656876774,0.01835113119423142,0.0,-0.07522712560670564,-0.03582542283145784,0.0,0.0,0.0,0.005826419855790741,-0.002855711430158667,0.07591109840767475,0.0,-0.011903436531233587,12109000.0
2022-01-11,12109000.0,277090.0,1818.5999755859373,83.72000122070312,12294285.714285715,12800866.666666666,-173820.2698266413,-67665.99388476208,29.364326375711585,13482678.723605346,11947121.276394654,-0.011903436531233587,-0.011803462777500447,0.011169566592358682,0.034634951087922874,0.02227998752859915,0.005579413615447744,-0.0144633772560656,0.020826181656876774,0.01835113119423142,0.0,-0.07522712560670564,-0.03582542283145784,0.0,-0.010098741927380075,-0.009623796923307075,0.0,0.013615695908354986,12275000.0
2022-01-12,12275000.0,279600.0,1827.199951171875,84.66999816894531,12238142.857142856,12773533.333333334,-174353.52323556133,-89003.49975492194,35.201793721973104,13474245.785525233,11896854.214474767,0.013615695908354986,0.009017647196765758,0.004717752871602087,0.011283413869825253,-0.011903436531233587,-0.011803462777500447,0.011169566592358682,0.02227998752859915,0.005579413615447744,-0.0144633772560656,0.020826181656876774,0.01835113119423142,0.0,-0.010990847018020163,-0.007993592832415023,-0.007364129981281156,0.0,12275000.0
2022-01-13,12275000.0,266620.0,1821.199951171875,84.47000122070312,12184000.0,12747133.333333334,-172784.37963018008,-105759.67572997356,36.208487084870846,13447655.020853221,11853744.979146779,0.0,-0.047535586674124324,-0.0032891160891035773,-0.0023648698376802176,0.013615695908354986,0.009017647196765758,0.004717752871602087,-0.011903436531233587,-0.011803462777500447,0.011169566592358682,0.02227998752859915,0.005579413615447744,-0.0144633772560656,-0.0011057579517008529,-0.022943058942646543,0.00808106212417286,-0.024576529715214575,11977000.0
2022-01-15,11977000.0,275080.0,1821.199951171875,84.47000122070312,12087285.714285715,12710800.0,-193358.02062732726,-123279.34470944431,31.694433157253144,13431849.186155641,11766750.813844359,-0.024576529715214575,0.031237540766104466,0.0,0.0,0.0,-0.047535586674124324,-0.0032891160891035773,0.013615695908354986,0.009017647196765758,0.004717752871602087,-0.011903436531233587,-0.011803462777500447,0.011169566592358682,0.0,0.0,0.005826419855790741,-0.010238424448000912,11855000.0
2022-01-16,11855000.0,273030.0,1821.199951171875,84.47000122070312,12104142.857142856,12674866.666666666,-217005.65365213156,-142024.60649798176,27.47385358004827,13411973.22178435,11670226.77821565,-0.010238424448000912,-0.007480285194261357,0.0,0.0,-0.024576529715214575,0.031237540766104466,0.0,0.0,-0.047535586674124324,-0.0032891160891035773,0.013615695908354986,0.009017647196765758,0.004717752871602087,-0.07522712560670564,-0.03582542283145784,0.0,0.005216232591300345,11917000.0
2022-01-17,11917000.0,273430.0,1821.199951171875,84.47000122070312,12094571.42857143,12643166.666666666,-228114.13361570053,-159242.51192152553,29.238618524332807,13368924.327686723,11603075.672313277,0.005216232591300345,0.0014639683469609176,0.0,0.0,-0.010238424448000912,-0.007480285194261357,0.0,-0.024576529715214575,0.031237540766104466,0.0,0.0,-0.047535586674124324,-0.0032891160891035773,0.020826181656876774,0.01835113119423142,0.0,0.01523950049402621,12100000.0
2022-01-18,12100000.0,274740.0,1812.300048828125,87.51000213623047,12072571.42857143,12613866.666666666,-219619.4767938163,-171317.9048959837,34.44691907943579,13309011.17195882,11575088.82804118,0.01523950049402621,0.004779548292724139,-0.004898813894231101,0.03535664076828549,0.005216232591300345,0.0014639683469609176,0.0,-0.010238424448000912,-0.007480285194261357,0.0,-0.024576529715214575,0.031237540766104466,0.0,0.02227998752859915,0.005579413615447744,-0.0144633772560656,0.006589809679055583,12180000.0
2022-01-19,12180000.0,275140.0,1843.0999755859373,88.44000244140625,12082714.285714285,12589133.333333334,-204079.56644283794,-177870.23720535456,38.12405446293494,13246274.146371428,11562325.853628572,0.006589809679055583,0.001454863135790337,0.01685213955594842,0.01057128663545987,0.01523950049402621,0.004779548292724139,-0.004898813894231101,0.005216232591300345,0.0014639683469609176,0.0,-0.010238424448000912,-0.007480285194261357,0.0,-0.011903436531233587,-0.011803462777500447,0.011169566592358682,0.0,12180000.0
2022-01-20,12180000.0,275250.0,1842.5,88.37999725341797,12069142.857142856,12562100.0,-189578.7299405858,-180211.9357524008,40.2555910543131,13187090.234416014,11552209.765583986,0.0,0.0003997165699398631,-0.0003255782478899052,-0.0006787149688418971,0.006589809679055583,0.001454863135790337,0.01685213955594842,0.01523950049402621,0.004779548292724139,-0.004898813894231101,0.005216232591300345,0.0014639683469609176,0.0,0.013615695908354986,0.009017647196765758,0.004717752871602087,0.013779825853934469,12349000.0
2022-01-22,12349000.0,277690.0,1842.5,88.37999725341797,12079714.285714285,12540700.0,-162575.7528526038,-176684.6991724414,44.26476118841669,13124831.923067307,11561568.076932693,0.013779825853934469,0.008825607978762641,0.0,0.0,0.0,0.0003997165699398631,-0.0003255782478899052,0.006589809679055583,0.001454863135790337,0.01685213955594842,0.01523950049402621,0.004779548292724139,-0.004898813894231101,0.0,-0.047535586674124324,-0.0032891160891035773,0.00541087530517759,12416000.0
2022-01-23,12416000.0,279650.0,1842.5,88.37999725341797,12142428.57142857,12527400.0,-134222.12974546663,-168192.18528704648,45.63462949376376,13039638.63515163,11590861.36484837,0.00541087530517759,0.007033437686044913,0.0,0.0,0.013779825853934469,0.008825607978762641,0.0,0.0,0.0003997165699398631,-0.0003255782478899052,0.006589809679055583,0.001454863135790337,0.01685213955594842,-0.024576529715214575,0.031237540766104466,0.0,-0.0015314555848531097,12397000.0
2022-01-24,12397000.0,277790.0,1841.699951171875,86.2699966430664,12219857.142857144,12511900.0,-111993.8252627179,-156952.51328218076,68.05251641137855,12942850.859822262,11629849.140177738,-0.0015314555848531097,-0.006673388715495798,-0.0004343134744608853,-0.024163794449089393,0.00541087530517759,0.007033437686044913,0.0,0.013779825853934469,0.008825607978762641,0.0,0.0,0.0003997165699398631,-0.0003255782478899052,-0.010238424448000912,-0.007480285194261357,0.0,-0.0012914684174553884,12381000.0
2022-01-25,12381000.0,278580.0,1852.699951171875,88.19999694824219,12286142.857142856,12492200.0,-94578.55736013502,-144477.72209777162,62.42955541640576,12841778.754338916,11675221.245661084,-0.0012914684174553884,0.002839838707784129,0.005954976611818967,0.02212505423577585,-0.0015314555848531097,-0.006673388715495798,-0.0004343134744608853,0.00541087530517759,0.007033437686044913,0.0,0.013779825853934469,0.008825607978762641,0.0,0.005216232591300345,0.0014639683469609176,0.0,-0.00461445870413292,12324000.0
2022-01-26,12324000.0,277900.0,1829.9000244140625,89.95999908447266,12318142.857142856,12469500.0,-84403.30692523159,-132462.83906326361,52.52890173410405,12758783.545474675,11709816.454525325,-0.00461445870413292,-0.0024439345114273484,-0.01238267432546163,0.019758188501749395,-0.0012914684174553884,0.002839838707784129,0.005954976611818967,-0.0015314555848531097,-0.006673388715495798,-0.0004343134744608853,0.00541087530517759,0.007033437686044913,0.0,0.01523950049402621,0.004779548292724139,-0.004898813894231101,0.0,12324000.0
2022-01-27,12324000.0,277710.0,1793.300048828125,89.33999633789062,12338714.285714285,12446333.333333334,-75469.38357110135,-121064.14796483117,58.67635189669088,12702828.492494576,11731371.507505424,0.0,-0.0006839330012283926,-0.02020380869292505,-0.006915841980796554,-0.00461445870413292,-0.0024439345114273484,-0.01238267432546163,-0.0012914684174553884,0.002839838707784129,0.005954976611818967,-0.0015314555848531097,-0.006673388715495798,-0.0004343134744608853,0.006589809679055583,0.001454863135790337,0.01685213955594842,-0.0038209875357186327,12277000.0
2022-01-29,12277000.0,278820.0,1793.300048828125,89.33999633789062,12352571.42857143,12421600.0,-71359.10876577348,-111123.14012501964,50.08928571428571,12639844.65814847,11756655.34185153,-0.0038209875357186327,0.003989008577712413,0.0,0.0,0.0,-0.0006839330012283926,-0.02020380869292505,-0.00461445870413292,-0.0024439345114273484,-0.01238267432546163,-0.0012914684174553884,0.002839838707784129,0.005954976611818967,0.0,0.0003997165699398631,-0.0003255782478899052,-0.009000224393390861,12167000.0
2022-01-30,12167000.0,276910.0,1793.300048828125,89.33999633789062,12326571.42857143,12394533.333333334,-76100.52755059488,-104118.61761013468,45.609756097560975,12559888.219073016,11787911.780926984,-0.009000224393390861,-0.006873868679503834,0.0,0.0,-0.0038209875357186327,0.003989008577712413,0.0,0.0,-0.0006839330012283926,-0.02020380869292505,-0.00461445870413292,-0.0024439345114273484,-0.01238267432546163,0.013779825853934469,0.008825607978762641,0.0,0.00016436554935104483,12169000.0
2022-01-31,12169000.0,274600.0,1795.0,91.20999908447266,12291285.714285715,12369000.0,-78788.527709065,-99052.59962992075,60.27837259100642,12522366.784389058,11868633.215610942,0.00016436554935104483,-0.008377050311567538,0.0009474967399160674,0.020715255221221474,-0.009000224393390861,-0.006873868679503834,0.0,-0.0038209875357186327,0.003989008577712413,0.0,0.0,-0.0006839330012283926,-0.02020380869292505,0.00541087530517759,0.007033437686044913,0.0,-0.006678509384224601,12088000.0
2022-02-01,12088000.0,272540.0,1800.300048828125,89.16000366210938,12247142.857142856,12342833.333333334,-86458.17424109578,-96533.71455215575,63.045912653975364,12516522.135153051,11884877.864846949,-0.006678509384224601,-0.0075301010121959465,0.002948322863412963,-0.022731980563366935,0.00016436554935104483,-0.008377050311567538,0.0009474967399160674,-0.009000224393390861,-0.006873868679503834,0.0,-0.0038209875357186327,0.003989008577712413,0.0,-0.0015314555848531097,-0.006673388715495798,-0.0004343134744608853,0.001735752801790876,12109000.0
2022-02-02,12109000.0,272810.0,1809.199951171875,89.47000122070312,12208285.714285715,12317200.0,-89806.66455261782,-95188.30455224817,61.267605633802816,12510773.991827713,11876126.008172287,0.001735752801790876,0.0009901898672804255,0.0049313868291021275,0.003470837612095314,-0.006678509384224601,-0.0075301010121959465,0.002948322863412963,0.00016436554935104483,-0.008377050311567538,0.0009474967399160674,-0.009000224393390861,-0.006873868679503834,0.0,-0.0012914684174553884,0.002839838707784129,0.005954976611818967,0.0,12109000.0
2022-02-03,12109000.0,272650.0,1803.0,91.11000061035156,12177571.42857143,12288333.333333334,-91406.68785022013,-94431.98121184256,50.672645739910315,12510773.991827713,11876126.008172287,0.0,-0.0005866608168846482,-0.0034327874115770577,0.018164187221610527,0.001735752801790876,0.0009901898672804255,0.0049313868291021275,-0.006678509384224601,-0.0075301010121959465,0.002948322863412963,0.00016436554935104483,-0.008377050311567538,0.0009474967399160674,-0.00461445870413292,-0.0024439345114273484,-0.01238267432546163,-0.02178990080673155,11848000.0
2022-02-05,11848000.0,267600.0,1803.0,91.11000061035156,12109571.42857143,12250766.666666666,-112439.10852098651,-98033.40667367136,30.470588235294116,12522097.834579768,11822102.165420232,-0.02178990080673155,-0.01869559311799716,0.0,0.0,0.0,-0.0005866608168846482,-0.0034327874115770577,0.001735752801790876,0.0009901898672804255,0.0049313868291021275,-0.006678509384224601,-0.0075301010121959465,0.002948322863412963,0.0,-0.0006839330012283926,-0.02020380869292505,-0.006095514978977286,11776000.0
2022-02-06,11776000.0,264600.0,1803.0,91.11000061035156,12038000.0,12212033.333333334,-133379.73316593654,-105102.6719721244,28.091106290672442,12535323.740265334,11758976.259734666,-0.006095514978977286,-0.011274076573218108,0.0,0.0,-0.02178990080673155,-0.01869559311799716,0.0,0.0,-0.0005866608168846482,-0.0034327874115770577,0.001735752801790876,0.0009901898672804255,0.0049313868291021275,-0.0038209875357186327,0.003989008577712413,0.0,-0.018945318260176418,11555000.0
2022-02-07,11555000.0,260520.0,1820.5999755859373,92.69000244140624,11950571.42857143,12170266.666666666,-165895.83813658543,-117261.30520501662,9.240246406570847,12591376.359722542,11660723.640277458,-0.018945318260176418,-0.01553961800265455,0.009714159457971766,0.017193043802389937,-0.006095514978977286,-0.011274076573218108,0.0,-0.02178990080673155,-0.01869559311799716,0.0,0.0,-0.0005866608168846482,-0.0034327874115770577,-0.009000224393390861,-0.006873868679503834,0.0,0.008702825166559654,11656000.0
2022-02-08,11656000.0,262240.0,1826.5999755859373,90.77999877929688,11877285.714285715,12136533.333333334,-181423.88803510927,-130093.82177103515,12.301587301587304,12613251.845913034,11618948.154086966,0.008702825166559654,0.006580481317318705,0.003290198230438897,-0.020821634645728528,-0.018945318260176418,-0.01553961800265455,0.009714159457971766,-0.006095514978977286,-0.011274076573218108,0.0,-0.02178990080673155,-0.01869559311799716,0.0,0.00016436554935104483,-0.008377050311567538,0.0009474967399160674,-0.001717328259948525,11636000.0
2022-02-09,11636000.0,262320.0,1835.199951171875,91.5500030517578,11812714.285714285,12102600.0,-193117.67199509032,-142698.5918158462,12.289395441030734,12637315.197429225,11566784.802570775,-0.001717328259948525,0.0003050175408733631,0.004697138876945588,0.008446320873357439,0.008702825166559654,0.006580481317318705,0.003290198230438897,-0.018945318260176418,-0.01553961800265455,0.009714159457971766,-0.006095514978977286,-0.011274076573218108,0.0,-0.006678509384224601,-0.0075301010121959465,0.002948322863412963,0.0,11636000.0
2022-02-10,11636000.0,262270.0,1836.199951171875,91.41000366210938,11745142.857142856,12068666.666666666,-200078.69735410623,-154174.6129234982,12.487411883182276,12653278.87883715,11504421.12116285,0.0,-0.00019062506014752678,0.0005447513489833872,-0.0015303827266624358,-0.001717328259948525,0.0003050175408733631,0.004697138876945588,0.008702825166559654,0.006580481317318705,0.003290198230438897,-0.018945318260176418,-0.01553961800265455,0.009714159457971766,0.001735752801790876,0.0009901898672804255,0.0049313868291021275,0.04536306048637476,12176000.0
2022-02-12,12176000.0,268670.0,1836.199951171875,91.41000366210938,11754714.285714285,12083300.0,-160175.46995898522,-155374.7843305956,44.986449864498645,12652933.361196691,11504366.638803309,0.04536306048637476,0.024109353233198738,0.0,0.0,0.0,-0.00019062506014752678,0.0005447513489833872,-0.001717328259948525,0.0003050175408733631,0.004697138876945588,0.008702825166559654,0.006580481317318705,0.003290198230438897,0.0,-0.0005866608168846482,-0.0034327874115770577,-0.006674657057339455,12095000.0
2022-02-13,12095000.0,269153.0,1836.199951171875,91.41000366210938,11790000.0,12087000.0,-133548.4345929064,-151009.51438305777,42.6461143224149,12646780.219600113,11502019.780399887,-0.006674657057339455,0.001796130436407155,0.0,0.0,0.04536306048637476,0.024109353233198738,0.0,0.0,-0.00019062506014752678,0.0005447513489833872,-0.001717328259948525,0.0003050175408733631,0.004697138876945588,-0.02178990080673155,-0.01869559311799716,0.0,-0.0159092654689044,11904100.0
2022-02-16,11904100.0,262430.0,1870.199951171875,94.80999755859376,11808300.0,12075336.666666666,-126393.36774377897,-146086.28505520202,39.03815627020989,12614086.055801053,11490223.944198947,-0.0159092654689044,-0.025295611342717093,0.018347158775184863,0.03651994145116778,-0.006674657057339455,0.001796130436407155,0.0,0.04536306048637476,0.024109353233198738,0.0,0.0,-0.00019062506014752678,0.0005447513489833872,-0.006095514978977286,-0.011274076573218108,0.0,-0.014733215927702084,11730000.0
2022-02-19,11730000.0,254170.0,1870.199951171875,94.80999755859376,11833300.0,12062703.333333334,-133235.4849674683,-143516.1250376553,37.62039660056657,12569934.664255269,11465775.335744731,-0.014733215927702084,-0.03198104532157628,0.0,0.0,-0.0159092654689044,-0.025295611342717093,0.018347158775184863,-0.006674657057339455,0.001796130436407155,0.0,0.04536306048637476,0.024109353233198738,0.0,-0.018945318260176418,-0.01553961800265455,0.009714159457971766,0.001618467920051538,11749000.0
2022-02-20,11749000.0,257920.0,1870.199951171875,94.80999755859376,11846585.714285715,12045170.0,-135562.09549922124,-141925.31912996847,38.21548821548822,12519614.185715467,11451295.814284533,0.001618467920051538,0.014646124836705816,0.0,0.0,-0.014733215927702084,-0.03198104532157628,0.0,-0.0159092654689044,-0.025295611342717093,0.018347158775184863,-0.006674657057339455,0.001796130436407155,0.0,0.008702825166559654,0.006580481317318705,0.003290198230438897,0.01150897022672161,11885000.0
2022-02-21,11885000.0,260570.0,1870.199951171875,94.80999755859376,11882157.142857144,12032170.0,-124991.06847424991,-138538.46899882477,44.47468698965705,12462574.102204625,11458735.897795375,0.01150897022672161,0.01022207978953087,0.0,0.0,0.001618467920051538,0.014646124836705816,0.0,-0.014733215927702084,-0.03198104532157628,0.0,-0.0159092654689044,-0.025295611342717093,0.018347158775184863,-0.001717328259948525,0.0003050175408733631,0.004697138876945588,0.0019333423413727458,11908000.0
2022-02-22,11908000.0,259490.0,1906.0999755859373,96.83999633789062,11921014.285714285,12029870.0,-113449.7673182264,-133520.7286627051,44.53507340946167,12411968.587915808,11467741.412084192,0.0019333423413727458,-0.004153372889840138,0.019013906033800407,0.021185231074421634,0.01150897022672161,0.01022207978953087,0.0,0.001618467920051538,0.014646124836705816,0.0,-0.014733215927702084,-0.03198104532157628,0.0,0.0,-0.00019062506014752678,0.0005447513489833872,0.032470116733118,12301000.0
2022-02-23,12301000.0,261550.0,1909.199951171875,96.83999633789062,11938871.42857143,12044736.666666666,-71764.13516101986,-121169.40996236807,54.30107526881721,12406975.113120735,11470434.886879265,0.032470116733118,0.007907303598665922,0.0016250236299235957,0.0,0.0019333423413727458,-0.004153372889840138,0.019013906033800407,0.01150897022672161,0.01022207978953087,0.0,0.001618467920051538,0.014646124836705816,0.0,0.04536306048637476,0.024109353233198738,0.0,0.0,12301000.0
2022-02-24,12301000.0,261440.0,1925.0999755859373,99.08000183105467,11968300.0,12057536.666666666,-38286.62694484927,-104592.85335886432,61.49162861491628,12411933.239454066,11467876.760545934,0.0,-0.00042065814498196255,0.008293621186042321,0.02286752884795152,0.032470116733118,0.007907303598665922,0.0016250236299235957,0.0019333423413727458,-0.004153372889840138,0.019013906033800407,0.01150897022672161,0.01022207978953087,0.0,-0.006674657057339455,0.001796130436407155,0.0,-0.02302543956453072,12021000.0
2022-02-26,12021000.0,259850.0,1925.0999755859373,99.08000183105467,11985000.0,12054903.333333334,-33957.67746557109,-90465.81818020568,55.62184488297384,12394247.169354487,11470962.830645513,-0.02302543956453072,-0.00610027021718716,0.0,0.0,0.0,-0.00042065814498196255,0.008293621186042321,0.032470116733118,0.007907303598665922,0.0016250236299235957,0.0019333423413727458,-0.004153372889840138,0.019013906033800407,-0.0159092654689044,-0.025295611342717093,0.018347158775184863,0.0007484096644704017,12030000.0
2022-02-27,12030000.0,259790.0,1925.0999755859373,99.08000183105467,12027857.142857144,12049903.333333334,-29461.1195833385,-78264.87846083225,62.07422470767666,12376368.172766522,11474941.827233478,0.0007484096644704017,-0.00023092910579104611,0.0,0.0,-0.02302543956453072,-0.00610027021718716,0.0,0.0,-0.00042065814498196255,0.008293621186042321,0.032470116733118,0.007907303598665922,0.0016250236299235957,-0.014733215927702084,-0.03198104532157628,0.0,0.0,12030000.0
2022-02-28,12030000.0,259650.0,1899.4000244140625,100.98999786376952,12068000.0,12044903.333333334,-25602.43611910194,-67732.38999248619,60.02143622722401,12369801.44984139,11475708.55015861,0.0,-0.0005390420583317747,-0.013439842080190367,0.019093857783847618,0.0007484096644704017,-0.00023092910579104611,0.0,-0.02302543956453072,-0.00610027021718716,0.0,0.0,-0.00042065814498196255,0.008293621186042321,0.001618467920051538,0.014646124836705816,0.0,-0.0024968801985871545,12000000.0
2022-03-02,12000000.0,256070.0,1920.9000244140625,112.93000030517578,12084428.57142857,12033270.0,-24680.647808156908,-59122.04155562034,59.701492537313435,12357394.835207123,11477215.164792877,-0.0024968801985871545,-0.0138837256879853,0.01125577924014834,0.1117466795523494,0.0,-0.0005390420583317747,-0.013439842080190367,0.0007484096644704017,-0.00023092910579104611,0.0,-0.02302543956453072,-0.00610027021718716,0.0,0.01150897022672161,0.01022207978953087,0.0,0.0,12000000.0
2022-03-03,12000000.0,256150.0,1934.4000244140625,110.45999908447266,12097571.42857143,12019403.333333334,-23677.188045358285,-52033.07085356793,59.701492537313435,12344587.563454248,11479122.436545752,0.0,0.0003123657828685119,0.007003374578962224,-0.022114704253197687,-0.0024968801985871545,-0.0138837256879853,0.01125577924014834,0.0,-0.0005390420583317747,-0.013439842080190367,0.0007484096644704017,-0.00023092910579104611,0.0,0.0019333423413727458,-0.004153372889840138,0.019013906033800407,-0.0028373548201602763,11966000.0
2022-03-05,11966000.0,254400.0,1934.4000244140625,110.45999908447266,12049714.285714285,12005036.666666666,-25333.426828972995,-46693.142048648944,42.33576642335766,12350039.265513478,11485470.734486522,-0.0028373548201602763,-0.006855378919244247,0.0,0.0,0.0,0.0003123657828685119,0.007003374578962224,-0.0024968801985871545,-0.0138837256879853,0.01125577924014834,0.0,-0.0005390420583317747,-0.013439842080190367,0.032470116733118,0.007907303598665922,0.0016250236299235957,0.009978462971526676,12086000.0
2022-03-06,12086000.0,258110.0,1934.4000244140625,110.45999908447266,12019000.0,11995203.333333334,-16769.700214095414,-40708.45368173824,49.68062455642299,12366368.066433916,11500141.933566084,0.009978462971526676,0.014478019180653235,0.0,0.0,-0.0028373548201602763,-0.006855378919244247,0.0,0.0,0.0003123657828685119,0.007003374578962224,-0.0024968801985871545,-0.0138837256879853,0.01125577924014834,0.0,-0.00042065814498196255,0.008293621186042321,0.03215972999694987,12481000.0
2022-03-07,12481000.0,260380.0,1993.9000244140625,123.20999908447266,12084714.285714285,12000436.666666666,21640.85140968673,-28238.592663453248,67.8817184303515,12439557.711548073,11519552.288451927,0.03215972999694987,0.00875625182263078,0.030295318575702043,0.10923675302122576,0.009978462971526676,0.014478019180653235,0.0,-0.0028373548201602763,-0.006855378919244247,0.0,0.0,0.0003123657828685119,0.007003374578962224,-0.02302543956453072,-0.00610027021718716,0.0,-0.019661622895967828,12238000.0
2022-03-08,12238000.0,257590.0,2040.0999755859373,127.9800033569336,12114428.57142857,11997570.0,32103.35366296582,-16170.203398169437,65.10107015457788,12455934.879293775,11561375.120706225,-0.019661622895967828,-0.01077292886833977,0.022906282220361975,0.03798381873550438,0.03215972999694987,0.00875625182263078,0.030295318575702043,0.009978462971526676,0.014478019180653235,0.0,-0.0028373548201602763,-0.006855378919244247,0.0,0.0007484096644704017,-0.00023092910579104611,0.0,-0.004914819853966446,12178000.0
2022-03-09,12178000.0,256810.0,1985.9000244140625,111.13999938964844,12135571.42857143,11994270.0,35148.29584245384,-5906.503550044782,62.4492164828787,12452610.246742612,11618899.753257388,-0.004914819853966446,-0.0030326617333099716,-0.026926590113771492,-0.14108336558141701,-0.019661622895967828,-0.01077292886833977,0.022906282220361975,0.03215972999694987,0.00875625182263078,0.030295318575702043,0.009978462971526676,0.014478019180653235,0.0,0.0,-0.0005390420583317747,-0.013439842080190367,0.0,12178000.0
2022-03-10,12178000.0,256960.0,1998.0999755859373,109.33000183105467,12161000.0,11994636.666666666,37133.38392219506,2701.4739444031866,59.231253938248265,12438744.342479238,11686965.657520762,0.0,0.0005839188907956468,0.006124492623627081,-0.016419814165683826,-0.004914819853966446,-0.0030326617333099716,-0.026926590113771492,-0.019661622895967828,-0.01077292886833977,0.022906282220361975,0.03215972999694987,0.00875625182263078,0.030295318575702043,-0.0024968801985871545,-0.0138837256879853,0.01125577924014834,0.016774271660988938,12384000.0
2022-03-12,12384000.0,264360.0,1998.0999755859373,109.33000183105467,12215857.142857144,12001803.333333334,54698.52832743712,13100.884821009975,63.44632768361582,12473073.355993662,11673436.644006338,0.016774271660988938,0.02839137984385516,0.0,0.0,0.0,0.0005839188907956468,0.006124492623627081,-0.004914819853966446,-0.0030326617333099716,-0.026926590113771492,-0.019661622895967828,-0.01077292886833977,0.022906282220361975,0.0,0.0003123657828685119,0.007003374578962224,-0.006724756960723372,12301000.0
2022-03-13,12301000.0,262760.0,1998.0999755859373,109.33000183105467,12263714.285714285,12008903.333333334,61215.96592895128,22723.901042598238,50.0,12496141.973159663,11670968.026840337,-0.006724756960723372,-0.006070742577979907,0.0,0.0,0.016774271660988938,0.02839137984385516,0.0,0.0,0.0005839188907956468,0.006124492623627081,-0.004914819853966446,-0.0030326617333099716,-0.026926590113771492,-0.0028373548201602763,-0.006855378919244247,0.0,-0.004889586793272497,12241000.0
2022-03-14,12241000.0,263680.0,1959.5999755859373,106.9000015258789,12285857.142857144,12013303.333333334,60838.27782838419,30346.776399755432,48.026315789473685,12509633.635495732,11691166.364504268,-0.004889586793272497,0.0034951786968347716,-0.01945635848172512,-0.02247701588946509,-0.006724756960723372,-0.006070742577979907,0.0,0.016774271660988938,0.02839137984385516,0.0,0.0,0.0005839188907956468,0.006124492623627081,0.009978462971526676,0.014478019180653235,0.0,-0.006885837519718538,12157000.0
2022-03-15,12157000.0,263770.0,1928.5,99.91000366210938,12239571.42857143,12014903.333333334,53148.1999395825,34907.061107720845,55.135951661631424,12492349.44329211,11751150.55670789,-0.006885837519718538,0.00034126457815325875,-0.015997859657440116,-0.06762401490588107,-0.004889586793272497,0.0034951786968347716,-0.01945635848172512,-0.006724756960723372,-0.006070742577979907,0.0,0.016774271660988938,0.02839137984385516,0.0,0.03215972999694987,0.00875625182263078,0.030295318575702043,0.010962151659186813,12291000.0
2022-03-16,12291000.0,262240.0,1908.0,98.0199966430664,12247142.857142856,12029670.0,57206.99133793451,39367.04715376358,59.006211180124225,12482063.555672951,11815636.444327049,0.010962151659186813,-0.00581739630374054,-0.010686925640050688,-0.019098312165043246,-0.006885837519718538,0.00034126457815325875,-0.015997859657440116,-0.004889586793272497,0.0034951786968347716,-0.01945635848172512,-0.006724756960723372,-0.006070742577979907,0.0,-0.019661622895967828,-0.01077292886833977,0.022906282220361975,0.0,12291000.0
2022-03-17,12291000.0,262300.0,1942.0999755859373,106.63999938964844,12263285.714285715,12046836.666666666,59735.024583503604,43440.64263971159,59.006211180124225,12483624.181017006,11854675.818982994,0.0,0.00022877187730834615,0.017714276252213113,0.08428716491301078,0.010962151659186813,-0.00581739630374054,-0.010686925640050688,-0.006885837519718538,0.00034126457815325875,-0.015997859657440116,-0.004889586793272497,0.0034951786968347716,-0.01945635848172512,-0.004914819853966446,-0.0030326617333099716,-0.026926590113771492,0.003273458286700444,12331300.0
2022-03-18,12331300.0,262520.0,1928.199951171875,107.93000030517578,12285185.714285715,12072713.333333334,64249.75120515004,47602.464352799274,61.35133283080929,12487275.286375487,11893354.713624513,0.003273458286700444,0.0008383827326940233,-0.007182949353329375,0.012024201517812836,0.0,0.00022877187730834615,0.017714276252213113,0.010962151659186813,-0.00581739630374054,-0.010686925640050688,-0.006885837519718538,0.00034126457815325875,-0.015997859657440116,0.0,0.0005839188907956468,0.006124492623627081,0.009660195450731242,12451000.0
2022-03-26,12451000.0,262740.0,1928.199951171875,107.93000030517578,12294757.142857144,12099213.333333334,76603.45723401569,53402.66292904256,64.28119062697911,12513530.129924364,11882099.870075636,0.009660195450731242,0.0008376804358399625,0.0,0.0,0.003273458286700444,0.0008383827326940233,-0.007182949353329375,0.0,0.00022877187730834615,0.017714276252213113,0.010962151659186813,-0.00581739630374054,-0.010686925640050688,0.016774271660988938,0.02839137984385516,0.0,-0.00024097353423969343,12448000.0
2022-03-27,12448000.0,266450.0,1928.199951171875,107.93000030517578,12315757.142857144,12126280.0,85169.99663288146,59756.12966981034,65.5684754521964,12537406.556227108,11872923.443772892,-0.00024097353423969343,0.014021658701429329,0.0,0.0,0.009660195450731242,0.0008376804358399625,0.0,0.003273458286700444,0.0008383827326940233,-0.007182949353329375,0.0,0.00022877187730834615,0.017714276252213113,-0.006724756960723372,-0.006070742577979907,0.0,0.003688561635342281,12494000.0
2022-03-28,12494000.0,270430.0,1939.5999755859373,112.4800033569336,12351900.0,12154880.0,94580.59021737427,66721.02177932313,63.83989145183175,12572984.054390427,11884645.945609573,0.003688561635342281,0.014826676017444865,0.005894853736917868,0.04129258624228054,-0.00024097353423969343,0.014021658701429329,0.0,0.009660195450731242,0.0008376804358399625,0.0,0.003273458286700444,0.0008383827326940233,-0.007182949353329375,-0.004889586793272497,0.0034951786968347716,-0.01945635848172512,0.006144044861315885,12571000.0
2022-03-29,12571000.0,270500.0,1912.0,110.2300033569336,12411042.857142856,12168046.666666666,107018.17105744779,74780.45163494805,53.89273356401384,12618770.73678226,11892959.26321774,0.006144044861315885,0.0002588135263001373,-0.014331939032686845,-0.020206335477944353,0.003688561635342281,0.014826676017444865,0.005894853736917868,-0.00024097353423969343,0.014021658701429329,0.0,0.009660195450731242,0.0008376804358399625,0.0,-0.006885837519718538,0.00034126457815325875,-0.015997859657440116,0.0005566821886176604,12578000.0
2022-03-30,12578000.0,271260.0,1933.5,113.4499969482422,12452042.857142856,12184146.666666666,116101.53871212341,83044.66905038313,68.47826086956522,12656957.382779432,11909572.617220568,0.0005566821886176604,0.0028056722480325714,0.011182017436005276,0.02879306189714107,0.006144044861315885,0.0002588135263001373,-0.014331939032686845,0.003688561635342281,0.014826676017444865,0.005894853736917868,-0.00024097353423969343,0.014021658701429329,0.0,0.010962151659186813,-0.00581739630374054,-0.010686925640050688,0.0,12578000.0
2022-03-31,12578000.0,271140.0,1949.199951171875,107.91000366210938,12493042.857142856,12206610.0,121895.04284370877,90814.74380904828,73.25581395348837,12683008.68830802,11941321.31169198,0.0,-0.0004424778833254265,0.00808717487165785,-0.050064604013924006,0.0005566821886176604,0.0028056722480325714,0.011182017436005276,0.006144044861315885,0.0002588135263001373,-0.014331939032686845,0.003688561635342281,0.014826676017444865,0.005894853736917868,0.0,0.00022877187730834615,0.017714276252213113,0.01420926969845191,12758000.0
2022-04-03,12758000.0,271950.0,1949.199951171875,107.91000366210938,12554000.0,12240876.666666666,139403.9700938817,100532.58906601497,77.88461538461539,12740971.532239318,11959158.467760682,0.01420926969845191,0.0029829332177263627,0.0,0.0,0.0,-0.0004424778833254265,0.00808717487165785,0.0005566821886176604,0.0028056722480325714,0.011182017436005276,0.006144044861315885,0.0002588135263001373,-0.014331939032686845,0.003273458286700444,0.0008383827326940233,-0.007182949353329375,0.014164763252990861,12940000.0
2022-04-04,12940000.0,277170.0,1929.199951171875,107.52999877929688,12623857.142857144,12280576.666666666,166051.65987571143,113636.40322795429,77.36220472440945,12828923.155859718,11968606.844140282,0.014164763252990861,0.019012810481793752,-0.010313623034230966,-0.0035277132621173986,0.01420926969845191,0.0029829332177263627,0.0,0.0,-0.0004424778833254265,0.00808717487165785,0.0005566821886176604,0.0028056722480325714,0.011182017436005276,0.009660195450731242,0.0008376804358399625,0.0,-0.010721880352942886,12802000.0
2022-04-05,12802000.0,273940.0,1922.9000244140625,106.63999938964844,12674428.57142857,12311143.333333334,174028.60588853434,125714.8437600703,73.38935574229691,12874197.599121729,11994932.400878271,-0.010721880352942886,-0.011721932044088343,-0.003270908031756635,-0.008311196903248585,0.014164763252990861,0.019012810481793752,-0.010313623034230966,0.01420926969845191,0.0029829332177263627,0.0,0.0,-0.0004424778833254265,0.00808717487165785,-0.00024097353423969343,0.014021658701429329,0.0,0.005919020396180153,12878000.0
2022-04-06,12878000.0,276030.0,1918.4000244140625,101.06999969482422,12729285.714285715,12343476.666666666,184357.79600241594,137443.43420853943,79.30082796688133,12936660.372245947,11972169.627754053,0.005919020396180153,0.007600451155704388,-0.0023429578535094993,-0.053645327079854956,-0.010721880352942886,-0.011721932044088343,-0.003270908031756635,0.014164763252990861,0.019012810481793752,-0.010313623034230966,0.01420926969845191,0.0029829332177263627,0.0,0.003688561635342281,0.014826676017444865,0.005894853736917868,0.0,12878000.0
2022-04-07,12878000.0,274830.0,1933.800048828125,100.58000183105467,12773142.857142856,12362710.0,190349.5227753725,148024.65192190604,85.94217347956132,12992539.936833004,11980290.063166996,0.0,-0.0043568307671525705,0.007995486299766241,-0.004859894118345002,0.005919020396180153,0.007600451155704388,-0.0023429578535094993,-0.010721880352942886,-0.011721932044088343,-0.003270908031756635,0.014164763252990861,0.019012810481793752,-0.010313623034230966,0.006144044861315885,0.0002588135263001373,-0.014331939032686845,0.025453689418242244,13210000.0
2022-04-09,13210000.0,279950.0,1933.800048828125,100.58000183105467,12863428.57142857,12393010.0,219359.00075674243,162291.52168887333,88.25978351373855,13116938.844732622,11959091.155267378,0.025453689418242244,0.018458291099675294,0.0,0.0,0.0,-0.0043568307671525705,0.007995486299766241,0.005919020396180153,0.007600451155704388,-0.0023429578535094993,-0.010721880352942886,-0.011721932044088343,-0.003270908031756635,0.0005566821886176604,0.0028056722480325714,0.011182017436005276,-0.0021218559037057432,13182000.0
2022-04-10,13182000.0,280580.0,1933.800048828125,100.58000183105467,12949714.285714285,12431710.0,237353.78834035993,177303.97501917064,86.24898291293735,13208347.577590853,11968082.422409147,-0.0021218559037057432,0.0022478734957239142,0.0,0.0,0.025453689418242244,0.018458291099675294,0.0,0.0,-0.0043568307671525705,0.007995486299766241,0.005919020396180153,0.007600451155704388,-0.0023429578535094993,0.0,-0.0004424778833254265,0.00808717487165785,0.004541333872126283,13242000.0
2022-04-11,13242000.0,281130.0,1944.300048828125,98.4800033569336,13018857.142857144,12472110.0,253533.70695042983,192549.9214054225,86.465924561544,13307888.121511191,11954341.878488809,0.004541333872126283,0.0019583065132156114,0.005415035915973611,-0.02109993298511359,-0.0021218559037057432,0.0022478734957239142,0.0,0.025453689418242244,0.018458291099675294,0.0,0.0,-0.0043568307671525705,0.007995486299766241,0.01420926969845191,0.0029829332177263627,0.0,-0.007123940700681328,13148000.0
2022-04-12,13148000.0,278170.0,1972.0999755859373,104.63999938964844,13048571.42857143,12509376.666666666,255822.43284776993,205204.423693892,78.4955028618152,13369003.801445175,11977926.198554825,-0.007123940700681328,-0.010584758218373054,0.014196912221042192,0.06067236591235525,0.004541333872126283,0.0019583065132156114,0.005415035915973611,-0.0021218559037057432,0.0022478734957239142,0.0,0.025453689418242244,0.018458291099675294,0.0,0.014164763252990861,0.019012810481793752,-0.010313623034230966,-0.00602664218707407,13069000.0
2022-04-13,13069000.0,277910.0,1981.0,108.77999877929688,13086714.285714285,12545010.0,248398.24450126663,213843.18785536694,73.90300230946882,13400518.023420969,12029211.976579031,-0.00602664218707407,-0.0009351173174589847,0.004502815262256247,0.03880160089703591,-0.007123940700681328,-0.010584758218373054,0.014196912221042192,0.004541333872126283,0.0019583065132156114,0.005415035915973611,-0.0021218559037057432,0.0022478734957239142,0.0,-0.010721880352942886,-0.011721932044088343,-0.003270908031756635,0.0,13069000.0
2022-04-14,13069000.0,277910.0,1970.9000244140625,111.6999969482422,13114000.0,12580643.333333334,239750.82349473238,219024.71498324006,72.94493216280927,13410271.670115286,12110658.329884714,0.0,0.0,-0.0051114641128363805,0.02648919598108184,-0.00602664218707407,-0.0009351173174589847,0.004502815262256247,-0.007123940700681328,-0.010584758218373054,0.014196912221042192,0.004541333872126283,0.0019583065132156114,0.005415035915973611,0.005919020396180153,0.007600451155704388,-0.0023429578535094993,0.007394735430786165,13166000.0
2022-04-16,13166000.0,279170.0,1970.9000244140625,111.6999969482422,13155142.857142856,12620643.333333334,237981.46716773696,222816.06542013946,73.36999214454045,13438575.243909273,12169854.756090727,0.007394735430786165,0.004523594990324465,0.0,0.0,0.0,0.0,-0.0051114641128363805,-0.00602664218707407,-0.0009351173174589847,0.004502815262256247,-0.007123940700681328,-0.010584758218373054,0.014196912221042192,0.0,-0.0043568307671525705,0.007995486299766241,-0.002281196335612501,13136000.0
2022-04-17,13136000.0,276690.0,1970.9000244140625,111.6999969482422,13144571.42857143,12655643.333333334,231490.0174281504,224550.8558217417,71.52777777777777,13448645.55790252,12244284.44209748,-0.002281196335612501,-0.008923169342597312,0.0,0.0,0.007394735430786165,0.004523594990324465,0.0,0.0,0.0,-0.0051114641128363805,-0.00602664218707407,-0.0009351173174589847,0.004502815262256247,0.025453689418242244,0.018458291099675294,0.0,-0.010945801809473146,12993000.0
2022-04-18,12993000.0,275810.0,1982.9000244140625,113.16000366210938,13117571.42857143,12672710.0,212358.65347345173,222112.4153520837,64.41973592772759,13433319.275534783,12325780.724465217,-0.010945801809473146,-0.0031855230557613556,0.006070128331346491,0.012986100041454972,-0.002281196335612501,-0.008923169342597312,0.0,0.007394735430786165,0.004523594990324465,0.0,0.0,0.0,-0.0051114641128363805,-0.0021218559037057432,0.0022478734957239142,0.0,0.006367737961364806,13076000.0
2022-04-19,13076000.0,277460.0,1955.699951171875,107.25,13093857.142857144,12700643.333333334,201570.7340961434,218004.07910089567,61.847988077496275,13432344.911524255,12389255.088475745,0.006367737961364806,0.005964555792603682,-0.013812271285541397,-0.05364022098746452,-0.010945801809473146,-0.0031855230557613556,0.006070128331346491,-0.002281196335612501,-0.008923169342597312,0.0,0.007394735430786165,0.004523594990324465,0.0,0.004541333872126283,0.0019583065132156114,0.005415035915973611,-0.010578855038532616,12938400.0
2022-04-20,12938400.0,278620.0,1952.300048828125,106.8000030517578,13063914.285714285,12725990.0,179844.9199504312,210372.2472708028,49.9383477188656,13409183.518436758,12461456.481563242,-0.010578855038532616,0.004172067625499298,-0.001739970932198888,-0.004204602707521061,0.006367737961364806,0.005964555792603682,-0.013812271285541397,-0.010945801809473146,-0.0031855230557613556,0.006070128331346491,-0.002281196335612501,-0.008923169342597312,0.0,-0.007123940700681328,-0.010584758218373054,0.014196912221042192,0.0,12938400.0
2022-04-21,12938400.0,278640.0,1944.9000244140625,108.33000183105467,13045257.142857144,12751336.666666666,160773.75593370013,200452.54900338227,55.881338392549154,13383529.396458102,12531550.603541898,0.0,7.17797796668632e-05,-0.0037976152973985644,0.01422418575943378,-0.010578855038532616,0.004172067625499298,-0.001739970932198888,0.006367737961364806,0.005964555792603682,-0.013812271285541397,-0.010945801809473146,-0.0031855230557613556,0.006070128331346491,-0.00602664218707407,-0.0009351173174589847,0.004502815262256247,-0.012474691643280045,12778000.0
2022-04-24,12778000.0,278420.0,1944.9000244140625,108.33000183105467,13003685.714285715,12764470.0,131204.33961365558,186602.90712543696,45.98070739549839,13363297.072854241,12572482.927145759,-0.012474691643280045,-0.0007898610973245543,0.0,0.0,0.0,7.17797796668632e-05,-0.0037976152973985644,-0.010578855038532616,0.004172067625499298,-0.001739970932198888,0.006367737961364806,0.005964555792603682,-0.013812271285541397,0.0,0.0,-0.0051114641128363805,0.006552285532519775,12862000.0
2022-04-25,12862000.0,279220.0,1893.199951171875,102.31999969482422,12960257.142857144,12783170.0,113243.06654679775,171930.93900970914,49.397590361445786,13336850.93002709,12627329.06997291,0.006552285532519775,0.0028692366000808087,-0.02694208116114859,-0.057076986572014314,-0.012474691643280045,-0.0007898610973245543,0.0,0.0,7.17797796668632e-05,-0.0037976152973985644,-0.010578855038532616,0.004172067625499298,-0.001739970932198888,0.007394735430786165,0.004523594990324465,0.0,0.004808820249580487,12924000.0
2022-04-26,12924000.0,280920.0,1901.4000244140625,104.98999786376952,12929971.42857143,12805936.666666666,102826.19372750074,158109.98995326748,36.48393194706994,13300934.333128823,12697845.666871177,0.004808820249580487,0.006069929730317844,0.0043219765242018485,0.025759932891834772,0.006552285532519775,0.0028692366000808087,-0.02694208116114859,-0.012474691643280045,-0.0007898610973245543,0.0,0.0,7.17797796668632e-05,-0.0037976152973985644,-0.002281196335612501,-0.008923169342597312,0.0,0.0019325171244511444,12949000.0
2022-04-27,12949000.0,281530.0,1885.9000244140625,105.31999969482422,12923685.714285715,12832336.666666666,95487.3196528107,145585.45589317614,38.95734597156398,13289675.368180374,12728204.631819626,0.0019325171244511444,0.0021690825465967936,-0.008185296301079753,0.0031382445506436445,0.004808820249580487,0.006069929730317844,0.0043219765242018485,0.006552285532519775,0.0028692366000808087,-0.02694208116114859,-0.012474691643280045,-0.0007898610973245543,0.0,-0.010945801809473146,-0.0031855230557613556,0.006070128331346491,0.0,12949000.0
2022-04-28,12949000.0,279800.0,1888.699951171875,107.58999633789062,12905542.857142856,12854270.0,88649.31495437585,134198.2277054161,35.27638190954775,13289688.591918655,12729091.408081345,0.0,-0.006163951606035804,0.0014835623851351678,0.02132434083767665,0.0019325171244511444,0.0021690825465967936,-0.008185296301079753,0.004808820249580487,0.006069929730317844,0.0043219765242018485,0.006552285532519775,0.0028692366000808087,-0.02694208116114859,0.006367737961364806,0.005964555792603682,-0.013812271285541397,0.0012348539039246525,12965000.0
2022-04-30,12965000.0,281580.0,1888.699951171875,107.58999633789062,12909342.857142856,12876736.666666666,83558.00853873976,124070.18387208083,40.02181025081789,13281448.312627103,12753631.687372897,0.0012348539039246525,0.006341536803000473,0.0,0.0,0.0,-0.006163951606035804,0.0014835623851351678,0.0019325171244511444,0.0021690825465967936,-0.008185296301079753,0.004808820249580487,0.006069929730317844,0.0043219765242018485,-0.010578855038532616,0.004172067625499298,-0.001739970932198888,-0.003322133854654034,12922000.0
2022-05-01,12922000.0,282540.0,1888.699951171875,107.58999633789062,12907000.0,12896426.666666666,75186.66580810212,114293.48025928509,41.6572077185017,13279450.676269617,12760029.323730383,-0.003322133854654034,0.0034035344491368746,0.0,0.0,0.0012348539039246525,0.006341536803000473,0.0,0.0,-0.006163951606035804,0.0014835623851351678,0.0019325171244511444,0.0021690825465967936,-0.008185296301079753,0.0,7.17797796668632e-05,-0.0037976152973985644,0.0,12922000.0
2022-05-02,12922000.0,280210.0,1861.800048828125,107.58000183105467,12927571.42857143,12912126.666666666,67771.09340309352,104989.00288804679,41.6572077185017,13277304.279742531,12766575.720257469,0.0,-0.008280811423722617,-0.014344947940341995,-9.28987026833841e-05,-0.003322133854654034,0.0034035344491368746,0.0,0.0012348539039246525,0.006341536803000473,0.0,0.0,-0.006163951606035804,0.0014835623851351678,-0.012474691643280045,-0.0007898610973245543,0.0,0.011541252981673314,13072000.0
2022-05-05,13072000.0,280560.0,1874.0,110.9000015258789,12957571.42857143,12932926.666666666,73154.66381622851,98622.13507368314,44.96788008565311,13256063.732397763,12774016.267602237,0.011541252981673314,0.0012482837721271582,0.006531395889678555,0.03039413424987689,0.0,-0.008280811423722617,-0.014344947940341995,-0.003322133854654034,0.0034035344491368746,0.0,0.0012348539039246525,0.006341536803000473,0.0,0.006552285532519775,0.0028692366000808087,-0.02694208116114859,0.00297903439961772,13111000.0
2022-05-07,13111000.0,283650.0,1874.0,110.9000015258789,12984285.714285715,12953493.333333334,79650.00059214607,94827.70817737574,48.674443266171785,13244104.303764388,12778875.696235612,0.00297903439961772,0.010953477940653444,0.0,0.0,0.011541252981673314,0.0012482837721271582,0.006531395889678555,0.0,-0.008280811423722617,-0.014344947940341995,-0.003322133854654034,0.0034035344491368746,0.0,0.004808820249580487,0.006069929730317844,0.0043219765242018485,-0.0005340454065511774,13104000.0
2022-05-08,13104000.0,285460.0,1874.0,110.9000015258789,13006428.57142857,12971260.0,83272.84278875217,92516.73509965102,56.87732342007434,13215597.985880308,12793582.014119692,-0.0005340454065511774,0.006360830429046127,0.0,0.0,0.00297903439961772,0.010953477940653444,0.0,0.011541252981673314,0.0012482837721271582,0.006531395889678555,0.0,-0.008280811423722617,-0.014344947940341995,0.0019325171244511444,0.0021690825465967936,-0.008185296301079753,0.02410427433104269,13423700.0
2022-05-09,13423700.0,275432.0,1857.0999755859373,105.94000244140624,13074242.857142856,12999450.0,110665.40755488351,96146.46959069752,66.65708536935901,13294733.652364718,12742016.347635282,0.02410427433104269,-0.03576114003114211,-0.009059065745697495,-0.04575598895381446,-0.0005340454065511774,0.006360830429046127,0.0,0.00297903439961772,0.010953477940653444,0.0,0.011541252981673314,0.0012482837721271582,0.006531395889678555,0.0,-0.006163951606035804,0.0014835623851351678,0.0012879356472549456,13441000.0
2022-05-11,13441000.0,255800.0,1852.5999755859373,107.51000213623048,13142242.857142856,13028216.666666666,132245.7314308565,103366.32195872933,77.21464154212691,13371609.693988914,12702340.306011086,0.0012879356472549456,-0.07394488502573798,-0.0024260734110128778,0.014710967205640505,0.02410427433104269,-0.03576114003114211,-0.009059065745697495,-0.0005340454065511774,0.006360830429046127,0.0,0.00297903439961772,0.010953477940653444,0.0,0.0012348539039246525,0.006341536803000473,0.0,0.03724145319695962,13951000.0
2022-05-12,13951000.0,255900.0,1823.800048828125,107.4499969482422,13289242.857142856,13067983.333333334,188330.0794085469,120359.07344869286,85.32161294823497,13609713.110719671,12552436.889280329,0.03724145319695962,0.0003908540210008852,-0.015667781369351385,-0.0005582916803352771,0.0012879356472549456,-0.07394488502573798,-0.0024260734110128778,0.02410427433104269,-0.03576114003114211,-0.009059065745697495,-0.0005340454065511774,0.006360830429046127,0.0,-0.003322133854654034,0.0034035344491368746,0.0,-0.009651472211438441,13817000.0
2022-05-14,13817000.0,305670.0,1823.800048828125,107.4499969482422,13417100.0,13097216.666666666,219435.1374604851,140174.28625105132,86.9225302061123,13736117.44298943,12491132.55701057,-0.009651472211438441,0.17771934548856055,0.0,0.0,0.03724145319695962,0.0003908540210008852,-0.015667781369351385,0.0012879356472549456,-0.07394488502573798,-0.0024260734110128778,0.02410427433104269,-0.03576114003114211,-0.009059065745697495,0.0,-0.008280811423722617,-0.014344947940341995,-0.005151845375119002,13746000.0
2022-05-15,13746000.0,305340.0,1823.800048828125,107.4499969482422,13513385.714285715,13128683.333333334,235640.694196783,159267.56784019765,81.70731707317073,13827984.403447969,12460265.596552031,-0.005151845375119002,-0.0010801788255073179,0.0,0.0,-0.009651472211438441,0.17771934548856055,0.0,0.03724145319695962,0.0003908540210008852,-0.015667781369351385,0.0012879356472549456,-0.07394488502573798,-0.0024260734110128778,0.011541252981673314,0.0012482837721271582,0.006531395889678555,-0.010678079957407154,13600000.0
2022-05-16,13600000.0,302320.0,1813.5,114.23999786376952,13583242.857142856,13152750.0,234005.26777426153,174215.10782701045,72.86874154262517,13883508.930967454,12465441.069032546,-0.010678079957407154,-0.009939850787562762,-0.005663583549348766,0.06127588520491317,-0.005151845375119002,-0.0010801788255073179,0.0,-0.009651472211438441,0.17771934548856055,0.0,0.03724145319695962,0.0003908540210008852,-0.015667781369351385,0.00297903439961772,0.010953477940653444,0.0,-0.007306035966897278,13501000.0
2022-05-17,13501000.0,301120.0,1818.199951171875,111.93000030517578,13639957.142857144,13173516.666666666,222159.78818084113,183804.0438977766,67.78350515463919,13917689.177198492,12473760.822801508,-0.007306035966897278,-0.003977202644218698,0.0025882941096002548,-0.02042780126411357,-0.010678079957407154,-0.009939850787562762,-0.005663583549348766,-0.005151845375119002,-0.0010801788255073179,0.0,-0.009651472211438441,0.17771934548856055,0.0,-0.0005340454065511774,0.006360830429046127,0.0,0.0044342693306991775,13561000.0
2022-05-18,13561000.0,299560.0,1815.9000244140625,109.11000061035156,13659571.42857143,13185216.666666666,215133.7310842201,190069.98133506533,68.98263027295286,13955759.214268891,12497950.785731109,0.0044342693306991775,-0.005194125015848489,-0.0012657478221988101,-0.025517125366746288,-0.007306035966897278,-0.003977202644218698,0.0025882941096002548,-0.010678079957407154,-0.009939850787562762,-0.005663583549348766,-0.005151845375119002,-0.0010801788255073179,0.0,0.02410427433104269,-0.03576114003114211,-0.009059065745697495,0.0,13561000.0
2022-05-19,13561000.0,299560.0,1841.199951171875,112.04000091552734,13676714.285714285,13197850.0,207177.31904459745,193491.4488769718,68.67167919799499,13988197.151652556,12527772.848347444,0.0,0.0,0.013836280412998598,0.026499405302423003,0.0044342693306991775,-0.005194125015848489,-0.0012657478221988101,-0.007306035966897278,-0.003977202644218698,0.0025882941096002548,-0.010678079957407154,-0.009939850787562762,-0.005663583549348766,0.0012879356472549456,-0.07394488502573798,-0.0024260734110128778,0.017253151120088177,13797000.0
2022-05-21,13797000.0,303230.0,1841.199951171875,112.04000091552734,13654714.285714285,13216350.0,217408.87862558104,198274.93482669367,74.45500279485746,14040333.085212583,12577536.914787417,0.017253151120088177,0.012176862083386095,0.0,0.0,0.0,0.0,0.013836280412998598,0.0044342693306991775,-0.005194125015848489,-0.0012657478221988101,-0.007306035966897278,-0.003977202644218698,0.0025882941096002548,0.03724145319695962,0.0003908540210008852,-0.015667781369351385,-0.001015228513594663,13783000.0
2022-05-22,13783000.0,302440.0,1841.199951171875,112.04000091552734,13649857.142857144,13237516.666666666,221830.65460925177,202986.0787832053,73.87687188019967,14083870.910572827,12626099.089427173,-0.001015228513594663,-0.0026086827744833435,0.0,0.0,0.017253151120088177,0.012176862083386095,0.0,0.0,0.0,0.013836280412998598,0.0044342693306991775,-0.005194125015848489,-0.0012657478221988101,-0.009651472211438441,0.17771934548856055,0.0,0.0007977662967977106,13794000.0
2022-05-23,13794000.0,301870.0,1847.800048828125,113.41999816894533,13656714.285714285,13261683.333333334,223644.51722199284,207117.76647096282,71.69471153846153,14122900.668042364,12674069.331957636,0.0007977662967977106,-0.001886449567400381,0.0035782622382927,0.012241767878521853,-0.001015228513594663,-0.0026086827744833435,0.0,0.017253151120088177,0.012176862083386095,0.0,0.0,0.0,0.013836280412998598,-0.005151845375119002,-0.0010801788255073179,0.0,0.0005073382968034915,13801000.0
2022-05-24,13801000.0,301240.0,1865.0999755859373,113.55999755859376,13685428.57142857,13286083.333333334,223075.38374511525,210309.2899257933,71.13970588235294,14154325.513874233,12727844.486125767,0.0005073382968034915,-0.002089171889517813,0.009318889191803246,0.001233583664085708,0.0007977662967977106,-0.001886449567400381,0.0035782622382927,-0.001015228513594663,-0.0026086827744833435,0.0,0.017253151120088177,0.012176862083386095,0.0,-0.010678079957407154,-0.009939850787562762,-0.005663583549348766,0.00660807286603625,13892500.0
2022-05-25,13892500.0,303677.0,1846.199951171875,114.02999877929688,13741357.142857144,13310300.0,227386.45713223144,213724.72336708094,72.96824934459656,14189161.733183011,12787358.266816989,0.00660807286603625,0.008057347319805971,-0.010185211745308747,0.004130250858213941,0.0005073382968034915,-0.002089171889517813,0.009318889191803246,0.0007977662967977106,-0.001886449567400381,0.0035782622382927,-0.001015228513594663,-0.0026086827744833435,0.0,-0.007306035966897278,-0.003977202644218698,0.0025882941096002548,0.012482502603619682,14067000.0
2022-05-28,14067000.0,305660.0,1846.199951171875,114.02999877929688,13813642.857142856,13341333.333333334,242093.00799527392,219398.38029271955,70.47031120728059,14244324.620775506,12842395.379224494,0.012482502603619682,0.006508736546733526,0.0,0.0,0.00660807286603625,0.008057347319805971,-0.010185211745308747,0.0005073382968034915,-0.002089171889517813,0.009318889191803246,0.0007977662967977106,-0.001886449567400381,0.0035782622382927,0.0044342693306991775,-0.005194125015848489,-0.0012657478221988101,0.010606802878001925,14217000.0
2022-05-29,14217000.0,308360.0,1846.199951171875,114.02999877929688,13907357.142857144,13382133.333333334,262822.1517427284,228083.13458272134,72.76995305164318,14306645.384779809,12909574.615220191,0.010606802878001925,0.008794558491371082,0.0,0.0,0.012482502603619682,0.006508736546733526,0.0,0.00660807286603625,0.008057347319805971,-0.010185211745308747,0.0005073382968034915,-0.002089171889517813,0.009318889191803246,0.0,0.0,0.013836280412998598,0.0037209998351840443,14270000.0
2022-05-30,14270000.0,310030.0,1846.199951171875,114.02999877929688,13974928.57142857,13421933.333333334,280295.7298725825,238525.65364069358,62.7906976744186,14355179.693461852,12995840.306538148,0.0037209998351840443,0.0054011353993587375,0.0,0.0,0.010606802878001925,0.008794558491371082,0.0,0.012482502603619682,0.006508736546733526,0.0,0.00660807286603625,0.008057347319805971,-0.010185211745308747,0.017253151120088177,0.012176862083386095,0.0,0.014125413166722426,14473000.0
2022-05-31,14473000.0,315180.0,1842.699951171875,122.83999633789062,14073500.0,13473086.666666666,306985.3340498451,252217.5897225239,74.92401215805471,14451607.958412847,13039512.041587153,0.014125413166722426,0.01647483720350504,-0.001897585265470752,0.07442110479643238,0.0037209998351840443,0.0054011353993587375,0.0,0.010606802878001925,0.008794558491371082,0.0,0.012482502603619682,0.006508736546733526,0.0,-0.001015228513594663,-0.0026086827744833435,0.0,-0.011745626224309228,14304000.0
2022-06-01,14304000.0,312934.0,1843.300048828125,116.29000091552734,14146357.142857144,13518606.666666666,310916.10274656117,263957.2923273314,69.73125884016973,14486681.945285004,13123738.054714996,-0.011745626224309228,-0.0071515985082282055,0.00032560914897010034,-0.05479558658284739,0.014125413166722426,0.01647483720350504,-0.001897585265470752,0.0037209998351840443,0.0054011353993587375,0.0,0.010606802878001925,0.008794558491371082,0.0,0.0007977662967977106,-0.001886449567400381,0.0035782622382927,0.0,14304000.0
2022-06-02,14304000.0,312934.0,1866.5,117.61000061035156,14218214.285714285,13569473.333333334,310452.56138078123,273256.3461380213,77.7602523659306,14496168.345109373,13234251.654890627,0.0,0.0,0.0125075493629948,0.011286991874821302,-0.011745626224309228,-0.0071515985082282055,0.00032560914897010034,0.014125413166722426,0.01647483720350504,-0.001897585265470752,0.0037209998351840443,0.0054011353993587375,0.0,0.0005073382968034915,-0.002089171889517813,0.009318889191803246,0.008076913425644702,14420000.0
2022-06-06,14420000.0,317910.0,1839.199951171875,119.51000213623048,14293571.42857143,13621406.666666666,315805.0282721985,281766.08256485674,85.75875486381324,14556445.337999975,13273604.662000025,0.008076913425644702,0.015776018169157403,-0.014734351454234408,0.016025996701131265,0.0,0.0,0.0125075493629948,-0.011745626224309228,-0.0071515985082282055,0.00032560914897010034,0.014125413166722426,0.01647483720350504,-0.001897585265470752,0.00660807286603625,0.008057347319805971,-0.010185211745308747,0.0006239384583156043,14429000.0
2022-06-07,14429000.0,317030.0,1847.5,120.56999969482422,14345285.714285715,13671573.333333334,317117.58748031966,288836.3835479494,85.17017828200973,14604311.278959004,13324538.721040996,0.0006239384583156043,-0.0027719172314184665,0.004502705921952788,0.00883042684441131,0.008076913425644702,0.015776018169157403,-0.014734351454234408,0.0,0.0,0.0125075493629948,-0.011745626224309228,-0.0071515985082282055,0.00032560914897010034,0.012482502603619682,0.006508736546733526,0.0,0.03010569015694506,14870000.0
2022-06-08,14870000.0,321300.0,1851.9000244140625,123.58000183105467,14438571.42857143,13735606.666666666,349711.55737294815,301011.4183129491,89.07462686567165,14767456.159175783,13253293.840824217,0.03010569015694506,0.01337885949837689,0.0023787784288539122,0.0246582398514785,0.0006239384583156043,-0.0027719172314184665,0.004502705921952788,0.008076913425644702,0.015776018169157403,-0.014734351454234408,0.0,0.0,0.0125075493629948,0.010606802878001925,0.008794558491371082,0.0,-0.031562152598408715,14408000.0
2022-06-09,14408000.0,321300.0,1848.800048828125,123.06999969482422,14458285.714285715,13784240.0,334408.1257233191,307690.7597950231,66.07048921620199,14811227.949218843,13268622.050781157,-0.031562152598408715,0.0,-0.001675345880327806,-0.004135437745036571,0.03010569015694506,0.01337885949837689,0.0023787784288539122,0.0006239384583156043,-0.0027719172314184665,0.004502705921952788,0.008076913425644702,0.015776018169157403,-0.014734351454234408,0.0037209998351840443,0.0054011353993587375,0.0,0.04571837190680028,15082000.0
2022-06-11,15082000.0,329400.0,1848.800048828125,123.06999969482422,14545285.714285715,13854806.666666666,372373.72057648003,320627.35195131454,75.36118703631394,14993599.789418025,13219850.210581975,0.04571837190680028,0.024897551621727083,0.0,0.0,-0.031562152598408715,0.0,-0.001675345880327806,0.03010569015694506,0.01337885949837689,0.0023787784288539122,0.0006239384583156043,-0.0027719172314184665,0.004502705921952788,0.014125413166722426,0.01647483720350504,-0.001897585265470752,-0.024634598095019222,14715000.0
2022-06-12,14715000.0,326640.0,1848.800048828125,123.06999969482422,14604000.0,13914573.333333334,368598.91630956717,330221.6648229651,65.78676722660268,15055390.359635888,13269559.640364112,-0.024634598095019222,-0.008414170732219582,0.0,0.0,0.04571837190680028,0.024897551621727083,0.0,-0.031562152598408715,0.0,-0.001675345880327806,0.03010569015694506,0.01337885949837689,0.0023787784288539122,-0.011745626224309228,-0.0071515985082282055,0.00032560914897010034,-0.018311385010806463,14448000.0
2022-06-13,14448000.0,321360.0,1828.0,122.2699966430664,14624571.42857143,13965440.0,340141.74582911097,332205.6810241943,60.182562165565,15054162.12866491,13365487.87133509,-0.018311385010806463,-0.016296656960293605,-0.011314333356787633,-0.006521610003542153,-0.024634598095019222,-0.008414170732219582,0.0,0.04571837190680028,0.024897551621727083,0.0,-0.031562152598408715,0.0,-0.001675345880327806,0.0,0.0,0.0125075493629948,-0.012116296125754019,14274000.0
2022-06-14,14274000.0,315680.0,1809.5,121.16999816894533,14603714.285714285,14005506.666666666,300089.6407993622,325782.4729792279,55.852124558981444,15032745.532984225,13458204.467015775,-0.012116296125754019,-0.017832947776721494,-0.01017190901029815,-0.009037183569031661,-0.018311385010806463,-0.016296656960293605,-0.011314333356787633,-0.024634598095019222,-0.008414170732219582,0.0,0.04571837190680028,0.024897551621727083,0.0,0.008076913425644702,0.015776018169157403,-0.014734351454234408,-0.009078495795345075,14145000.0
2022-06-15,14145000.0,317768.0,1815.300048828125,118.51000213623048,14563142.857142856,14039973.333333334,254999.36317435466,311625.85101825325,51.21344119477288,14995575.334377274,13553774.665622726,-0.009078495795345075,0.006592514499222056,0.00320020619069026,-0.022197139905881402,-0.012116296125754019,-0.017832947776721494,-0.01017190901029815,-0.018311385010806463,-0.016296656960293605,-0.011314333356787633,-0.024634598095019222,-0.008414170732219582,0.0,0.0006239384583156043,-0.0027719172314184665,0.004502705921952788,0.0,14145000.0
2022-06-16,14145000.0,317768.0,1845.699951171875,119.80999755859376,14459571.42857143,14074673.333333334,216766.24693624862,292653.93020185234,48.825065274151434,14980497.93265879,13603652.06734121,0.0,0.0,0.01660781266368653,0.010909771048394138,-0.009078495795345075,0.006592514499222056,0.00320020619069026,-0.012116296125754019,-0.017832947776721494,-0.01017190901029815,-0.018311385010806463,-0.016296656960293605,-0.011314333356787633,0.03010569015694506,0.01337885949837689,0.0023787784288539122,0.008798226735214439,14270000.0
2022-06-18,14270000.0,316800.0,1845.699951171875,119.80999755859376,14439857.142857144,14102883.333333334,194312.76558803208,272985.6972790883,50.0,14962159.284198597,13670690.715801403,0.008798226735214439,-0.0030508968332564313,0.0,0.0,0.0,0.0,0.01660781266368653,-0.009078495795345075,0.006592514499222056,0.00320020619069026,-0.012116296125754019,-0.017832947776721494,-0.01017190901029815,-0.031562152598408715,0.0,-0.001675345880327806,0.003916636703514473,14326000.0
2022-06-19,14326000.0,317100.0,1845.699951171875,119.80999755859376,14331857.142857144,14132383.333333334,178973.85267318413,254183.3283579075,47.540983606557376,14940146.734480897,13745903.265519103,0.003916636703514473,0.0009465216040308782,0.0,0.0,0.008798226735214439,-0.0030508968332564313,0.0,0.0,0.0,0.01660781266368653,-0.009078495795345075,0.006592514499222056,0.00320020619069026,0.04571837190680028,0.024897551621727083,0.0,0.004457452707017025,14390000.0
2022-06-20,14390000.0,316850.0,1845.699951171875,119.80999755859376,14285428.57142857,14147016.666666666,170022.01090031862,237351.06486638973,51.49098474341193,14912397.555362782,13832552.444637218,0.004457452707017025,-0.000788705774775717,0.0,0.0,0.003916636703514473,0.0009465216040308782,0.0,0.008798226735214439,-0.0030508968332564313,0.0,0.0,0.0,0.01660781266368653,-0.024634598095019222,-0.008414170732219582,0.0,0.003053013750805024,14434000.0
2022-06-21,14434000.0,319780.0,1834.5999755859373,114.6500015258789,14283428.57142857,14167583.333333334,164580.85838994943,222797.0235711017,52.21994535519125,14890188.88532145,13908911.11467855,0.003053013750805024,0.009204783587748384,-0.0060321220901860245,-0.04402311166156009,0.004457452707017025,-0.000788705774775717,0.0,0.003916636703514473,0.0009465216040308782,0.0,0.008798226735214439,-0.0030508968332564313,0.0,-0.018311385010806463,-0.016296656960293605,-0.011314333356787633,0.0007617992681170707,14445000.0
2022-06-22,14445000.0,317277.0,1834.300048828125,111.73999786376952,14307857.142857144,14190883.333333334,159319.77470359206,210101.5737975998,50.442791356712725,14883611.647059103,13953288.352940897,0.0007617992681170707,-0.007858050001141285,-0.00016349682819621488,-0.025709297699796026,0.003053013750805024,0.009204783587748384,-0.0060321220901860245,0.004457452707017025,-0.000788705774775717,0.0,0.003916636703514473,0.0009465216040308782,0.0,-0.012116296125754019,-0.017832947776721494,-0.01017190901029815,0.0,14445000.0
2022-06-23,14445000.0,317277.0,1825.699951171875,110.0500030517578,14350714.285714285,14219050.0,153382.23307236098,198757.70565255205,50.28429282160625,14885298.084741542,13974401.915258458,0.0,0.0,-0.004699515565206118,-0.015239889210017187,0.0007617992681170707,-0.007858050001141285,-0.00016349682819621488,0.003053013750805024,0.009204783587748384,-0.0060321220901860245,0.004457452707017025,-0.000788705774775717,0.0,-0.009078495795345075,0.006592514499222056,0.00320020619069026,-0.035944672984287,13935000.0
2022-06-25,13935000.0,313420.0,1825.699951171875,110.0500030517578,14320714.285714285,14233516.666666666,106298.60663111135,180265.88584826392,33.78425251474158,14915519.367712505,13910680.632287495,-0.035944672984287,-0.01223106526106303,0.0,0.0,0.0,0.0,-0.004699515565206118,0.0007617992681170707,-0.007858050001141285,-0.00016349682819621488,0.003053013750805024,0.009204783587748384,-0.0060321220901860245,0.0,0.0,0.01660781266368653,-0.02890311484749561,13538000.0
2022-06-26,13538000.0,305120.0,1825.699951171875,110.0500030517578,14216142.857142856,14232750.0,36528.82971411012,151518.47462143318,34.563520227111425,15001714.884804085,13730985.115195915,-0.02890311484749561,-0.026839002242961017,0.0,0.0,-0.035944672984287,-0.01223106526106303,0.0,0.0,0.0,-0.004699515565206118,0.0007617992681170707,-0.007858050001141285,-0.00016349682819621488,0.008798226735214439,-0.0030508968332564313,0.0,0.0028766385317282334,13577000.0
2022-06-27,13577000.0,307260.0,1820.9000244140625,115.08999633789062,14109142.857142856,14233283.333333334,-15439.272767461836,118126.9251436542,15.529088410444345,15056966.299081327,13603033.700918673,0.0028766385317282334,0.006989152850405072,-0.0026325506290981178,0.04477956345775394,-0.02890311484749561,-0.026839002242961017,0.0,-0.035944672984287,-0.01223106526106303,0.0,0.0,0.0,-0.004699515565206118,0.003916636703514473,0.0009465216040308782,0.0,0.019402505087453746,13843000.0
2022-06-28,13843000.0,311750.0,1817.5,117.9800033569336,14031000.0,14234816.666666666,-34759.70322718471,87549.59946948642,29.05859750240154,15065917.019601054,13547982.980398946,0.019402505087453746,0.01450728985763193,-0.001868967337812985,0.02480074786746911,0.0028766385317282334,0.006989152850405072,-0.0026325506290981178,-0.02890311484749561,-0.026839002242961017,0.0,-0.035944672984287,-0.01223106526106303,0.0,0.004457452707017025,-0.000788705774775717,0.0,0.03534287804147722,14341000.0
2022-06-29,14341000.0,321439.0,1813.699951171875,116.26000213623048,14017714.285714285,14253416.666666666,-9774.174918111414,68084.84459196686,47.686986597492435,15060310.198559418,13545689.801440582,0.03534287804147722,0.030606205501141497,-0.0020929997061283,-0.014686066380541256,0.019402505087453746,0.01450728985763193,-0.001868967337812985,0.0028766385317282334,0.006989152850405072,-0.0026325506290981178,-0.02890311484749561,-0.026839002242961017,0.0,0.003053013750805024,0.009204783587748384,-0.0060321220901860245,0.0,14341000.0
2022-06-30,14341000.0,321439.0,1804.0999755859373,114.80999755859376,14002857.142857144,14271650.0,9912.768058151007,56450.429285203696,51.56615240766714,15053847.578786692,13543352.421213308,0.0,0.0,-0.0053070917753330026,-0.012550513806832026,0.03534287804147722,0.030606205501141497,-0.0020929997061283,0.019402505087453746,0.01450728985763193,-0.001868967337812985,0.0028766385317282334,0.006989152850405072,-0.0026325506290981178,0.0007617992681170707,-0.007858050001141285,-0.00016349682819621488,-0.007418847017074371,14235000.0
2022-07-02,14235000.0,321890.0,1804.0999755859373,114.80999755859376,13972857.142857144,14286116.666666666,16768.204657122493,48513.984359587455,52.12665406427222,14972732.135681082,13560967.864318918,-0.007418847017074371,0.0014020822126240052,0.0,0.0,0.0,0.0,-0.0053070917753330026,0.03534287804147722,0.030606205501141497,-0.0020929997061283,0.019402505087453746,0.01450728985763193,-0.001868967337812985,0.0,0.0,-0.004699515565206118,0.0008426375050935453,14247000.0
2022-07-03,14247000.0,318200.0,1804.0999755859373,114.80999755859376,14017428.57142857,14297933.333333334,22905.447523470968,43392.27699236416,52.39661654135339,14961569.738437248,13556030.261562752,0.0008426375050935453,-0.011529756370224931,0.0,0.0,-0.007418847017074371,0.0014020822126240052,0.0,0.0,0.0,-0.0053070917753330026,0.03534287804147722,0.030606205501141497,-0.0020929997061283,-0.035944672984287,-0.01223106526106303,0.0,-0.04309991984186259,13646000.0
2022-07-04,13646000.0,314150.0,1804.0999755859373,114.80999755859376,14032857.142857144,14283900.0,-20490.221997462213,30615.777194398885,38.01843317972351,14826196.205772286,13547803.794227714,-0.04309991984186259,-0.01280953705473045,0.0,0.0,0.0008426375050935453,-0.011529756370224931,0.0,-0.007418847017074371,0.0014020822126240052,0.0,0.0,0.0,-0.0053070917753330026,-0.02890311484749561,-0.026839002242961017,0.0,0.0054081839045073766,13720000.0
2022-07-05,13720000.0,315330.0,1761.800048828125,102.7699966430664,14053285.714285715,14267333.333333334,-48353.03746830672,14822.014261857767,38.443935926773456,14758033.842369765,13516466.157630235,0.0054081839045073766,0.003749130654416759,-0.023725797535610188,-0.11078511786851519,-0.04309991984186259,-0.01280953705473045,0.0,0.0008426375050935453,-0.011529756370224931,0.0,-0.007418847017074371,0.0014020822126240052,0.0,0.0028766385317282334,0.006989152850405072,-0.0026325506290981178,0.00704509577679337,13817000.0
2022-07-06,13817000.0,314038.0,1734.9000244140625,100.69000244140624,14049571.42857143,14252233.333333334,-61893.95514525473,-521.179619564733,39.209039548022595,14724120.092272492,13487279.907727508,0.00704509577679337,-0.004105711809060632,-0.01538625248600398,-0.02044693479816979,0.0054081839045073766,0.003749130654416759,-0.023725797535610188,-0.04309991984186259,-0.01280953705473045,0.0,0.0008426375050935453,-0.011529756370224931,0.0,0.019402505087453746,0.01450728985763193,-0.001868967337812985,0.0,13817000.0
2022-07-07,13817000.0,314038.0,1737.9000244140625,104.6500015258789,13974714.285714285,14230366.666666666,-71797.5920130033,-14776.462098252447,38.184603600153196,14708812.25714369,13456887.74285631,0.0,0.0,0.0017277129141139384,0.03857494929850827,0.00704509577679337,-0.004105711809060632,-0.01538625248600398,0.0054081839045073766,0.003749130654416759,-0.023725797535610188,-0.04309991984186259,-0.01280953705473045,0.0,0.03534287804147722,0.030606205501141497,-0.0020929997061283,0.0,13817000.0
2022-07-08,13817000.0,315343.0,1740.5999755859375,107.0199966430664,13899857.142857144,14214133.333333334,-78738.64549043775,-27568.898776689508,37.92307692307692,14702659.325036312,13430240.674963688,0.0,0.004146937610710073,0.0015523655104664287,0.022394238043018565,0.0,0.0,0.0017277129141139384,0.00704509577679337,-0.004105711809060632,-0.01538625248600398,0.0054081839045073766,0.003749130654416759,-0.023725797535610188,0.0,0.0,-0.0053070917753330026,0.002024438548392803,13845000.0
2022-07-09,13845000.0,315343.0,1740.5999755859375,107.0199966430664,13844142.857142856,14198833.333333334,-81045.86806688458,-38264.292634728525,38.584474885844756,14693976.419690274,13408923.580309726,0.002024438548392803,0.0,0.0,0.0,0.0,0.004146937610710073,0.0015523655104664287,0.0,0.0,0.0017277129141139384,0.00704509577679337,-0.004105711809060632,-0.01538625248600398,-0.007418847017074371,0.0014020822126240052,0.0,-0.0023139789051023828,13813000.0
2022-07-11,13813000.0,316080.0,1730.0,107.0999984741211,13782142.857142856,14178600.0,-84482.6279992368,-47507.95970763019,47.162790697674424,14670905.518384647,13386294.481615353,-0.0023139789051023828,0.002334410798113191,-0.006108458837354837,0.0007472616906575689,0.002024438548392803,0.0,0.0,0.0,0.004146937610710073,0.0015523655104664287,0.0,0.0,0.0017277129141139384,0.0008426375050935453,-0.011529756370224931,0.0,0.013232843220686004,13997000.0
2022-07-12,13997000.0,316030.0,1723.300048828125,99.48999786376952,13832285.714285715,14164200.0,-71534.4185103476,-52313.25146817367,61.84821889519876,14639052.586237751,13385247.413762249,0.013232843220686004,-0.00015820031356661844,-0.003880322870210738,-0.07370584807701062,-0.0023139789051023828,0.002334410798113191,-0.006108458837354837,0.002024438548392803,0.0,0.0,0.0,0.004146937610710073,0.0015523655104664287,-0.04309991984186259,-0.01280953705473045,0.0,-0.013450053517308035,13810000.0
2022-07-13,13810000.0,322036.0,1734.199951171875,99.56999969482422,13845142.857142856,14128866.666666666,-75491.9818052575,-56948.99753559044,55.587529976019184,14589789.848067336,13376510.151932664,-0.013450053517308035,0.01882619474778243,0.0063050981654516405,0.000803796205598814,0.013232843220686004,-0.00015820031356661844,-0.003880322870210738,-0.0023139789051023828,0.002334410798113191,-0.006108458837354837,0.002024438548392803,0.0,0.0,0.0054081839045073766,0.003749130654416759,-0.023725797535610188,0.0,13810000.0
2022-07-14,13810000.0,322036.0,1704.5,99.0999984741211,13844142.857142856,14108933.333333334,-77732.32932343334,-61105.66389315902,49.09290819131391,14524166.916911762,13379733.083088238,0.0,0.0,-0.017274371209107783,-0.004731485396479105,-0.013450053517308035,0.01882619474778243,0.0063050981654516405,0.013232843220686004,-0.00015820031356661844,-0.003880322870210738,-0.0023139789051023828,0.002334410798113191,-0.006108458837354837,0.00704509577679337,-0.004105711809060632,-0.01538625248600398,-0.01004302160791096,13672000.0
2022-07-16,13672000.0,318885.0,1704.5,99.0999984741211,13823428.57142857,14061933.333333334,-89610.29584823176,-66806.59028417358,27.073337902673074,14448522.570525574,13378077.429474426,-0.01004302160791096,-0.009832804316216111,0.0,0.0,0.0,0.0,-0.017274371209107783,-0.013450053517308035,0.01882619474778243,0.0063050981654516405,0.013232843220686004,-0.00015820031356661844,-0.003880322870210738,0.0,0.0,0.0017277129141139384,0.0,13672000.0
2022-07-17,13672000.0,318885.0,1704.5,99.0999984741211,13802714.285714285,14027166.666666666,-97895.19502465986,-73024.31123227083,27.073337902673074,14357262.310354041,13392037.689645959,0.0,0.0,0.0,0.0,-0.01004302160791096,-0.009832804316216111,0.0,0.0,0.0,-0.017274371209107783,-0.013450053517308035,0.01882619474778243,0.0063050981654516405,0.0,0.004146937610710073,0.0015523655104664287,-0.012215914660639586,13506000.0
2022-07-19,13506000.0,318000.0,1710.0,107.3499984741211,13754285.714285715,13995766.666666666,-116512.7633819785,-81722.00166221237,26.0039499670836,14361945.246971205,13344454.753028795,-0.012215914660639586,-0.0027791534409581983,0.0032215579187478277,0.07996508417215713,0.0,0.0,0.0,-0.01004302160791096,-0.009832804316216111,0.0,0.0,0.0,-0.017274371209107783,0.002024438548392803,0.0,0.0,0.0022187717112172817,13536000.0
2022-07-20,13536000.0,318830.0,1699.5,106.91999816894533,13714714.285714285,13971166.666666666,-127378.23416469991,-90853.24816270988,26.87052700065061,14362106.834821241,13344093.165178759,0.0022187717112172817,0.0026066625943062566,-0.006159280360534849,-0.004013635965480417,-0.012215914660639586,-0.0027791534409581983,0.0032215579187478277,0.0,0.0,0.0,-0.01004302160791096,-0.009832804316216111,0.0,-0.0023139789051023828,0.002334410798113191,-0.006108458837354837,0.0,13536000.0
2022-07-21,13536000.0,318830.0,1712.699951171875,103.86000061035156,13648857.142857144,13950866.666666666,-134439.46359088272,-99570.49124834445,44.123931623931625,14365044.665137174,13337055.334862826,0.0,0.0,0.007736953992708003,-0.029037029852404674,0.0022187717112172817,0.0026066625943062566,-0.006159280360534849,-0.012215914660639586,-0.0027791534409581983,0.0032215579187478277,0.0,0.0,0.0,0.013232843220686004,-0.00015820031356661844,-0.003880322870210738,-0.0037748462721741236,13485000.0
2022-07-23,13485000.0,320470.0,1712.699951171875,103.86000061035156,13602428.57142857,13928866.666666666,-142508.06825708225,-108158.00665009202,37.1303395399781,14372628.217695972,13293671.782304028,-0.0037748462721741236,0.005130622860988091,0.0,0.0,0.0,0.0,0.007736953992708003,0.0022187717112172817,0.0026066625943062566,-0.006159280360534849,-0.012215914660639586,-0.0027791534409581983,0.0032215579187478277,-0.013450053517308035,0.01882619474778243,0.0063050981654516405,-0.002078539832288921,13457000.0
2022-07-24,13457000.0,318480.0,1712.699951171875,103.86000061035156,13552000.0,13901766.666666666,-149439.21928322874,-116414.24917671937,28.67298578199052,14297183.048491485,13280716.951508515,-0.002078539832288921,-0.006228989543409307,0.0,0.0,-0.0037748462721741236,0.005130622860988091,0.0,0.0,0.0,0.007736953992708003,0.0022187717112172817,0.0026066625943062566,-0.006159280360534849,0.0,0.0,-0.017274371209107783,0.006001129327011638,13538000.0
2022-07-25,13538000.0,319630.0,1719.0,105.1500015258789,13532857.142857144,13875500.0,-146705.0587563254,-122472.41109264058,34.91891891891892,14196696.886629762,13300903.113370238,0.006001129327011638,0.0036043981289630854,0.003671682253970629,0.01234407236730935,-0.002078539832288921,-0.006228989543409307,0.0,-0.0037748462721741236,0.005130622860988091,0.0,0.0,0.0,0.007736953992708003,-0.01004302160791096,-0.009832804316216111,0.0,-0.0005171968049087384,13531000.0
2022-07-26,13531000.0,320050.0,1717.699951171875,104.4000015258789,13512714.285714285,13846866.666666666,-143449.4622323271,-126667.8213205779,34.65665236051501,14108080.551184922,13319119.448815078,-0.0005171968049087384,0.0013131567669876756,-0.000756568166326809,-0.007158226595921476,0.006001129327011638,0.0036043981289630854,0.003671682253970629,-0.002078539832288921,-0.006228989543409307,0.0,-0.0037748462721741236,0.005130622860988091,0.0,0.0,0.0,0.0,0.006776191502416524,13623000.0
2022-07-27,13623000.0,319239.0,1719.0999755859375,106.62000274658205,13529428.57142857,13819833.333333334,-131924.99814962223,-127719.25668638678,38.855421686746986,13987926.224216862,13376873.775783138,0.006776191502416524,-0.002537195024654326,0.0008147256292718839,0.021041447090855,-0.0005171968049087384,0.0013131567669876756,-0.000756568166326809,0.006001129327011638,0.0036043981289630854,0.003671682253970629,-0.002078539832288921,-0.006228989543409307,0.0,-0.012215914660639586,-0.0027791534409581983,0.0032215579187478277,0.0,13623000.0
2022-07-28,13623000.0,319239.0,1750.300048828125,107.13999938964844,13541857.142857144,13792433.333333334,-121392.44084095396,-126453.89351730022,40.14522821576763,13987525.331927614,13374974.668072386,0.0,0.0,0.017986345847998485,0.004865247600956311,0.006776191502416524,-0.002537195024654326,0.0008147256292718839,-0.0005171968049087384,0.0013131567669876756,-0.000756568166326809,0.006001129327011638,0.0036043981289630854,0.003671682253970629,0.0022187717112172817,0.0026066625943062566,-0.006159280360534849,0.004394645613749224,13683000.0
2022-07-30,13683000.0,317760.0,1750.300048828125,107.13999938964844,13562857.142857144,13767033.333333334,-106970.72282600589,-122557.25937904137,31.30952380952381,13985136.31569842,13373663.68430158,0.004394645613749224,-0.004643657706550358,0.0,0.0,0.0,0.0,0.017986345847998485,0.006776191502416524,-0.002537195024654326,0.0008147256292718839,-0.0005171968049087384,0.0013131567669876756,-0.000756568166326809,0.0,0.0,0.007736953992708003,-0.006231463293405212,13598000.0
2022-07-31,13598000.0,317030.0,1750.300048828125,107.13999938964844,13579000.0,13755800.0,-101233.2432094384,-118292.45614512078,35.636856368563684,13969080.547875281,13367819.452124719,-0.006231463293405212,-0.0022999742333719183,0.0,0.0,0.004394645613749224,-0.004643657706550358,0.0,0.0,0.0,0.017986345847998485,0.006776191502416524,-0.002537195024654326,0.0008147256292718839,-0.0037748462721741236,0.005130622860988091,0.0,0.004915096275763533,13665000.0
2022-08-01,13665000.0,316490.0,1769.0,100.02999877929688,13608714.285714285,13760033.333333334,-90239.68233367242,-112681.90138283113,40.993788819875775,13953240.708326703,13368459.291673297,0.004915096275763533,-0.0017047611149749724,0.01062718546599242,-0.06866625596232874,-0.006231463293405212,-0.0022999742333719183,0.0,0.004394645613749224,-0.004643657706550358,0.0,0.0,0.0,0.017986345847998485,-0.002078539832288921,-0.006228989543409307,0.0,-0.008451272054321382,13550000.0
2022-08-02,13550000.0,311750.0,1771.0999755859375,100.54000091552734,13610428.57142857,13759133.333333334,-89771.91033888422,-108099.90317404174,42.19948849104859,13934197.713537047,13360802.286462953,-0.008451272054321382,-0.015090060948314978,0.001186393518112395,0.005085538576810537,0.004915096275763533,-0.0017047611149749724,0.01062718546599242,-0.006231463293405212,-0.0022999742333719183,0.0,0.004394645613749224,-0.004643657706550358,0.0,0.006001129327011638,0.0036043981289630854,0.003671682253970629,0.013997517023927507,13741000.0
2022-08-03,13741000.0,315154.0,1758.0,96.77999877929688,13640428.57142857,13755733.333333334,-73145.91335904971,-101109.10521104335,53.54573484069887,13917455.15240449,13367144.84759551,0.013997517023927507,0.010859823687139086,-0.007424009432775246,-0.03811531861853275,-0.008451272054321382,-0.015090060948314978,0.001186393518112395,0.004915096275763533,-0.0017047611149749724,0.01062718546599242,-0.006231463293405212,-0.0022999742333719183,0.0,-0.0005171968049087384,0.0013131567669876756,-0.000756568166326809,0.0,13741000.0
2022-08-04,13741000.0,315154.0,1788.5,94.12000274658205,13657285.714285715,13735733.333333334,-59286.27568699606,-92744.5393062339,64.56009913258984,13906229.909788758,13371170.090211242,0.0,0.0,0.017200480453950028,-0.027869755711130928,0.013997517023927507,0.010859823687139086,-0.007424009432775246,-0.008451272054321382,-0.015090060948314978,0.001186393518112395,0.004915096275763533,-0.0017047611149749724,0.01062718546599242,0.006776191502416524,-0.002537195024654326,0.0008147256292718839,0.0,13741000.0
2022-08-05,13741000.0,317772.0,1772.9000244140625,94.91999816894533,13674142.857142856,13715733.333333334,-47751.95812983811,-83746.02307095475,63.19176319176319,13840512.404605439,13411287.595394561,0.0,0.00827273624692092,-0.008760642024044224,0.00846381923619221,0.0,0.0,0.017200480453950028,0.013997517023927507,0.010859823687139086,-0.007424009432775246,-0.008451272054321382,-0.015090060948314978,0.001186393518112395,0.0,0.0,0.017986345847998485,-0.00474159257258244,13676000.0
2022-08-06,13676000.0,317772.0,1772.9000244140625,94.91999816894533,13673142.857142856,13697100.0,-43356.102971041575,-75668.0390509721,58.31353919239905,13817347.844855942,13421052.155144058,-0.00474159257258244,0.0,0.0,0.0,0.0,0.00827273624692092,-0.008760642024044224,0.0,0.0,0.017200480453950028,0.013997517023927507,0.010859823687139086,-0.007424009432775246,0.004394645613749224,-0.004643657706550358,0.0,-0.006381829838694426,13589000.0
2022-08-09,13589000.0,311580.0,1794.0,96.30999755859376,13671857.142857144,13675166.666666666,-46358.14120308496,-69806.05948139468,55.922551252847384,13785001.141686423,13431298.858313577,-0.006381829838694426,-0.01967801740992328,0.01183112594371315,0.014537717946257028,-0.00474159257258244,0.0,0.0,0.0,0.00827273624692092,-0.008760642024044224,0.0,0.0,0.017200480453950028,-0.006231463293405212,-0.0022999742333719183,0.0,0.010468233657085263,13732000.0
2022-08-10,13732000.0,310026.0,1795.5999755859375,97.4000015258789,13681428.57142857,13678033.333333334,-36774.46014610119,-63199.73961433599,63.84692849949648,13794478.609189538,13427821.390810462,0.010468233657085263,-0.004999962154321685,0.0008914506924313416,0.01125409609128189,-0.006381829838694426,-0.01967801740992328,0.01183112594371315,-0.00474159257258244,0.0,0.0,0.0,0.00827273624692092,-0.008760642024044224,0.004915096275763533,-0.0017047611149749724,0.01062718546599242,0.0,13732000.0
2022-08-11,13732000.0,310026.0,1789.699951171875,99.5999984741211,13707428.57142857,13678433.333333334,-28846.795954491943,-56329.15088236718,60.6359649122807,13803534.904639374,13424765.095360626,0.0,0.0,-0.003291233570665182,0.022335922955885937,0.010468233657085263,-0.004999962154321685,0.0008914506924313416,-0.006381829838694426,-0.01967801740992328,0.01183112594371315,-0.00474159257258244,0.0,0.0,-0.008451272054321382,-0.015090060948314978,0.001186393518112395,-0.03331914047692371,13282000.0
2022-08-13,13282000.0,303110.0,1789.699951171875,99.5999984741211,13641857.142857144,13660600.0,-58204.36052283831,-56704.19281046141,40.81180811808119,13839808.807598207,13366091.192401793,-0.03331914047692371,-0.022560388998695766,0.0,0.0,0.0,0.0,-0.003291233570665182,0.010468233657085263,-0.004999962154321685,0.0008914506924313416,-0.006381829838694426,-0.01967801740992328,0.01183112594371315,0.013997517023927507,0.010859823687139086,-0.007424009432775246,-0.021075836217907092,13005000.0
2022-08-14,13005000.0,302030.0,1789.699951171875,99.5999984741211,13536714.285714285,13633533.333333334,-102638.86996501498,-65891.12824137213,29.93506493506493,13933419.474627309,13219380.525372691,-0.021075836217907092,-0.003569425741718524,0.0,0.0,-0.03331914047692371,-0.022560388998695766,0.0,0.0,0.0,-0.003291233570665182,0.010468233657085263,-0.004999962154321685,0.0008914506924313416,0.0,0.0,0.017200480453950028,0.0017669885133721204,13028000.0
2022-08-15,13028000.0,302380.0,1781.4000244140625,95.0999984741211,13434857.142857144,13607233.333333334,-134447.80049703456,-79602.46269250462,30.9660908509277,13984263.260191284,13117736.739808716,0.0017669885133721204,0.0011581543625085045,-0.004648395037752307,-0.046233195764132304,-0.021075836217907092,-0.003569425741718524,0.0,-0.03331914047692371,-0.022560388998695766,0.0,0.0,0.0,-0.003291233570665182,0.0,0.00827273624692092,-0.008760642024044224,-0.014146256852140191,12845000.0
2022-08-16,12845000.0,297730.0,1773.199951171875,92.33999633789062,13316142.857142856,13573900.0,-172435.44919879176,-98169.05999376206,25.14827995255041,14055117.81894419,12982882.18105581,-0.014146256852140191,-0.015497469017685131,-0.0046137893685845414,-0.029451576086479567,0.0017669885133721204,0.0011581543625085045,-0.004648395037752307,-0.021075836217907092,-0.003569425741718524,0.0,-0.03331914047692371,-0.022560388998695766,0.0,-0.00474159257258244,0.0,0.0,-0.007344930660442043,12751000.0
2022-08-17,12751000.0,289976.0,1760.300048828125,93.6500015258789,13196428.57142857,13538500.0,-207731.35118223354,-120081.51823145636,25.014749262536867,14120520.09357349,12846879.90642651,-0.007344930660442043,-0.02638887459922344,-0.007301519543719817,0.01408706776364762,-0.014146256852140191,-0.015497469017685131,-0.0046137893685845414,0.0017669885133721204,0.0011581543625085045,-0.004648395037752307,-0.021075836217907092,-0.003569425741718524,0.0,-0.006381829838694426,-0.01967801740992328,0.01183112594371315,0.0,12751000.0
2022-08-18,12751000.0,289976.0,1755.300048828125,96.58999633789062,13056285.714285715,13496966.666666666,-233017.52679681405,-142668.7199445279,21.928746928746918,14159486.578784633,12729213.421215367,0.0,0.0,-0.0028444665106128974,0.030910733093725374,-0.007344930660442043,-0.02638887459922344,-0.007301519543719817,-0.014146256852140191,-0.015497469017685131,-0.0046137893685845414,0.0017669885133721204,0.0011581543625085045,-0.004648395037752307,0.010468233657085263,-0.004999962154321685,0.0008914506924313416,-0.03106334499571875,12361000.0
2022-08-20,12361000.0,290510.0,1755.300048828125,96.58999633789062,12860428.57142857,13448666.666666666,-281284.27376781777,-170391.8307091859,18.7598528638991,14247542.404515672,12524157.595484328,-0.03106334499571875,0.0018398381722649997,0.0,0.0,0.0,0.0,-0.0028444665106128974,-0.007344930660442043,-0.02638887459922344,-0.007301519543719817,-0.014146256852140191,-0.015497469017685131,-0.0046137893685845414,0.0,0.0,-0.003291233570665182,-0.001943477816358487,12337000.0
2022-08-21,12337000.0,293440.0,1755.300048828125,96.58999633789062,12725428.57142857,13399566.666666666,-317809.112291906,-199875.28702572992,9.562211981566819,14293590.387941508,12349509.612058492,-0.001943477816358487,0.010035189960688551,0.0,0.0,-0.03106334499571875,0.0018398381722649997,0.0,0.0,0.0,-0.0028444665106128974,-0.007344930660442043,-0.02638887459922344,-0.007301519543719817,-0.03331914047692371,-0.022560388998695766,0.0,0.014005380245935353,12511000.0
2022-08-22,12511000.0,293350.0,1734.0,96.4800033569336,12654857.142857144,13360866.666666666,-328923.34062511474,-225684.8977456069,17.801047120418843,14291147.177440312,12240752.822559688,0.014005380245935353,-0.0003067536962311445,-0.012208931939350891,-0.0011394105042815473,-0.001943477816358487,0.010035189960688551,0.0,-0.03106334499571875,0.0018398381722649997,0.0,0.0,0.0,-0.0028444665106128974,-0.021075836217907092,-0.003569425741718524,0.0,-0.0020803336035263614,12485000.0
2022-08-23,12485000.0,290870.0,1746.800048828125,100.22000122070312,12577285.714285715,13321300.0,-335956.7293121014,-247739.2640589058,17.56198347107437,14267982.791014375,12144117.208985625,-0.0020803336035263614,-0.008490003411550727,0.007354692223817934,0.03803201393885076,0.014005380245935353,-0.0003067536962311445,-0.012208931939350891,-0.001943477816358487,0.010035189960688551,0.0,-0.03106334499571875,0.0018398381722649997,0.0,0.0017669885133721204,0.0011581543625085045,-0.004648395037752307,0.028426706830110317,12845000.0
2022-08-24,12845000.0,297751.0,1747.800048828125,101.22000122070312,12577285.714285715,13299266.666666666,-308920.7035903726,-259975.55196519918,31.376064545047072,14225203.800941411,12111596.199058589,0.028426706830110317,0.02338113479170172,0.0005723115660449006,0.009928596134019004,-0.0020803336035263614,-0.008490003411550727,0.007354692223817934,0.014005380245935353,-0.0003067536962311445,-0.012208931939350891,-0.001943477816358487,0.010035189960688551,0.0,-0.014146256852140191,-0.015497469017685131,-0.0046137893685845414,0.0,12845000.0
2022-08-25,12845000.0,297751.0,1757.699951171875,99.33999633789062,12590714.285714285,13276233.333333334,-284218.16829738766,-264824.0752316369,32.64925373134328,14166561.483829,12088238.516171,0.0,0.0,0.005648226308946638,-0.018748105031027338,0.028426706830110317,0.02338113479170172,0.0005723115660449006,-0.0020803336035263614,-0.008490003411550727,0.007354692223817934,0.014005380245935353,-0.0003067536962311445,-0.012208931939350891,-0.007344930660442043,-0.02638887459922344,-0.007301519543719817,-0.02235785485673089,12561000.0
2022-08-27,12561000.0,295740.0,1757.699951171875,99.33999633789062,12563571.42857143,13243733.333333334,-284280.64727527834,-268715.3896403652,24.37636761487964,14126521.052733948,12029378.947266052,-0.02235785485673089,-0.006776876806678461,0.0,0.0,0.0,0.0,0.005648226308946638,0.028426706830110317,0.02338113479170172,0.0005723115660449006,-0.0020803336035263614,-0.008490003411550727,0.007354692223817934,0.0,0.0,-0.0028444665106128974,0.006823257192723408,12647000.0
2022-08-28,12647000.0,297120.0,1757.699951171875,99.33999633789062,12604428.57142857,13215800.0,-274229.53368501924,-269818.218449296,27.1193589202868,14039835.79776157,12006664.20223843,0.006823257192723408,0.004655407659054301,0.0,0.0,-0.02235785485673089,-0.006776876806678461,0.0,0.0,0.0,0.005648226308946638,0.028426706830110317,0.02338113479170172,0.0005723115660449006,-0.03106334499571875,0.0018398381722649997,0.0,0.0005533378268532008,12654000.0
2022-08-29,12654000.0,298580.0,1736.5999755859375,105.08999633789062,12649714.285714285,13189033.333333334,-262671.20214068517,-268388.8151875739,33.71369294605809,13939084.334085675,11998715.665914325,0.0005533378268532008,0.004901806021048485,-0.012076943871292984,0.05626881821533653,0.006823257192723408,0.004655407659054301,0.0,-0.02235785485673089,-0.006776876806678461,0.0,0.0,0.0,0.005648226308946638,-0.001943477816358487,0.010035189960688551,0.0,0.002919710103334846,12691000.0
2022-08-30,12691000.0,299530.0,1723.199951171875,99.30999755859376,12675428.57142857,13160800.0,-247670.55831374973,-264245.1638128091,40.69905213270142,13822163.85908307,12010636.14091693,0.002919710103334846,0.0031766758585946657,-0.007746165501607033,-0.05657084469856444,0.0005533378268532008,0.004901806021048485,-0.012076943871292984,0.006823257192723408,0.004655407659054301,0.0,-0.02235785485673089,-0.006776876806678461,0.0,0.014005380245935353,-0.0003067536962311445,-0.012208931939350891,-0.010057499151627163,12564000.0
2022-08-31,12564000.0,299030.0,1712.800048828125,96.48999786376952,12686714.285714285,13128566.666666666,-243226.51476485468,-260041.43400321822,37.05357142857143,13704638.99686586,12016961.00313414,-0.010057499151627163,-0.001670676678355913,-0.006053512283144235,-0.02880689243868261,0.002919710103334846,0.0031766758585946657,-0.007746165501607033,0.0005533378268532008,0.004901806021048485,-0.012076943871292984,0.006823257192723408,0.004655407659054301,0.0,-0.0020803336035263614,-0.008490003411550727,0.007354692223817934,0.0,12564000.0
2022-09-01,12564000.0,298470.0,1696.5999755859375,92.36000061035156,12646571.42857143,13093266.666666666,-236972.90212950855,-255427.7276284763,41.26786824114356,13589238.055030918,12029861.944969082,0.0,-0.001874477536304851,-0.009503252799611197,-0.043745362798202736,-0.010057499151627163,-0.001670676678355913,-0.006053512283144235,0.002919710103334846,0.0031766758585946657,-0.007746165501607033,0.0005533378268532008,0.004901806021048485,-0.012076943871292984,0.028426706830110317,0.02338113479170172,0.0005723115660449006,0.02126231765192353,12834000.0
2022-09-03,12834000.0,302640.0,1696.5999755859375,92.36000061035156,12645000.0,13066966.666666666,-207834.34063880332,-245909.05023054173,52.324929971988794,13413041.134391809,12116258.865608191,0.02126231765192353,0.013874555055395692,0.0,0.0,0.0,-0.001874477536304851,-0.009503252799611197,-0.010057499151627163,-0.001670676678355913,-0.006053512283144235,0.002919710103334846,0.0031766758585946657,-0.007746165501607033,0.0,0.0,0.005648226308946638,-0.0081364867590084,12730000.0
2022-09-04,12730000.0,302260.0,1696.5999755859375,92.36000061035156,12669142.857142856,13035200.0,-190932.7971274089,-234913.79960991518,49.4441503440974,13176168.879026502,12252931.120973498,-0.0081364867590084,-0.0012564061827992055,0.0,0.0,0.02126231765192353,0.013874555055395692,0.0,0.0,-0.001874477536304851,-0.009503252799611197,-0.010057499151627163,-0.001670676678355913,-0.006053512283144235,-0.02235785485673089,-0.006776876806678461,0.0,0.0025105928768400254,12762000.0
2022-09-05,12762000.0,302420.0,1696.5999755859375,92.36000061035156,12685571.42857143,13007333.333333334,-172962.26819822565,-222523.49332757728,63.09601567602874,13066611.245386457,12310488.754613543,0.0025105928768400254,0.0005292055425484838,0.0,0.0,-0.0081364867590084,-0.0012564061827992055,0.0,0.02126231765192353,0.013874555055395692,0.0,0.0,-0.001874477536304851,-0.009503252799611197,0.006823257192723408,0.004655407659054301,0.0,-0.0003134796263915741,12758000.0
2022-09-06,12758000.0,302150.0,1700.4000244140625,92.83000183105467,12700428.57142857,12977100.0,-157230.80230558105,-209464.95512317805,63.931171409662475,13025801.637958348,12326598.362041652,-0.0003134796263915741,-0.0008931968769555296,0.002237297858828767,0.005075892041965243,0.0025105928768400254,0.0005292055425484838,0.0,-0.0081364867590084,-0.0012564061827992055,0.0,0.02126231765192353,0.013874555055395692,0.0,0.0005533378268532008,0.004901806021048485,-0.012076943871292984,0.005393798497950111,12827000.0
2022-09-07,12827000.0,302380.0,1715.300048828125,88.0,12719857.142857144,12953000.0,-137609.50222096592,-195093.86454273565,61.237553342816504,12983211.690826051,12349088.309173949,0.005393798497950111,0.0007609217444875171,0.00872448903953951,-0.053433068658450524,-0.0003134796263915741,-0.0008931968769555296,0.002237297858828767,0.0025105928768400254,0.0005292055425484838,0.0,-0.0081364867590084,-0.0012564061827992055,0.0,0.002919710103334846,0.0031766758585946657,-0.007746165501607033,0.0,12827000.0
2022-09-08,12827000.0,302410.0,1708.0,89.1500015258789,12757428.57142857,12922533.333333334,-120668.48930884898,-180208.7894959583,62.39130434782609,12980269.715339584,12350230.284660416,0.0,9.920798963140882e-05,-0.004264925533494193,0.012983546946802652,0.005393798497950111,0.0007609217444875171,0.00872448903953951,-0.0003134796263915741,-0.0008931968769555296,0.002237297858828767,0.0025105928768400254,0.0005292055425484838,0.0,-0.010057499151627163,-0.001670676678355913,-0.006053512283144235,0.012550521107433156,12989000.0
2022-09-10,12989000.0,309100.0,1708.0,89.1500015258789,12818142.857142856,12897466.666666666,-93097.39954227582,-162786.5115052218,56.09137055837563,13022344.54469069,12331955.45530931,0.012550521107433156,0.02188113659638416,0.0,0.0,0.0,9.920798963140882e-05,-0.004264925533494193,0.005393798497950111,0.0007609217444875171,0.00872448903953951,-0.0003134796263915741,-0.0008931968769555296,0.002237297858828767,0.0,-0.001874477536304851,-0.009503252799611197,0.02057372170743469,13259000.0
2022-09-11,13259000.0,309760.0,1708.0,89.1500015258789,12878857.142857144,12881400.0,-48896.717821544036,-140008.55276848626,64.25619834710744,13134485.411838392,12270614.588161608,0.02057372170743469,0.0021329549501415855,0.0,0.0,0.012550521107433156,0.02188113659638416,0.0,0.0,9.920798963140882e-05,-0.004264925533494193,0.005393798497950111,0.0007609217444875171,0.00872448903953951,0.02126231765192353,0.013874555055395692,0.0,0.009009746358900441,13379000.0
2022-09-12,13379000.0,317060.0,1728.0999755859375,94.0,12971571.42857143,12871500.0,-4136.67695405893,-112834.1776056008,81.75465838509317,13250877.265246416,12256022.734753584,0.009009746358900441,0.023293226326869563,0.011699429583739833,0.05297442084499482,0.02057372170743469,0.0021329549501415855,0.0,0.012550521107433156,0.02188113659638416,0.0,0.0,9.920798963140882e-05,-0.004264925533494193,-0.0081364867590084,-0.0012564061827992055,0.0,-0.009537829053832781,13252000.0
2022-09-13,13252000.0,313750.0,1705.0,93.16999816894533,13041571.42857143,12860266.666666666,20847.81861965917,-86097.77836054881,72.7614747930775,13303616.536312267,12294783.463687733,-0.009537829053832781,-0.010494539969088116,-0.013457414214637989,-0.008869020460505864,0.009009746358900441,0.023293226326869563,0.011699429583739833,0.02057372170743469,0.0021329549501415855,0.0,0.012550521107433156,0.02188113659638416,0.0,0.0025105928768400254,0.0005292055425484838,0.0,-0.0021151239189263643,13224000.0
2022-09-14,13224000.0,315540.0,1696.5,94.0999984741211,13108142.857142856,12843333.333333334,37951.36565183289,-61287.949558072476,71.11111111111111,13354069.768904319,12315630.231095681,-0.0021151239189263643,0.005688966383314276,-0.004997805493332346,0.009932268566332008,-0.009537829053832781,-0.010494539969088116,-0.013457414214637989,0.009009746358900441,0.023293226326869563,0.011699429583739833,0.02057372170743469,0.0021329549501415855,0.0,-0.0003134796263915741,-0.0008931968769555296,0.002237297858828767,0.0,13224000.0
2022-09-15,13224000.0,315560.0,1665.4000244140625,90.83999633789062,13164857.142857144,12826400.0,50919.08636761829,-38846.542372934324,70.29702970297029,13391371.72647034,12352228.27352966,0.0,6.338139758103256e-05,-0.018501955762987212,-0.035258353452314824,-0.0021151239189263643,0.005688966383314276,-0.004997805493332346,-0.009537829053832781,-0.010494539969088116,-0.013457414214637989,0.009009746358900441,0.023293226326869563,0.011699429583739833,0.005393798497950111,0.0007609217444875171,0.00872448903953951,-0.011790346903824162,13069000.0
2022-09-18,13069000.0,316540.0,1665.4000244140625,90.83999633789062,13199428.57142857,12819300.0,48134.034662120044,-21450.426965923452,68.82923191648024,13409746.918158498,12356253.081841502,-0.011790346903824162,0.0031007776782481854,0.0,0.0,0.0,6.338139758103256e-05,-0.018501955762987212,-0.0021151239189263643,0.005688966383314276,-0.004997805493332346,-0.009537829053832781,-0.010494539969088116,-0.013457414214637989,0.0,9.920798963140882e-05,-0.004264925533494193,-0.000306114642323112,13065000.0
2022-09-19,13065000.0,316740.0,1666.199951171875,92.0,13210285.714285715,12821300.0,45084.389768501744,-8143.4636190384135,68.62453531598513,13426562.029992258,12361437.970007742,-0.000306114642323112,0.0006316321584427759,0.00048020577443045004,0.012688900125524996,-0.011790346903824162,0.0031007776782481854,0.0,0.0,6.338139758103256e-05,-0.018501955762987212,-0.0021151239189263643,0.005688966383314276,-0.004997805493332346,0.012550521107433156,0.02188113659638416,0.0,0.01118860855596735,13212000.0
2022-09-20,13212000.0,317130.0,1659.699951171875,90.62000274658205,13203571.42857143,12827433.333333334,53907.780353061855,4266.785175381641,65.46644844517185,13452958.076645767,12400141.923354233,0.01118860855596735,0.0012305363851013921,-0.0039087215289053045,-0.015113607501264172,-0.000306114642323112,0.0006316321584427759,0.00048020577443045004,-0.011790346903824162,0.0031007776782481854,0.0,0.0,6.338139758103256e-05,-0.018501955762987212,0.02057372170743469,0.0021329549501415855,0.0,0.008366357449531674,13323000.0
2022-09-21,13323000.0,316730.0,1664.5999755859375,89.83000183105469,13195571.42857143,12843366.666666666,69061.06037967838,17225.64021624099,74.1253051261188,13497873.864831284,12422826.135168716,0.008366357449531674,-0.0012621085195383072,0.002948005938547933,-0.008755953923106723,0.01118860855596735,0.0012305363851013921,-0.0039087215289053045,-0.000306114642323112,0.0006316321584427759,0.00048020577443045004,-0.011790346903824162,0.0031007776782481854,0.0,0.009009746358900441,0.023293226326869563,0.011699429583739833,0.0,13323000.0
2022-09-22,13323000.0,316660.0,1670.800048828125,90.45999908447266,13205714.285714285,12862433.333333334,80146.26768965274,29809.76571092334,73.43358395989975,13534309.155674927,12453290.844325073,0.0,-0.00022103285585492542,0.0037177432020477504,0.006988738304230189,0.008366357449531674,-0.0012621085195383072,0.002948005938547933,0.01118860855596735,0.0012305363851013921,-0.0039087215289053045,-0.000306114642323112,0.0006316321584427759,0.00048020577443045004,-0.009537829053832781,-0.010494539969088116,-0.013457414214637989,-0.016192847762402696,13109000.0
2022-09-24,13109000.0,317010.0,1670.800048828125,90.45999908447266,13189285.714285715,12874366.666666666,70846.68632066064,38017.149832870804,62.47334754797441,13537961.069991283,12491438.930008717,-0.016192847762402696,0.0011046760477609347,0.0,0.0,0.0,-0.00022103285585492542,0.0037177432020477504,0.008366357449531674,-0.0012621085195383072,0.002948005938547933,0.01118860855596735,0.0012305363851013921,-0.0039087215289053045,-0.0021151239189263643,0.005688966383314276,-0.004997805493332346,0.0003050873336148891,13113000.0
2022-09-26,13113000.0,316810.0,1623.300048828125,84.05999755859375,13173428.57142857,12899433.333333334,63072.408196002245,43028.2015054971,60.65573770491803,13521628.345924534,12562671.654075466,0.0003050873336148891,-0.0006310940223975181,-0.02884143845107477,-0.07337695339554393,-0.016192847762402696,0.0011046760477609347,0.0,0.0,-0.00022103285585492542,0.0037177432020477504,0.008366357449531674,-0.0012621085195383072,0.002948005938547933,0.0,6.338139758103256e-05,-0.018501955762987212,0.014009543430976115,13298000.0
2022-09-28,13298000.0,318440.0,1660.4000244140625,89.31999969482422,13206142.857142856,12931466.666666666,71020.51042658463,48626.663289714605,65.42239685658153,13514598.97409065,12643101.02590935,0.014009543430976115,0.005131849121725829,0.022597407486263564,0.060694623021944824,0.0003050873336148891,-0.0006310940223975181,-0.02884143845107477,-0.016192847762402696,0.0011046760477609347,0.0,0.0,-0.00022103285585492542,0.0037177432020477504,-0.011790346903824162,0.0031007776782481854,0.0,0.0,13298000.0
2022-09-29,13298000.0,318480.0,1658.5,88.48999786376953,13239428.57142857,12957700.0,76438.3055026643,54188.991732304545,61.318681318681314,13532282.972383937,12671817.027616063,0.0,0.00012560447168428085,-0.0011449724954999327,-0.009335896416966983,0.014009543430976115,0.005131849121725829,0.022597407486263564,0.0003050873336148891,-0.0006310940223975181,-0.02884143845107477,-0.016192847762402696,0.0011046760477609347,0.0,-0.000306114642323112,0.0006316321584427759,0.00048020577443045004,0.034660776100542884,13767000.0
2022-10-01,13767000.0,331520.0,1658.5,88.48999786376953,13318714.285714285,13000433.333333334,117225.03035711311,66796.19945726627,66.24040920716112,13641470.950302567,12666329.049697433,0.034660776100542884,0.0401284609390018,0.0,0.0,0.0,0.00012560447168428085,-0.0011449724954999327,0.014009543430976115,0.005131849121725829,0.022597407486263564,0.0003050873336148891,-0.0006310940223975181,-0.02884143845107477,0.01118860855596735,0.0012305363851013921,-0.0039087215289053045,0.01162677838508168,13928000.0
2022-10-02,13928000.0,332420.0,1658.5,88.48999786376953,13405142.857142856,13036533.333333334,160687.84862932004,85574.52929167703,67.10280373831776,13775435.614902625,12648964.385097375,0.01162677838508168,0.0027110900119005263,0.0,0.0,0.034660776100542884,0.0401284609390018,0.0,0.0,0.00012560447168428085,-0.0011449724954999327,0.014009543430976115,0.005131849121725829,0.022597407486263564,0.008366357449531674,-0.0012621085195383072,0.002948005938547933,0.0041556268157872,13986000.0
2022-10-03,13986000.0,330950.0,1692.9000244140625,88.86000061035156,13499857.142857144,13074566.666666666,197535.49429980293,107966.72229330221,73.89322916666666,13893265.920179237,12653934.079820763,0.0041556268157872,-0.004431923078032222,0.020529469677540803,0.0041725772381165,0.01162677838508168,0.0027110900119005263,0.0,0.034660776100542884,0.0401284609390018,0.0,0.0,0.00012560447168428085,-0.0011449724954999327,0.0,-0.00022103285585492542,0.0037177432020477504,0.0,13986000.0
2022-10-04,13986000.0,331020.0,1721.0999755859375,91.8000030517578,13625142.857142856,13122066.666666666,224153.61561656743,131204.10095795526,75.26525198938992,13990868.779219568,12672231.220780432,0.0,0.00021148994746256653,0.016520558026136452,0.032550226493543444,0.0041556268157872,-0.004431923078032222,0.020529469677540803,0.01162677838508168,0.0027110900119005263,0.0,0.034660776100542884,0.0401284609390018,0.0,-0.016192847762402696,0.0011046760477609347,0.0,-0.01614565850138694,13762000.0
2022-10-05,13762000.0,326316.0,1711.4000244140625,93.37000274658205,13717857.142857144,13159233.333333334,224584.8660429027,149880.25397494476,65.5311778290993,14019324.870196568,12737275.129803432,-0.01614565850138694,-0.014312559484569727,-0.005651843841279974,0.016957793041949255,0.0,0.00021148994746256653,0.016520558026136452,0.0041556268157872,-0.004431923078032222,0.020529469677540803,0.01162677838508168,0.0027110900119005263,0.0,0.0003050873336148891,-0.0006310940223975181,-0.02884143845107477,-0.019147414005179077,13501000.0
2022-10-08,13501000.0,323070.0,1711.4000244140625,93.37000274658205,13746857.142857144,13187466.666666666,201542.85579524003,160212.77433900384,61.7519042437432,14019868.18099639,12787931.81900361,-0.019147414005179077,-0.00999721901892543,0.0,0.0,-0.01614565850138694,-0.014312559484569727,-0.005651843841279974,0.0,0.00021148994746256653,0.016520558026136452,0.0041556268157872,-0.004431923078032222,0.020529469677540803,0.014009543430976115,0.005131849121725829,0.022597407486263564,0.0027367893113067116,13538000.0
2022-10-09,13538000.0,324910.0,1711.4000244140625,93.37000274658205,13781142.857142856,13215700.0,184144.78103373386,164999.17567794985,62.64029930518439,14032637.006334629,12803062.993665371,0.0027367893113067116,0.0056792028936395985,0.0,0.0,-0.019147414005179077,-0.00999721901892543,0.0,-0.01614565850138694,-0.014312559484569727,-0.005651843841279974,0.0,0.00021148994746256653,0.016520558026136452,0.0,0.00012560447168428085,-0.0011449724954999327,0.0044221770178519484,13598000.0
2022-10-10,13598000.0,327410.0,1667.300048828125,96.19000244140624,13757000.0,13250166.666666666,173201.6195421405,166639.664450788,60.81838565022422,14048455.45604838,12809144.54395162,0.0044221770178519484,0.00766498724550571,-0.026106182397345266,0.029755303633663,0.0027367893113067116,0.0056792028936395985,0.0,-0.019147414005179077,-0.00999721901892543,0.0,-0.01614565850138694,-0.014312559484569727,-0.005651843841279974,0.034660776100542884,0.0401284609390018,0.0,0.0011759519214917546,13614000.0
2022-10-11,13614000.0,326480.0,1678.699951171875,94.29000091552734,13712142.857142856,13285166.666666666,163930.46316505782,166097.82419364198,58.6145648312611,14065958.674202425,12827841.325797575,0.0011759519214917546,-0.0028445170504944636,0.006814074389340839,-0.019950278358322457,0.0044221770178519484,0.00766498724550571,-0.026106182397345266,0.0027367893113067116,0.0056792028936395985,0.0,-0.019147414005179077,-0.00999721901892543,0.0,0.01162677838508168,0.0027110900119005263,0.0,0.00014689680525856847,13616000.0
2022-10-12,13616000.0,329540.0,1670.300048828125,92.4499969482422,13659285.714285715,13311233.333333334,154958.12739195488,163869.88483330456,58.66351271437019,14080646.733709719,12852353.266290281,0.00014689680525856847,0.009329051531735159,-0.005016375012451831,-0.019707224363969024,0.0011759519214917546,-0.0028445170504944636,0.006814074389340839,0.0044221770178519484,0.00766498724550571,-0.026106182397345266,0.0027367893113067116,0.0056792028936395985,0.0,0.0041556268157872,-0.004431923078032222,0.020529469677540803,0.0,13616000.0
2022-10-13,13616000.0,329460.0,1670.0,94.56999969482422,13606428.57142857,13340766.666666666,146162.61500685476,160328.4308680146,67.16316858496953,14092634.209561523,12879565.790438477,0.0,-0.00024279211044907087,-0.00017965381824740632,0.022672372977123784,0.00014689680525856847,0.009329051531735159,-0.005016375012451831,0.0011759519214917546,-0.0028445170504944636,0.006814074389340839,0.0044221770178519484,0.00766498724550571,-0.026106182397345266,0.0,0.00021148994746256653,0.016520558026136452,-0.004859024505308405,13550000.0
2022-10-15,13550000.0,331210.0,1670.0,94.56999969482422,13576142.857142856,13367033.333333334,132340.9159586206,154730.92788613582,64.19753086419753,14084329.60696339,12935970.39303661,-0.004859024505308405,0.005297664773176727,0.0,0.0,0.0,-0.00024279211044907087,-0.00017965381824740632,0.00014689680525856847,0.009329051531735159,-0.005016375012451831,0.0011759519214917546,-0.0028445170504944636,0.006814074389340839,-0.01614565850138694,-0.014312559484569727,-0.005651843841279974,-0.004289630126306127,13492000.0
2022-10-16,13492000.0,328570.0,1670.0,94.56999969482422,13574857.142857144,13391500.0,115377.0102546364,146860.14435983595,56.86968838526913,14066396.940393293,12996603.059606707,-0.004289630126306127,-0.008002710265624003,0.0,0.0,-0.004859024505308405,0.005297664773176727,0.0,0.0,-0.00024279211044907087,-0.00017965381824740632,0.00014689680525856847,0.009329051531735159,-0.005016375012451831,-0.019147414005179077,-0.00999721901892543,0.0,-0.0031178111515557257,13450000.0
2022-10-17,13450000.0,328450.0,1657.0,91.62000274658205,13562285.714285715,13412266.666666666,97420.9358682707,136972.3026615229,55.22696011004127,14058595.374284564,13028204.625715436,-0.0031178111515557257,-0.00036528568790700395,-0.007814887984237863,-0.03169067936386741,-0.004289630126306127,-0.008002710265624003,0.0,-0.004859024505308405,0.005297664773176727,0.0,0.0,-0.00024279211044907087,-0.00017965381824740632,0.0027367893113067116,0.0056792028936395985,0.0,-0.003425936172784126,13404000.0
2022-10-18,13404000.0,327940.0,1649.0,90.02999877929688,13534571.42857143,13431500.0,78573.0606553834,125292.45426029501,32.39573229873909,14056588.167577537,13038311.832422463,-0.003425936172784126,-0.0015539545167596515,-0.004839694866963967,-0.0175066838750335,-0.0031178111515557257,-0.00036528568790700395,-0.007814887984237863,-0.004289630126306127,-0.008002710265624003,0.0,-0.004859024505308405,0.005297664773176727,0.0,0.0044221770178519484,0.00766498724550571,-0.026106182397345266,0.0001491980607020425,13406000.0
2022-10-19,13406000.0,326510.0,1627.5,92.41000366210938,13504857.142857144,13445400.0,63070.331521008164,112848.02971243765,20.068807339449535,14054347.985418247,13048852.014581753,0.0001491980607020425,-0.004370088702897343,-0.013123948476874548,0.02609230296734089,-0.003425936172784126,-0.0015539545167596515,-0.004839694866963967,-0.0031178111515557257,-0.00036528568790700395,-0.007814887984237863,-0.004289630126306127,-0.008002710265624003,0.0,0.0011759519214917546,-0.0028445170504944636,0.006814074389340839,0.0,13406000.0
2022-10-20,13406000.0,326550.0,1630.800048828125,92.37999725341795,13474857.142857144,13450300.0,50205.56844967604,100319.53745988534,14.373464373464387,14030183.805221556,13102716.194778444,0.0,0.0001225002298411476,0.00202562680358335,-0.0003247622577681975,0.0001491980607020425,-0.004370088702897343,-0.013123948476874548,-0.003425936172784126,-0.0015539545167596515,-0.004839694866963967,-0.0031178111515557257,-0.00036528568790700395,-0.007814887984237863,0.00014689680525856847,0.009329051531735159,-0.005016375012451831,0.0010437636077698612,13420000.0
2022-10-22,13420000.0,328120.0,1630.800048828125,92.37999725341795,13446857.142857144,13451666.666666666,40671.00400974788,88389.83076985784,15.821256038647348,14000469.873716626,13163130.126283374,0.0010437636077698612,0.0047963187858830495,0.0,0.0,0.0,0.0001225002298411476,0.00202562680358335,0.0001491980607020425,-0.004370088702897343,-0.013123948476874548,-0.003425936172784126,-0.0015539545167596515,-0.004839694866963967,0.0,-0.00024279211044907087,-0.00017965381824740632,-0.0038075375425502844,13369000.0
2022-10-23,13369000.0,327630.0,1630.800048828125,92.37999725341795,13421000.0,13455566.666666666,28669.040371518582,76445.67269019,20.0,13994994.402918074,13175705.597081926,-0.0038075375425502844,-0.0014944722568024016,0.0,0.0,0.0010437636077698612,0.0047963187858830495,0.0,0.0,0.0001225002298411476,0.00202562680358335,0.0001491980607020425,-0.004370088702897343,-0.013123948476874548,-0.004859024505308405,0.005297664773176727,0.0,0.008491038650951967,13483000.0
2022-10-24,13483000.0,328700.0,1648.699951171875,93.26000213623048,13419714.285714285,13464200.0,28033.096890036017,66763.15753015921,48.22834645669292,13984818.50828802,13204381.49171198,0.008491038650951967,0.0032605577924269494,0.010916347064687795,0.009480839015246448,-0.0038075375425502844,-0.0014944722568024016,0.0,0.0010437636077698612,0.0047963187858830495,0.0,0.0,0.0001225002298411476,0.00202562680358335,-0.004289630126306127,-0.008002710265624003,0.0,0.009815939179080819,13616000.0
2022-10-25,13616000.0,328880.0,1652.800048828125,93.5199966430664,13443428.57142857,13477266.666666666,37825.071690699086,60975.54036226719,56.45695364238411,13968978.88563738,13205121.11436262,0.009815939179080819,0.000547461919449169,0.0024837799570480903,0.0027839669821014186,0.008491038650951967,0.0032605577924269494,0.010916347064687795,-0.0038075375425502844,-0.0014944722568024016,0.0,0.0010437636077698612,0.0047963187858830495,0.0,-0.0031178111515557257,-0.00036528568790700395,-0.007814887984237863,-0.005612075504726822,13539800.0
2022-10-26,13539800.0,330570.0,1664.0,95.69000244140624,13462828.57142857,13492960.0,38987.15939274803,56577.86416836336,45.307965172524995,13914454.571417306,13220825.428582694,-0.005612075504726822,0.0051254945781722865,0.006753493473110318,0.0229385440364167,0.009815939179080819,0.000547461919449169,0.0024837799570480903,0.008491038650951967,0.0032605577924269494,0.010916347064687795,-0.0038075375425502844,-0.0014944722568024016,0.0,-0.003425936172784126,-0.0015539545167596515,-0.004839694866963967,0.0,13539800.0
2022-10-27,13539800.0,330520.0,1660.699951171875,96.95999908447266,13481942.857142856,13508786.666666666,39453.32885284349,53152.9571052594,43.85964912280702,13830812.74977843,13259847.25022157,0.0,-0.00015126533481168598,-0.001985171570581598,0.01318468757381029,-0.005612075504726822,0.0051254945781722865,0.006753493473110318,0.009815939179080819,0.000547461919449169,0.0024837799570480903,0.008491038650951967,0.0032605577924269494,0.010916347064687795,0.0001491980607020425,-0.004370088702897343,-0.013123948476874548,0.0015645297795167366,13561000.0
2022-10-29,13561000.0,329740.0,1660.699951171875,96.95999908447266,13504085.714285715,13520420.0,41060.1188417729,50734.3894525621,45.588707090150784,13720977.596681494,13327182.403318506,0.0015645297795167366,-0.0023627066999511092,0.0,0.0,0.0,-0.00015126533481168598,-0.001985171570581598,-0.005612075504726822,0.0051254945781722865,0.006753493473110318,0.009815939179080819,0.000547461919449169,0.0024837799570480903,0.0,0.0001225002298411476,0.00202562680358335,0.0032393461294013344,13605000.0
2022-10-30,13605000.0,332450.0,1660.699951171875,96.95999908447266,13530514.285714285,13529820.0,45361.04981495999,49659.72152504168,49.17590650284687,13683474.430007167,13348985.569992833,0.0032393461294013344,0.00818500771543137,0.0,0.0,0.0015645297795167366,-0.0023627066999511092,0.0,0.0,-0.00015126533481168598,-0.001985171570581598,-0.005612075504726822,0.0051254945781722865,0.006753493473110318,0.0010437636077698612,0.0047963187858830495,0.0,0.010455986752377808,13748000.0
2022-10-31,13748000.0,334720.0,1635.9000244140625,94.83000183105467,13584657.142857144,13543986.666666666,59621.19744563103,51652.01670915955,63.29930145083288,13725019.76015161,13332140.23984839,0.010455986752377808,0.006804888588039355,-0.015046044286513531,-0.022212678674236163,0.0032393461294013344,0.00818500771543137,0.0,0.0015645297795167366,-0.0023627066999511092,0.0,0.0,-0.00015126533481168598,-0.001985171570581598,-0.0038075375425502844,-0.0014944722568024016,0.0,0.015660840409552578,13965000.0
2022-11-01,13965000.0,346060.0,1645.0,94.6500015258789,13653514.285714285,13572520.0,87424.77524806,58806.56841693964,76.17887978746955,13826964.287066652,13272895.712933348,0.015660840409552578,0.0333178089919989,0.005547257675413403,-0.0018999404278390304,0.010455986752377808,0.006804888588039355,-0.015046044286513531,0.0032393461294013344,0.00818500771543137,0.0,0.0015645297795167366,-0.0023627066999511092,0.0,0.008491038650951967,0.0032605577924269494,0.010916347064687795,-0.002509411605425807,13930000.0
2022-11-02,13930000.0,350163.0,1645.699951171875,96.16000366210938,13698371.42857143,13599753.333333334,105419.88862320408,68129.23245819253,76.77376171352074,13891356.840348097,13241703.159651903,-0.002509411605425807,0.011786589929431168,0.0004254117317392756,0.015827615093787727,0.015660840409552578,0.0333178089919989,0.005547257675413403,0.010455986752377808,0.006804888588039355,-0.015046044286513531,0.0032393461294013344,0.00818500771543137,0.0,0.009815939179080819,0.000547461919449169,0.0024837799570480903,0.0,13930000.0
2022-11-03,13930000.0,350163.0,1627.300048828125,94.66999816894533,13754114.285714285,13620820.0,118317.25792141631,78166.83755083728,80.92662276575729,13945372.262872493,13219287.737127507,0.0,0.0,-0.011243566259035888,-0.015616368071043059,-0.002509411605425807,0.011786589929431168,0.0004254117317392756,0.015660840409552578,0.0333178089919989,0.005547257675413403,0.010455986752377808,0.006804888588039355,-0.015046044286513531,-0.005612075504726822,0.0051254945781722865,0.006753493473110318,0.060649958263337245,14801000.0
2022-11-05,14801000.0,362640.0,1627.300048828125,94.66999816894533,13934285.714285715,13670920.0,196555.1710989736,101844.50426046456,90.5664766779109,14296899.954317216,12986260.045682784,0.060649958263337245,0.03501184627466022,0.0,0.0,0.0,0.0,-0.011243566259035888,-0.002509411605425807,0.011786589929431168,0.0004254117317392756,0.015660840409552578,0.0333178089919989,0.005547257675413403,0.0,-0.00015126533481168598,-0.001985171570581598,0.004045585721380617,14861000.0
2022-11-06,14861000.0,361970.0,1627.300048828125,94.66999816894533,14120000.0,13707386.666666666,260399.06123980507,133555.41565633268,90.88456783185343,14555909.77165472,12851750.22834528,0.004045585721380617,-0.0018492711691504152,0.0,0.0,0.060649958263337245,0.03501184627466022,0.0,0.0,0.0,-0.011243566259035888,-0.002509411605425807,0.011786589929431168,0.0004254117317392756,0.0015645297795167366,-0.0023627066999511092,0.0,-0.00783628950919277,14745000.0
2022-11-07,14745000.0,361830.0,1676.5,97.91999816894533,14282857.142857144,13734620.0,298198.1311650742,166483.958758081,85.21313915169554,14730143.064841498,12797016.935158502,-0.00783628950919277,-0.0003868472001821427,0.02978605723410748,0.0337536592651657,0.004045585721380617,-0.0018492711691504152,0.0,0.060649958263337245,0.03501184627466022,0.0,0.0,0.0,-0.011243566259035888,0.0032393461294013344,0.00818500771543137,0.0,-0.005303970002621369,14667000.0
2022-11-08,14667000.0,354010.0,1712.0999755859375,95.36000061035156,14414142.857142856,13757320.0,318192.2955661826,196825.6261197013,84.00754558792705,14859638.308429487,12785021.691570513,-0.005303970002621369,-0.021849326940900034,0.02101238604477114,-0.026491590346981186,-0.00783628950919277,-0.0003868472001821427,0.02978605723410748,0.004045585721380617,-0.0018492711691504152,0.0,0.060649958263337245,0.03501184627466022,0.0,0.010455986752377808,0.006804888588039355,-0.015046044286513531,-0.00047737580611281315,14660000.0
2022-11-09,14660000.0,350590.0,1710.0999755859375,92.6500015258789,14513428.57142857,13779786.666666666,329672.7116004843,223395.04321585794,82.66903519484845,14968710.375499409,12796949.624500591,-0.00047737580611281315,-0.009707711774803162,-0.0011688389084410285,-0.028830240516888532,-0.005303970002621369,-0.021849326940900034,0.02101238604477114,-0.00783628950919277,-0.0003868472001821427,0.02978605723410748,0.004045585721380617,-0.0018492711691504152,0.0,0.015660840409552578,0.0333178089919989,0.005547257675413403,0.0,14660000.0
2022-11-10,14660000.0,350590.0,1750.300048828125,93.66999816894533,14617714.285714285,13809720.0,334910.38556923345,245698.11168653306,81.28746104051785,15059819.357619062,12831440.642380938,0.0,0.0,0.023235395651179533,0.010948978472458272,-0.00047737580611281315,-0.009707711774803162,-0.0011688389084410285,-0.005303970002621369,-0.021849326940900034,0.02101238604477114,-0.00783628950919277,-0.0003868472001821427,0.02978605723410748,-0.002509411605425807,0.011786589929431168,0.0004254117317392756,0.014223064013558323,14870000.0
2022-11-12,14870000.0,354420.0,1750.300048828125,93.66999816894533,14752000.0,13855353.333333334,351949.4704670366,266948.3834426338,86.90489401842193,15175306.472739503,12862353.527260497,0.014223064013558323,0.010865200999640803,0.0,0.0,0.0,0.0,0.023235395651179533,-0.00047737580611281315,-0.009707711774803162,-0.0011688389084410285,-0.005303970002621369,-0.021849326940900034,0.02101238604477114,0.0,0.0,-0.011243566259035888,0.014620241059450577,15089000.0
2022-11-13,15089000.0,358010.0,1750.300048828125,93.66999816894533,14793142.857142856,13907053.333333334,378758.44615087844,289310.3959842827,88.32376805857906,15315277.38161628,12890682.61838372,0.014620241059450577,0.010078268424277375,0.0,0.0,0.014223064013558323,0.010865200999640803,0.0,0.0,0.0,0.023235395651179533,-0.00047737580611281315,-0.009707711774803162,-0.0011688389084410285,0.060649958263337245,0.03501184627466022,0.0,0.007658319597813703,15205000.0
2022-11-14,15205000.0,355950.0,1773.5999755859375,93.13999938964844,14842285.714285715,13960620.0,404699.8550638482,312388.28780019586,88.8468809073724,15454607.341368262,12929852.658631738,0.007658319597813703,-0.005770647421594064,0.013224135843050221,-0.005674216671932344,0.014620241059450577,0.010078268424277375,0.0,0.014223064013558323,0.010865200999640803,0.0,0.0,0.0,0.023235395651179533,0.004045585721380617,-0.0018492711691504152,0.0,-0.0038218285844396236,15147000.0
2022-11-15,15147000.0,354669.0,1773.800048828125,93.86000061035156,14899714.285714285,14011720.0,415785.5759493504,333067.7454300268,86.19718309859155,15549813.324263057,13012446.675736943,-0.0038218285844396236,-0.003605311390675001,0.00011279993292139435,0.007700585867882412,0.007658319597813703,-0.005770647421594064,0.013224135843050221,0.014620241059450577,0.010078268424277375,0.0,0.014223064013558323,0.010865200999640803,0.0,-0.00783628950919277,-0.0003868472001821427,0.02978605723410748,-0.01939866849448361,14856000.0
2022-11-16,14856000.0,349704.0,1773.0,92.86000061035156,14926714.285714285,14053053.333333334,396518.9974300228,345757.995830026,74.31957857769974,15584761.79078841,13114798.20921159,-0.01939866849448361,-0.014097877779544177,-0.0004511383955566457,-0.01071132770446804,-0.0038218285844396236,-0.003605311390675001,0.00011279993292139435,0.007658319597813703,-0.005770647421594064,0.013224135843050221,0.014620241059450577,0.010078268424277375,0.0,-0.005303970002621369,-0.021849326940900034,0.02101238604477114,0.0,14856000.0
2022-11-17,14856000.0,347510.0,1760.800048828125,89.77999877929688,14954714.285714285,14094386.666666666,376905.3647162467,351987.46960727015,71.61572052401746,15615769.046286946,13207790.953713054,0.0,-0.00629364081044827,-0.006904748131308381,-0.03373076940740839,-0.01939866849448361,-0.014097877779544177,-0.0004511383955566457,-0.0038218285844396236,-0.003605311390675001,0.00011279993292139435,0.007658319597813703,-0.005770647421594064,0.013224135843050221,-0.00047737580611281315,-0.009707711774803162,-0.0011688389084410285,0.010512668379763283,15013000.0
2022-11-19,15013000.0,353091.0,1760.800048828125,89.77999877929688,15005142.857142856,14143153.333333334,369767.5571517069,355543.48711615754,74.80531378836463,15644218.955171075,13326661.044828925,0.010512668379763283,0.01593237251012647,0.0,0.0,0.0,-0.00629364081044827,-0.006904748131308381,-0.01939866849448361,-0.014097877779544177,-0.0004511383955566457,-0.0038218285844396236,-0.003605311390675001,0.00011279993292139435,0.0,0.0,0.023235395651179533,-0.006482030113593467,14916000.0
2022-11-20,14916000.0,357042.0,1760.800048828125,89.77999877929688,15011714.285714285,14190620.0,352223.49074471183,354879.4878418684,71.62280701754386,15637578.375157345,13470921.624842655,-0.006482030113593467,0.011127607839248923,0.0,0.0,0.010512668379763283,0.01593237251012647,0.0,0.0,-0.00629364081044827,-0.006904748131308381,-0.01939866849448361,-0.014097877779544177,-0.0004511383955566457,0.014223064013558323,0.010865200999640803,0.0,0.005415718782968692,14997000.0
2022-11-21,14997000.0,356580.0,1737.4000244140625,87.44999694824219,14998571.42857143,14242186.666666666,340925.7351182103,352088.73729713686,56.577181208053695,15618758.03997529,13633341.96002471,0.005415718782968692,-0.0012948033119659125,-0.01337852206501177,-0.026295053189744635,-0.006482030113593467,0.011127607839248923,0.0,0.010512668379763283,0.01593237251012647,0.0,0.0,-0.00629364081044827,-0.006904748131308381,0.014620241059450577,0.010078268424277375,0.0,-0.002804489017631705,14955000.0
2022-11-22,14955000.0,355126.0,1738.300048828125,88.36000061035156,14962857.142857144,14293886.666666666,324838.5962641891,346638.70909054735,53.192934782608695,15570808.762761652,13816291.237238348,-0.002804489017631705,-0.004085962526346055,0.0005178953391911294,0.010352218892034339,0.005415718782968692,-0.0012948033119659125,-0.01337852206501177,-0.006482030113593467,0.011127607839248923,0.0,0.010512668379763283,0.01593237251012647,0.0,0.007658319597813703,-0.005770647421594064,0.013224135843050221,0.005268610673365733,15034000.0
2022-11-23,15034000.0,354593.0,1744.9000244140625,85.41000366210938,14946714.285714285,14348153.333333334,314834.84250375256,340277.93577318836,60.06968641114983,15524890.869013406,13990809.130986594,0.005268610673365733,-0.0015020031877534716,0.0037896091787737837,-0.03395615262459436,-0.002804489017631705,-0.004085962526346055,0.0005178953391911294,0.005415718782968692,-0.0012948033119659125,-0.01337852206501177,-0.006482030113593467,0.011127607839248923,0.0,-0.0038218285844396236,-0.003605311390675001,0.00011279993292139435,0.0,15034000.0
2022-11-24,15034000.0,349900.0,1744.9000244140625,85.41000366210938,14972142.857142856,14402420.0,303409.2822355628,332904.20506566326,63.52247605011054,15489560.965146976,14133039.034853024,0.0,-0.01332325351888244,0.0,0.0,0.005268610673365733,-0.0015020031877534716,0.0037896091787737837,-0.002804489017631705,-0.004085962526346055,0.0005178953391911294,0.005415718782968692,-0.0012948033119659125,-0.01337852206501177,-0.01939866849448361,-0.014097877779544177,-0.0004511383955566457,0.01734242798585125,15297000.0
2022-11-26,15297000.0,360114.0,1744.9000244140625,85.41000366210938,15035142.857142856,14464986.666666666,311980.03379483894,328719.3708114984,69.74581525108493,15451067.544818426,14308232.455181574,0.01734242798585125,0.028773248614873428,0.0,0.0,0.0,-0.01332325351888244,0.0,0.005268610673365733,-0.0015020031877534716,0.0037896091787737837,-0.002804489017631705,-0.004085962526346055,0.0005178953391911294,0.0,-0.00629364081044827,-0.006904748131308381,-0.0007193539204360798,15286000.0
2022-11-27,15286000.0,360350.0,1744.9000244140625,85.41000366210938,15074142.857142856,14528886.666666666,314262.1891897712,325827.93448715296,69.27339901477832,15337405.179610765,14557494.820389235,-0.0007193539204360798,0.0006551333819341395,0.0,0.0,0.01734242798585125,0.028773248614873428,0.0,0.0,-0.01332325351888244,0.0,0.005268610673365733,-0.0015020031877534716,0.0037896091787737837,0.010512668379763283,0.01593237251012647,0.0,-0.0006544074574225311,15276000.0
2022-11-28,15276000.0,355050.0,1740.0999755859375,83.19000244140625,15125571.42857143,14588653.333333334,311671.1463887654,322996.57686747547,64.25561797752809,15380956.076349411,14561443.923650589,-0.0006544074574225311,-0.014817156742347395,-0.0027546926045842763,-0.026336055191728675,-0.0007193539204360798,0.0006551333819341395,0.0,0.01734242798585125,0.028773248614873428,0.0,0.0,-0.01332325351888244,0.0,-0.006482030113593467,0.011127607839248923,0.0,0.017391742711869235,15544000.0
2022-11-29,15544000.0,357000.0,1748.4000244140625,83.02999877929688,15203714.285714285,14652920.0,327468.2365430929,323890.90880259895,65.44467073998642,15484418.515042748,14526281.484957252,0.017391742711869235,0.005477157151536357,0.004758529161550502,-0.0019252040711618236,-0.0006544074574225311,-0.014817156742347395,-0.0027546926045842763,-0.0007193539204360798,0.0006551333819341395,0.0,0.01734242798585125,0.028773248614873428,0.0,0.005415718782968692,-0.0012948033119659125,-0.01337852206501177,0.01462490543019814,15773000.0
2022-11-30,15773000.0,358880.0,1746.0,85.43000030517578,15320571.42857143,14727360.0,354380.8486407213,329988.89677022345,67.90668348045398,15629613.858172255,14483886.141827745,0.01462490543019814,0.005252288992259047,-0.001373640553271435,0.02849535716377267,0.017391742711869235,0.005477157151536357,0.004758529161550502,-0.0006544074574225311,-0.014817156742347395,-0.0027546926045842763,-0.0007193539204360798,0.0006551333819341395,0.0,-0.002804489017631705,-0.004085962526346055,0.0005178953391911294,0.0,15773000.0
2022-12-01,15773000.0,357950.0,1801.0999755859375,86.87999725341797,15426142.857142856,14801800.0,371427.70029965416,338276.65747610957,70.48429319371728,15737605.576225942,14486494.423774058,0.0,-0.002594758929704182,0.0310701183883798,0.01683049383635231,0.01462490543019814,0.005252288992259047,-0.001373640553271435,0.017391742711869235,0.005477157151536357,0.004758529161550502,-0.0006544074574225311,-0.014817156742347395,-0.0027546926045842763,0.005268610673365733,-0.0015020031877534716,0.0037896091787737837,0.011033812013771606,15948000.0
2022-12-03,15948000.0,363110.0,1801.0999755859375,86.87999725341797,15556714.285714285,14881366.666666666,394510.8154136352,349523.48906361475,88.6685552407932,15867792.698172035,14485107.301827965,0.011033812013771606,0.014312506821278156,0.0,0.0,0.0,-0.002594758929704182,0.0310701183883798,0.01462490543019814,0.005252288992259047,-0.001373640553271435,0.017391742711869235,0.005477157151536357,0.004758529161550502,0.0,-0.01332325351888244,0.0,-0.008880549623850204,15807000.0
2022-12-04,15807000.0,363150.0,1801.0999755859375,86.87999725341797,15629571.42857143,14954766.666666666,396852.1641164571,358989.22407418326,80.61815840309079,15934983.540804217,14532616.459195783,-0.008880549623850204,0.00011015338870509602,0.0,0.0,0.011033812013771606,0.014312506821278156,0.0,0.0,-0.002594758929704182,0.0310701183883798,0.01462490543019814,0.005252288992259047,-0.001373640553271435,0.01734242798585125,0.028773248614873428,0.0,-0.0038030089569860556,15747000.0
2022-12-05,15747000.0,361870.0,1767.4000244140625,82.68000030517578,15695428.57142857,15021400.0,389377.6975546628,365066.9187702792,75.20604395604396,15992594.907704525,14562705.092295475,-0.0038030089569860556,-0.0035309407461061497,-0.018888021890476583,-0.04955008606749681,-0.008880549623850204,0.00011015338870509602,0.0,0.011033812013771606,0.014312506821278156,0.0,0.0,-0.002594758929704182,0.0310701183883798,-0.0007193539204360798,0.0006551333819341395,0.0,0.0010789883944847956,15764000.0
2022-12-06,15764000.0,362890.0,1769.300048828125,79.3499984741211,15765142.857142856,15081366.666666666,380440.40668653697,368141.6163535308,80.81395348837209,16052112.430882026,14570687.569117974,0.0010789883944847956,0.0028147267327894615,0.0010744618189316108,-0.04110931076192463,-0.0038030089569860556,-0.0035309407461061497,-0.018888021890476583,-0.008880549623850204,0.00011015338870509602,0.0,0.011033812013771606,0.014312506821278156,0.0,-0.0006544074574225311,-0.014817156742347395,-0.0027546926045842763,0.017076155116053735,16035500.0
2022-12-07,16035500.0,370189.0,1785.5,77.16999816894531,15835357.142857144,15151550.0,390760.8721694965,372665.4675167239,83.14714331311842,16158775.206467155,14547074.793532845,0.017076155116053735,0.019913927990789317,0.009114472318120768,-0.027857671000724088,0.0010789883944847956,0.0028147267327894615,0.0010744618189316108,-0.0038030089569860556,-0.0035309407461061497,-0.018888021890476583,-0.008880549623850204,0.00011015338870509602,0.0,0.017391742711869235,0.005477157151536357,0.004758529161550502,0.02631042421707356,16463000.0
2022-12-10,16463000.0,372820.0,1785.5,77.16999816894531,15933928.57142857,15235983.333333334,428496.1556998007,383831.60515333933,88.62704918032787,16357693.38548876,14479756.61451124,0.02631042421707356,0.007082043411449441,0.0,0.0,0.017076155116053735,0.019913927990789317,0.009114472318120768,0.0010789883944847956,0.0028147267327894615,0.0010744618189316108,-0.0038030089569860556,-0.0035309407461061497,-0.018888021890476583,0.01462490543019814,0.005252288992259047,-0.001373640553271435,0.015729374828433777,16724000.0
2022-12-11,16724000.0,379560.0,1785.5,77.16999816894531,16069785.714285715,15300083.333333334,473998.20227539726,401864.9245777509,89.59700093720713,16578402.828661337,14445847.171338663,0.015729374828433777,0.01791695766445834,0.0,0.0,0.02631042421707356,0.007082043411449441,0.0,0.017076155116053735,0.019913927990789317,0.009114472318120768,0.0010789883944847956,0.0028147267327894615,0.0010744618189316108,0.0,-0.002594758929704182,0.0310701183883798,0.015073574821457448,16978000.0
2022-12-12,16978000.0,385170.0,1780.5,77.98999786376953,16216928.57142857,15370650.0,524508.3732132539,426393.6143048515,90.7035175879397,16822921.968885582,14413528.03111442,0.015073574821457448,0.014672108165544177,-0.00280426431667069,0.010569829209358577,0.015729374828433777,0.01791695766445834,0.0,0.02631042421707356,0.007082043411449441,0.0,0.017076155116053735,0.019913927990789317,0.009114472318120768,0.011033812013771606,0.014312506821278156,0.0,-0.013400734187594996,16752000.0
2022-12-13,16752000.0,383390.0,1813.9000244140625,80.68000030517578,16351928.57142857,15437550.0,540076.0755353551,449130.10655095225,80.94427903019991,16975201.3269132,14435148.673086802,-0.013400734187594996,-0.004632047420158647,0.018585013105522557,0.0339101309172322,0.015073574821457448,0.014672108165544177,-0.00280426431667069,0.015729374828433777,0.01791695766445834,0.0,0.02631042421707356,0.007082043411449441,0.0,-0.008880549623850204,0.00011015338870509602,0.0,0.008914303994109408,16902000.0
2022-12-14,16902000.0,378280.0,1807.5,82.69999694824219,16516928.57142857,15512050.0,558084.0921633784,470920.9036734375,82.44979919678715,17124281.66347286,14484668.336527139,0.008914303994109408,-0.013418085703631824,-0.0035345617904352757,0.024728848259542784,-0.013400734187594996,-0.004632047420158647,0.018585013105522557,0.015073574821457448,0.014672108165544177,-0.00280426431667069,0.015729374828433777,0.01791695766445834,0.0,-0.0038030089569860556,-0.0035309407461061497,-0.018888021890476583,0.0,16902000.0
2022-12-15,16902000.0,378280.0,1777.199951171875,81.20999908447266,16679500.0,15586783.333333334,565833.0044256374,489903.3238238775,82.78225806451613,17248804.197667412,14550645.802332588,0.0,0.0,-0.0169056104459163,-0.01818118410735895,0.008914303994109408,-0.013418085703631824,-0.0035345617904352757,-0.013400734187594996,-0.004632047420158647,0.018585013105522557,0.015073574821457448,0.014672108165544177,-0.00280426431667069,0.0010789883944847956,0.0028147267327894615,0.0010744618189316108,0.030244416935732054,17421000.0
2022-12-17,17421000.0,393270.0,1777.199951171875,81.20999908447266,16877428.57142857,15678816.666666666,606857.5595664307,513294.1709723882,84.36470157451483,17456664.772526007,14589385.227473993,0.030244416935732054,0.03886173673051605,0.0,0.0,0.0,0.0,-0.0169056104459163,0.008914303994109408,-0.013418085703631824,-0.0035345617904352757,-0.013400734187594996,-0.004632047420158647,0.018585013105522557,0.017076155116053735,0.019913927990789317,0.009114472318120768,0.01385229503666233,17664000.0
2022-12-18,17664000.0,396790.0,1777.199951171875,81.20999908447266,17049000.0,15771950.0,651468.1647671498,540928.9697313405,84.44444444444444,17685370.499956425,14623679.500043573,0.01385229503666233,0.00891077460242091,0.0,0.0,0.030244416935732054,0.03886173673051605,0.0,0.0,0.0,-0.0169056104459163,0.008914303994109408,-0.013418085703631824,-0.0035345617904352757,0.02631042421707356,0.007082043411449441,0.0,-0.014081929345036886,17417000.0
2022-12-19,17417000.0,391460.0,1787.699951171875,79.80000305175781,17148000.0,15849550.0,659291.6512945835,564601.5060439891,77.47326203208556,17808251.926953107,14739098.073046893,-0.014081929345036886,-0.013523834405870763,0.0058907855206616405,-0.017514838322399036,0.01385229503666233,0.00891077460242091,0.0,0.030244416935732054,0.03886173673051605,0.0,0.0,0.0,-0.0169056104459163,0.015729374828433777,0.01791695766445834,0.0,0.01577885831154623,17694000.0
2022-12-20,17694000.0,396330.0,1815.9000244140625,79.98999786376953,17250285.714285713,15932516.666666666,680004.7344565969,587682.1517265107,78.21590174531352,17980448.45436067,14806601.54563933,0.01577885831154623,0.012363858483994685,0.015651375902693578,0.0023780574561695464,-0.014081929345036886,-0.013523834405870763,0.0058907855206616405,0.01385229503666233,0.00891077460242091,0.0,0.030244416935732054,0.03886173673051605,0.0,0.015073574821457448,0.014672108165544177,-0.00280426431667069,0.01720171284737335,18001000.0
2022-12-21,18001000.0,397610.0,1815.9000244140625,82.19999694824219,17428714.285714287,16027650.0,712973.6203019712,612740.4454416028,83.65030674846625,18180485.193352614,14878064.806647385,0.01720171284737335,0.0032244278132005366,0.0,0.02725366478161516,0.01577885831154623,0.012363858483994685,0.015651375902693578,-0.014081929345036886,-0.013523834405870763,0.0058907855206616405,0.01385229503666233,0.00891077460242091,0.0,-0.013400734187594996,-0.004632047420158647,0.018585013105522557,0.0,18001000.0
2022-12-22,18001000.0,390500.0,1787.0,80.9800033569336,17585714.285714287,16132483.333333334,730678.8884679843,636328.1340468791,85.21875,18330953.45680529,15000096.543194713,0.0,-0.018043656091832228,-0.016042989850930472,-0.014953012878251778,0.01720171284737335,0.0032244278132005366,0.0,0.01577885831154623,0.012363858483994685,0.015651375902693578,-0.014081929345036886,-0.013523834405870763,0.0058907855206616405,0.008914303994109408,-0.013418085703631824,-0.0035345617904352757,0.025178917166138612,18460000.0
2022-12-24,18460000.0,410030.0,1787.0,80.9800033569336,17808285.714285713,16252616.666666666,772839.0969915781,663630.3266358189,87.0126304228446,18571230.268832147,15051419.731167851,0.025178917166138612,0.04880235847347273,0.0,0.0,0.0,-0.018043656091832228,-0.016042989850930472,0.01720171284737335,0.0032244278132005366,0.0,0.01577885831154623,0.012363858483994685,0.015651375902693578,0.0,0.0,-0.0169056104459163,0.01734597635657703,18783000.0
2022-12-25,18783000.0,414940.0,1787.0,80.9800033569336,18002857.14285714,16378283.333333334,822829.6980058849,695470.2009098321,87.19371869500473,18857437.365298793,15066212.634701207,0.01734597635657703,0.011903603711780184,0.0,0.0,0.025178917166138612,0.04880235847347273,0.0,0.0,-0.018043656091832228,-0.016042989850930472,0.01720171284737335,0.0032244278132005366,0.0,0.030244416935732054,0.03886173673051605,0.0,0.0,18783000.0
2022-12-26,18783000.0,397210.0,1787.0,80.9800033569336,18162714.285714287,16507183.333333334,852619.1466865465,726899.9900651751,85.51745254133496,19086834.300134033,15137815.699865967,0.0,-0.04366882337725657,0.0,0.0,0.01734597635657703,0.011903603711780184,0.0,0.025178917166138612,0.04880235847347273,0.0,0.0,-0.018043656091832228,-0.016042989850930472,0.01385229503666233,0.00891077460242091,0.0,0.05882224626836384,19921000.0
2022-12-28,19921000.0,434360.0,1807.9000244140625,83.26000213623047,18520428.57142857,16671316.666666666,957022.6275994666,772924.5175720335,88.58315230509292,19571041.568069458,15050908.431930542,0.05882224626836384,0.08940857526096271,0.011627728032640746,0.027766015366298878,0.0,-0.04366882337725657,0.0,0.01734597635657703,0.011903603711780184,0.0,0.025178917166138612,0.04880235847347273,0.0,-0.014081929345036886,-0.013523834405870763,0.0058907855206616405,-0.039315090379122786,19153000.0
2022-12-29,19153000.0,416150.0,1819.5,82.26000213623047,18728857.14285714,16811250.0,966649.0285699926,811669.4197716253,73.35194331114451,19764796.547425717,15191753.452574281,-0.039315090379122786,-0.042827911156595566,0.0063957738601456895,-0.012083278652645926,0.05882224626836384,0.08940857526096271,0.011627728032640746,0.0,-0.04366882337725657,0.0,0.01734597635657703,0.011903603711780184,0.0,0.01577885831154623,0.012363858483994685,0.015651375902693578,-0.031881761367293635,18552000.0
2022-12-31,18552000.0,411740.0,1819.5,82.26000213623047,18807571.42857143,16928516.666666668,915232.1173238792,832381.9592820762,67.88553259141494,19799593.291481324,15437456.708518676,-0.031881761367293635,-0.010653690010941862,0.0,0.0,-0.039315090379122786,-0.042827911156595566,0.0063957738601456895,0.05882224626836384,0.08940857526096271,0.011627728032640746,0.0,-0.04366882337725657,0.0,0.01720171284737335,0.0032244278132005366,0.0,-0.002969043180818549,18497000.0
2023-01-01,18497000.0,409530.0,1819.5,82.26000213623047,18878428.57142857,17043950.0,860130.752474945,837931.71792065,66.1535345351428,19784176.343025677,15726173.656974323,-0.002969043180818549,-0.005381921498166182,0.0,0.0,-0.031881761367293635,-0.010653690010941862,0.0,-0.039315090379122786,-0.042827911156595566,0.0063957738601456895,0.05882224626836384,0.08940857526096271,0.011627728032640746,0.0,-0.018043656091832228,-0.016042989850930472,-0.029907027432126112,17952000.0
2023-01-02,17952000.0,397380.0,1819.5,82.26000213623047,18805857.14285714,17132450.0,763682.3241462968,823081.8391657795,59.57679678949289,19712116.24682891,15989883.753171092,-0.029907027432126112,-0.03011715895805301,0.0,0.0,-0.002969043180818549,-0.005381921498166182,0.0,-0.031881761367293635,-0.010653690010941862,0.0,-0.039315090379122786,-0.042827911156595566,0.0063957738601456895,0.025178917166138612,0.04880235847347273,0.0,0.005776510174948819,18056000.0
2023-01-03,18056000.0,397550.0,1839.699951171875,82.0999984741211,18702000.0,17224783.333333332,687710.68002389,796007.6073374016,56.266035129267806,19674295.820506107,16187004.179493893,0.005776510174948819,0.0004277106225494413,0.011040750238170837,-0.0019469908987588599,-0.029907027432126112,-0.03011715895805301,0.0,-0.002969043180818549,-0.005381921498166182,0.0,-0.031881761367293635,-0.010653690010941862,0.0,0.01734597635657703,0.011903603711780184,0.0,-0.000387757933123323,18049000.0
2023-01-04,18049000.0,400620.0,1852.800048828125,77.83999633789062,18597142.85714286,17317216.666666668,619793.1733180285,760764.7205335271,53.98468226040157,19645609.211218853,16348190.788781147,-0.000387757933123323,0.007692634750339852,0.007095546441984838,-0.053282607041645974,0.005776510174948819,0.0004277106225494413,0.011040750238170837,-0.029907027432126112,-0.03011715895805301,0.0,-0.002969043180818549,-0.005381921498166182,0.0,0.0,-0.04366882337725657,0.0,0.0,18049000.0
2023-01-05,18049000.0,394830.0,1834.800048828125,78.69000244140625,18329714.285714287,17400716.666666668,559518.2814736292,720515.4327215475,56.89354275741711,19627846.585983906,16473053.414016094,0.0,-0.014558054583490411,-0.009762524397120638,0.010860722741391757,-0.000387757933123323,0.007692634750339852,0.007095546441984838,0.005776510174948819,0.0004277106225494413,0.011040750238170837,-0.029907027432126112,-0.03011715895805301,0.0,0.05882224626836384,0.08940857526096271,0.011627728032640746,0.05087490114999666,18991000.0
2023-01-07,18991000.0,410890.0,1834.800048828125,78.69000244140625,18306571.42857143,17507983.333333332,581063.3857952654,692625.0233362911,62.354734235092394,19667958.87857038,16656841.121429618,0.05087490114999666,0.03987024625726583,0.0,0.0,0.0,-0.014558054583490411,-0.009762524397120638,-0.000387757933123323,0.007692634750339852,0.007095546441984838,0.005776510174948819,0.0004277106225494413,0.011040750238170837,-0.039315090379122786,-0.042827911156595566,0.0063957738601456895,-0.007340869207713738,18852100.0
2023-01-08,18852100.0,407650.0,1834.800048828125,78.69000244140625,18349442.85714286,17610620.0,580241.3064370602,670148.2799564449,58.375484658229844,19671421.111323677,16848388.888676323,-0.007340869207713738,-0.007916575662687922,0.0,0.0,0.05087490114999666,0.03987024625726583,0.0,0.0,-0.014558054583490411,-0.009762524397120638,-0.000387757933123323,0.007692634750339852,0.007095546441984838,-0.031881761367293635,-0.010653690010941862,0.0,0.0013729093783584614,18878000.0
2023-01-10,18878000.0,408300.0,1871.5999755859373,80.0999984741211,18403871.42857143,17708286.666666668,575050.8874933161,651128.8014638191,58.586590428448346,19640701.869156204,17076708.130843796,0.0013729093783584614,0.0015932352166103214,0.0198581566123242,0.017759721452124975,-0.007340869207713738,-0.007916575662687922,0.0,0.05087490114999666,0.03987024625726583,0.0,0.0,-0.014558054583490411,-0.009762524397120638,-0.002969043180818549,-0.005381921498166182,0.0,0.019690445611591723,19253400.0
2023-01-11,19253400.0,409413.0,1874.5999755859373,82.66999816894531,18589785.714285713,17823166.666666668,594377.4722240791,639778.5356158711,57.89735626692149,19711903.364589375,17188746.635410625,0.019690445611591723,0.002722228183546643,0.0016016233411999265,0.03158092209098295,0.0013729093783584614,0.0015932352166103214,0.0198581566123242,-0.007340869207713738,-0.007916575662687922,0.0,0.05087490114999666,0.03987024625726583,0.0,-0.029907027432126112,-0.03011715895805301,0.0,-0.0019964444975371282,19215000.0
2023-01-14,19215000.0,409770.0,1874.5999755859373,82.66999816894531,18755357.14285714,17938766.666666668,599682.6030276753,631759.3490982319,54.558308361119316,19776549.72124396,17279200.27875604,-0.0019964444975371282,0.0008716001738334568,0.0,0.0,0.019690445611591723,0.002722228183546643,0.0016016233411999265,0.0013729093783584614,0.0015932352166103214,0.0198581566123242,-0.007340869207713738,-0.007916575662687922,0.0,0.005776510174948819,0.0004277106225494413,0.011040750238170837,0.010509246931145787,19418000.0
2023-01-15,19418000.0,411170.0,1874.5999755859373,82.66999816894531,18950928.57142857,18060566.666666668,613198.7869561054,628047.2366698066,56.42504451999353,19821259.54589275,17434590.45410725,0.010509246931145787,0.0034107275980958846,0.0,0.0,-0.0019964444975371282,0.0008716001738334568,0.0,0.019690445611591723,0.002722228183546643,0.0016016233411999265,0.0013729093783584614,0.0015932352166103214,0.0198581566123242,-0.000387757933123323,0.007692634750339852,0.007095546441984838,0.025222531017939406,19914000.0
2023-01-16,19914000.0,418810.0,1874.5999755859373,82.66999816894531,19217357.14285714,18189850.0,656367.320951812,633711.2535262078,49.91859707879802,19978583.51473617,17499266.48526383,0.025222531017939406,0.018410602176247716,0.0,0.0,0.010509246931145787,0.0034107275980958846,0.0,-0.0019964444975371282,0.0008716001738334568,0.0,0.019690445611591723,0.002722228183546643,0.0016016233411999265,0.0,-0.014558054583490411,-0.009762524397120638,0.017817621612890654,20272000.0
2023-01-17,20272000.0,431800.0,1907.199951171875,85.91999816894531,19400357.14285714,18316816.666666668,711267.2570344694,649222.4542278601,64.38451254627725,20217256.95347327,17487693.04652673,0.017817621612890654,0.03054516162345333,0.01724088198026169,0.03855985233377443,0.025222531017939406,0.018410602176247716,0.0,0.010509246931145787,0.0034107275980958846,0.0,-0.0019964444975371282,0.0008716001738334568,0.0,0.05087490114999666,0.03987024625726583,0.0,0.015657171008339663,20591900.0
2023-01-18,20591900.0,439761.0,1904.4000244140625,84.9800033569336,19648900.0,18445746.666666668,771693.5060219131,673716.6645866707,78.26520714978523,20490762.4510429,17473277.5489571,0.015657171008339663,0.01826887943673116,-0.0014691611288529948,-0.011000635260100597,0.017817621612890654,0.03054516162345333,0.01724088198026169,0.025222531017939406,0.018410602176247716,0.0,0.010509246931145787,0.0034107275980958846,0.0,-0.007340869207713738,-0.007916575662687922,0.0,0.011976422298043132,20840000.0
2023-01-21,20840000.0,449400.0,1904.4000244140625,84.9800033569336,19929185.714285713,18574480.0,830033.2337924503,704979.9784278267,80.81597222222223,20799862.192231305,17402177.807768695,0.011976422298043132,0.021681962233790705,0.0,0.0,0.015657171008339663,0.01826887943673116,-0.0014691611288529948,0.017817621612890654,0.03054516162345333,0.01724088198026169,0.025222531017939406,0.018410602176247716,0.0,0.0013729093783584614,0.0015932352166103214,0.0198581566123242,-9.597389517419208e-05,20838000.0
2023-01-22,20838000.0,448320.0,1904.4000244140625,84.9800033569336,20155557.14285714,18710680.0,866122.3853643276,737208.4598151268,94.28282084330694,21062667.20120064,17344872.79879936,-9.597389517419208e-05,-0.002406096602586642,0.0,0.0,0.011976422298043132,0.021681962233790705,0.0,0.015657171008339663,0.01826887943673116,-0.0014691611288529948,0.017817621612890654,0.03054516162345333,0.01724088198026169,0.019690445611591723,0.002722228183546643,0.0016016233411999265,-0.022960501889616066,20365000.0
2023-01-23,20365000.0,435850.0,1927.0999755859373,88.19000244140625,20319842.85714286,18826113.333333332,846794.8273609318,759125.7333242878,81.82544933289228,21200098.857766498,17365641.142233502,-0.022960501889616066,-0.028209115691057177,0.011849258394883213,0.03707763139427482,-9.597389517419208e-05,-0.002406096602586642,0.0,0.011976422298043132,0.021681962233790705,0.0,0.015657171008339663,0.01826887943673116,-0.0014691611288529948,-0.0019964444975371282,0.0008716001738334568,0.0,0.012734674793501452,20626000.0
2023-01-24,20626000.0,437620.0,1933.9000244140625,86.12999725341797,20492414.285714287,18950246.666666668,842822.5830293745,775865.1032653052,83.19507419620774,21309249.163485937,17326990.836514063,0.012734674793501452,0.004052806444920182,0.0035224324574504432,-0.023635854671285306,-0.022960501889616066,-0.028209115691057177,0.011849258394883213,-9.597389517419208e-05,-0.002406096602586642,0.0,0.011976422298043132,0.021681962233790705,0.0,0.010509246931145787,0.0034107275980958846,0.0,0.02153508799404179,21075000.0
2023-01-25,21075000.0,438080.0,1941.199951171875,86.12000274658203,20658271.42857143,19072046.666666668,865923.2738461941,793876.737381483,84.93742206622639,21551925.92295868,17276514.07704132,0.02153508799404179,0.0010505881975787813,0.003767611384967313,-0.00011604652362438913,0.012734674793501452,0.004052806444920182,0.0035224324574504432,-0.022960501889616066,-0.028209115691057177,0.011849258394883213,-9.597389517419208e-05,-0.002406096602586642,0.0,0.025222531017939406,0.018410602176247716,0.0,0.013853769776407236,21369000.0
2023-01-28,21369000.0,448210.0,1941.199951171875,86.12000274658203,20814985.714285713,19195546.666666668,897607.0256389007,814622.7950329665,82.28697116167925,21820947.475295745,17289192.524704255,0.013853769776407236,0.022860330485939974,0.0,0.0,0.02153508799404179,0.0010505881975787813,0.003767611384967313,0.012734674793501452,0.004052806444920182,0.0035224324574504432,-0.022960501889616066,-0.028209115691057177,0.011849258394883213,0.017817621612890654,0.03054516162345333,0.01724088198026169,-0.011389430346228802,21127000.0
2023-01-29,21127000.0,446050.0,1941.199951171875,86.12000274658203,20891428.57142857,19319213.333333332,892896.4946999811,830277.5349663694,80.04596243759411,21998691.845359683,17374448.154640317,-0.011389430346228802,-0.0048308192262316585,0.0,0.0,0.013853769776407236,0.022860330485939974,0.0,0.02153508799404179,0.0010505881975787813,0.003767611384967313,0.012734674793501452,0.004052806444920182,0.0035224324574504432,0.015657171008339663,0.01826887943673116,-0.0014691611288529948,-0.020321529356539164,20702000.0
2023-01-30,20702000.0,447300.0,1922.9000244140625,84.9000015258789,20871714.285714287,19419480.0,845127.3152498305,833247.4910230617,71.79315618428599,22026332.008505177,17621807.991494823,-0.020321529356539164,0.0027984570790099556,-0.009471837524461122,-0.014267593098698645,-0.011389430346228802,-0.0048308192262316585,0.0,0.013853769776407236,0.022860330485939974,0.0,0.02153508799404179,0.0010505881975787813,0.003767611384967313,0.011976422298043132,0.021681962233790705,0.0,0.03386129710577586,21415000.0
2023-01-31,21415000.0,447040.0,1929.5,84.48999786376953,20954142.85714286,19533280.0,854947.7323159538,837587.5392816402,73.89881478860782,22138161.84904226,17845878.15095774,0.03386129710577586,-0.0005814343702054723,0.0034264261246514465,-0.004840952409035302,-0.020321529356539164,0.0027984570790099556,-0.009471837524461122,-0.011389430346228802,-0.0048308192262316585,0.0,0.013853769776407236,0.022860330485939974,0.0,-9.597389517419208e-05,-0.002406096602586642,0.0,0.010082088793219255,21632000.0
2023-02-01,21632000.0,449250.0,1927.800048828125,82.83999633789062,21135142.85714286,19654313.333333332,870209.3384809718,844111.8991215065,75.70729631993193,22230830.483109828,18111509.516890172,0.010082088793219255,0.004931449595071532,-0.000881420299387641,-0.019722166560562585,0.03386129710577586,-0.0005814343702054723,0.0034264261246514465,-0.020321529356539164,0.0027984570790099556,-0.009471837524461122,-0.011389430346228802,-0.0048308192262316585,0.0,-0.022960501889616066,-0.028209115691057177,0.011849258394883213,-0.04452320810310189,20690000.0
2023-02-05,20690000.0,449400.0,1927.800048828125,82.83999633789062,21144285.714285713,19728646.666666668,797104.2226446606,834710.3638261374,61.69117647058823,22113558.21858906,18492881.78141094,-0.04452320810310189,0.0003338340875602837,0.0,0.0,0.010082088793219255,0.004931449595071532,-0.000881420299387641,0.03386129710577586,-0.0005814343702054723,0.0034264261246514465,-0.020321529356539164,0.0027984570790099556,-0.009471837524461122,0.012734674793501452,0.004052806444920182,0.0035224324574504432,-0.00043508738691235775,20681000.0
2023-02-06,20681000.0,442370.0,1866.199951171875,80.98999786376953,21088000.0,19791913.333333332,730026.3772157021,813773.5665040504,57.74278215223098,22094997.464083802,18680442.535916198,-0.00043508738691235775,-0.015766723777337503,-0.03247523004282979,-0.02258532843593825,-0.04452320810310189,0.0003338340875602837,0.0,0.010082088793219255,0.004931449595071532,-0.000881420299387641,0.03386129710577586,-0.0005814343702054723,0.0034264261246514465,0.02153508799404179,0.0010505881975787813,0.003767611384967313,0.009576358643898634,20880000.0
2023-02-07,20880000.0,445610.0,1871.699951171875,83.69000244140625,21018142.85714286,19861813.333333332,685027.7646748871,788024.4061382178,56.3412599082186,22046702.50741753,18931527.49258247,0.009576358643898634,0.007297494039078362,0.0029428310618131773,0.03279386133237484,-0.00043508738691235775,-0.015766723777337503,-0.03247523004282979,-0.04452320810310189,0.0003338340875602837,0.0,0.010082088793219255,0.004931449595071532,-0.000881420299387641,0.013853769776407236,0.022860330485939974,0.0,0.013528761867744309,21164400.0
2023-02-08,21164400.0,450651.0,1877.4000244140625,85.08999633789062,21023485.714285713,19903260.0,664653.0367335118,763350.1322572767,56.015551119050116,21989289.21466898,19217580.78533102,0.013528761867744309,0.011249074003962464,0.003040771209810025,0.016589951606594103,0.009576358643898634,0.007297494039078362,0.0029428310618131773,-0.00043508738691235775,-0.015766723777337503,-0.03247523004282979,-0.04452320810310189,0.0003338340875602837,0.0,-0.011389430346228802,-0.0048308192262316585,0.0,0.0015863127228809837,21198000.0
2023-02-12,21198000.0,456050.0,1877.4000244140625,85.08999633789062,21094342.85714286,19971426.666666668,643795.8790958636,739439.2816249941,53.93926056338029,21954262.024607692,19447067.975392308,0.0015863127228809837,0.011909248609235213,0.0,0.0,0.013528761867744309,0.011249074003962464,0.003040771209810025,0.009576358643898634,0.007297494039078362,0.0029428310618131773,-0.00043508738691235775,-0.015766723777337503,-0.03247523004282979,-0.020321529356539164,0.0027984570790099556,-0.009471837524461122,0.010604951343753423,21424000.0
2023-02-13,21424000.0,459070.0,1851.9000244140625,86.61000061035156,21095628.57142857,20067160.0,638146.5860282406,719180.7425056435,56.14513422818792,21890752.376305483,19731477.623694517,0.010604951343753423,0.0066002512532273355,-0.013675701655868578,0.017705812566684204,0.0015863127228809837,0.011909248609235213,0.0,0.013528761867744309,0.011249074003962464,0.003040771209810025,0.009576358643898634,0.007297494039078362,0.0029428310618131773,0.03386129710577586,-0.0005814343702054723,0.0034264261246514465,0.019492316887169202,21845700.0
2023-02-14,21845700.0,457108.0,1854.0,85.58000183105469,21126157.14285714,20178783.333333332,660088.0619891845,707362.2064023517,65.69635550278797,21891840.83290779,19973159.16709221,0.019492316887169202,-0.004283017054069243,0.0011333148745895825,-0.01196365700558385,0.010604951343753423,0.0066002512532273355,-0.013675701655868578,0.0015863127228809837,0.011909248609235213,0.0,0.013528761867744309,0.011249074003962464,0.003040771209810025,0.010082088793219255,0.004931449595071532,-0.000881420299387641,0.007719933371731216,22015000.0
2023-02-16,22015000.0,451120.0,1842.0,85.13999938964844,21315442.85714286,20314216.666666668,683261.7190869115,702542.1089392637,65.01621621621621,21987380.39039942,20087719.60960058,0.007719933371731216,-0.01318630732639894,-0.006493529310548343,-0.005154679153288239,0.019492316887169202,-0.004283017054069243,0.0011333148745895825,0.010604951343753423,0.0066002512532273355,-0.013675701655868578,0.0015863127228809837,0.011909248609235213,0.0,-0.04452320810310189,0.0003338340875602837,0.0,0.06263459762869353,23438000.0
2023-02-19,23438000.0,499020.0,1842.0,85.13999938964844,21709300.0,20493616.666666668,807146.9294160493,723463.0730346208,71.10198249687444,22569302.04809671,19822397.95190329,0.06263459762869353,0.10091279560972448,0.0,0.0,0.007719933371731216,-0.01318630732639894,-0.006493529310548343,0.019492316887169202,-0.004283017054069243,0.0011333148745895825,0.010604951343753423,0.0066002512532273355,-0.013675701655868578,-0.00043508738691235775,-0.015766723777337503,-0.03247523004282979,-0.013012014477447723,23135000.0
2023-02-20,23135000.0,498910.0,1842.0,85.13999938964844,22031442.85714286,20663150.0,870838.7958629094,752938.2176002786,65.7453637660485,22914590.72032985,19731419.27967015,-0.013012014477447723,-0.00022045634552627597,0.0,0.0,0.06263459762869353,0.10091279560972448,0.0,0.007719933371731216,-0.01318630732639894,-0.006493529310548343,0.019492316887169202,-0.004283017054069243,0.0011333148745895825,0.009576358643898634,0.007297494039078362,0.0029428310618131773,0.03704048577910303,24008000.0
2023-02-21,24008000.0,511050.0,1833.0,83.05000305175781,22437671.42857143,20861783.333333332,980456.7676276825,798441.9276057594,73.08863599935887,23455262.15739247,19507547.84260753,0.03704048577910303,0.02404171401196028,-0.004897968975547142,-0.024854080425873636,-0.013012014477447723,-0.00022045634552627597,0.0,0.06263459762869353,0.10091279560972448,0.0,0.007719933371731216,-0.01318630732639894,-0.006493529310548343,0.013528761867744309,0.011249074003962464,0.003040771209810025,0.09308116684930531,26350000.0
2023-02-22,26350000.0,525831.0,1832.0,80.5999984741211,23173671.42857143,21107083.333333332,1241992.7082681507,887152.0837382376,84.62481608631683,24668928.670540255,18845081.329459745,0.09308116684930531,0.028512435561377156,-0.000545702605629464,-0.02994424222425107,0.03704048577910303,0.02404171401196028,-0.004897968975547142,-0.013012014477447723,-0.00022045634552627597,0.0,0.06263459762869353,0.10091279560972448,0.0,0.0015863127228809837,0.011909248609235213,0.0,0.03505205973287574,27290000.0
2023-02-25,27290000.0,584930.0,1832.0,80.5999984741211,24011671.42857143,21388346.666666668,1507731.7761970796,1011268.022230006,85.04115471788143,25846466.313396137,18360043.686603863,0.03505205973287574,0.10651231361613202,0.0,0.0,0.09308116684930531,0.028512435561377156,-0.000545702605629464,0.03704048577910303,0.02404171401196028,-0.004897968975547142,-0.013012014477447723,-0.00022045634552627597,0.0,0.010604951343753423,0.0066002512532273355,-0.013675701655868578,-0.058439168128564034,25740900.0
2023-02-26,25740900.0,584380.0,1832.0,80.5999984741211,24568128.57142857,21617110.0,1575174.8433642238,1124049.3864568498,71.14697738571914,26366816.459186513,18351183.540813487,-0.058439168128564034,-0.0009407257965139594,0.0,0.0,0.03505205973287574,0.10651231361613202,0.0,0.09308116684930531,0.028512435561377156,-0.000545702605629464,0.03704048577910303,0.02404171401196028,-0.004897968975547142,0.019492316887169202,-0.004283017054069243,0.0011333148745895825,0.011948117856159885,26050300.0
2023-02-27,26050300.0,559340.0,1817.0,82.44999694824219,25144600.0,21843673.333333332,1634745.6242688075,1226188.6340192412,79.50894577484173,26888361.97866892,18327168.02133108,0.011948117856159885,-0.0437939389169365,-0.008221476837904425,0.022693381411088683,-0.058439168128564034,-0.0009407257965139594,0.0,0.03505205973287574,0.10651231361613202,0.0,0.09308116684930531,0.028512435561377156,-0.000545702605629464,0.007719933371731216,-0.01318630732639894,-0.006493529310548343,-0.03771936284536004,25086000.0
2023-02-28,25086000.0,556510.0,1828.9000244140625,83.88999938964844,25380028.57142857,22039373.333333332,1585864.0922223218,1298123.7256598575,71.94205901691606,27169457.304132037,18417772.695867963,-0.03771936284536004,-0.005072377233061338,0.006527917163400628,0.017314397590414442,0.011948117856159885,-0.0437939389169365,-0.008221476837904425,-0.058439168128564034,-0.0009407257965139594,0.0,0.03505205973287574,0.10651231361613202,0.0,0.06263459762869353,0.10091279560972448,0.0,0.0017166155432851555,25129100.0
2023-03-01,25129100.0,556478.0,1837.699951171875,84.30999755859375,25664900.0,22229743.333333332,1532932.2469753958,1345085.4299229654,71.49940800858134,27414461.180819057,18572978.819180943,0.0017166155432851555,-5.7502866174375496e-05,0.004800056571569328,0.004994043394505118,-0.03771936284536004,-0.005072377233061338,0.006527917163400628,0.011948117856159885,-0.0437939389169365,-0.008221476837904425,-0.058439168128564034,-0.0009407257965139594,0.0,-0.013012014477447723,-0.00022045634552627597,0.0,-0.06988125184949825,23433000.0
2023-03-04,23433000.0,509000.0,1837.699951171875,84.30999755859375,25582757.14285714,22347043.333333332,1338690.6901924722,1343806.4819768667,60.04374158815613,27419720.783197507,18840819.216802493,-0.06988125184949825,-0.08917962058938551,0.0,0.0,0.0017166155432851555,-5.7502866174375496e-05,0.004800056571569328,-0.03771936284536004,-0.005072377233061338,0.006527917163400628,0.011948117856159885,-0.0437939389169365,-0.008221476837904425,0.03704048577910303,0.02404171401196028,-0.004897968975547142,0.0016629361043560172,23472000.0
2023-03-05,23472000.0,511040.0,1837.699951171875,84.30999755859375,25171614.285714287,22453710.0,1174362.5110583566,1309917.6877931647,60.062837419240644,27447385.469418943,19018854.530581057,0.0016629361043560172,0.00399984847612483,0.0,0.0,-0.06988125184949825,-0.08917962058938551,0.0,0.0017166155432851555,-5.7502866174375496e-05,0.004800056571569328,-0.03771936284536004,-0.005072377233061338,0.006527917163400628,0.09308116684930531,0.028512435561377156,-0.000545702605629464,-0.011483543796807967,23204000.0
2023-03-06,23204000.0,503480.0,1847.9000244140625,86.18000030517578,24587900.0,22540780.0,1010853.3962261193,1250104.8294797558,57.847632483907944,27458344.81371105,19165095.18628895,-0.011483543796807967,-0.014903875603343419,0.0055351092640262955,0.021937682751745083,0.0016629361043560172,0.00399984847612483,0.0,-0.06988125184949825,-0.08917962058938551,0.0,0.0017166155432851555,-5.7502866174375496e-05,0.004800056571569328,0.03505205973287574,0.10651231361613202,0.0,-0.011930915291397283,22928800.0
2023-03-07,22928800.0,509070.0,1813.9000244140625,83.29000091552734,24186171.42857143,22610406.666666668,849274.9912011325,1169938.8618240312,54.83764348564027,27389208.029771052,19458111.970228948,-0.011930915291397283,0.011041542229540178,-0.0185706355718125,-0.03410963078954278,-0.011483543796807967,-0.014903875603343419,0.0055351092640262955,0.0016629361043560172,0.00399984847612483,0.0,-0.06988125184949825,-0.08917962058938551,0.0,-0.058439168128564034,-0.0009407257965139594,0.0,-0.019207396086747004,22492600.0
2023-03-08,22492600.0,492988.0,1812.699951171875,82.66000366210938,23677928.57142857,22665560.0,678207.2950567603,1071592.5484705772,52.083515102867025,27294439.30435309,19734040.69564691,-0.019207396086747004,-0.0321006986771868,-0.0006618172911648265,-0.007592651552424669,-0.011930915291397283,0.011041542229540178,-0.0185706355718125,-0.011483543796807967,-0.014903875603343419,0.0055351092640262955,0.0016629361043560172,0.00399984847612483,0.0,0.011948117856159885,-0.0437939389169365,-0.008221476837904425,-0.1211609546030091,19926000.0
2023-03-11,19926000.0,445050.0,1812.699951171875,82.66000366210938,22940785.714285713,22650926.666666668,331708.019786302,923615.6427337222,36.06902023006744,27407360.040977314,19525719.959022686,-0.1211609546030091,-0.10229819757071718,0.0,0.0,-0.019207396086747004,-0.0321006986771868,-0.0006618172911648265,-0.011930915291397283,0.011041542229540178,-0.0185706355718125,-0.011483543796807967,-0.014903875603343419,0.0055351092640262955,-0.03771936284536004,-0.005072377233061338,0.006527917163400628,0.0854711637339662,21704000.0
2023-03-12,21704000.0,452840.0,1812.699951171875,82.66000366210938,22451485.714285713,22686860.0,198288.838081114,778550.2818032007,44.91832386363637,27374917.946535297,19612122.053464703,0.0854711637339662,0.017352226804968184,0.0,0.0,-0.1211609546030091,-0.10229819757071718,0.0,-0.019207396086747004,-0.0321006986771868,-0.0006618172911648265,-0.011930915291397283,0.011041542229540178,-0.0185706355718125,0.0017166155432851555,-5.7502866174375496e-05,0.004800056571569328,0.051016809431178776,22840000.0
2023-03-13,22840000.0,470800.0,1911.699951171875,80.7699966430664,22366771.42857143,22745693.333333332,182119.52092655003,659264.1296278706,45.928327407097534,27319606.21544921,19831633.78455079,0.051016809431178776,0.03889451317621308,0.05317545346105235,-0.023130285494303446,0.0854711637339662,0.017352226804968184,0.0,-0.1211609546030091,-0.10229819757071718,0.0,-0.019207396086747004,-0.0321006986771868,-0.0006618172911648265,-0.06988125184949825,-0.08917962058938551,0.0,0.014129134080802293,23165000.0
2023-03-14,23165000.0,469470.0,1906.199951171875,77.44999694824219,22322914.285714287,22805560.0,193301.7422906272,566071.6521604221,37.08015576829466,27274649.828060478,20050690.171939522,0.014129134080802293,-0.00282897654293142,-0.0028811671051432153,-0.041973040432629505,0.051016809431178776,0.03889451317621308,0.05317545346105235,0.0854711637339662,0.017352226804968184,0.0,-0.1211609546030091,-0.10229819757071718,0.0,0.0016629361043560172,0.00399984847612483,0.0,0.04441234700975294,24217000.0
2023-03-15,24217000.0,467919.0,1926.5999755859373,73.69000244140625,22467628.57142857,22908560.0,283780.10099706054,509613.3419277498,37.64672776973791,27296469.226095866,20266000.773904134,0.04441234700975294,-0.003309194828159557,0.010645072763326602,-0.04976538955026066,0.014129134080802293,-0.00282897654293142,-0.0028811671051432153,0.051016809431178776,0.03889451317621308,0.05317545346105235,0.0854711637339662,0.017352226804968184,0.0,-0.011483543796807967,-0.014903875603343419,0.0055351092640262955,0.08341480820625878,26323700.0
2023-03-18,26323700.0,481014.0,1926.5999755859373,73.69000244140625,22952614.285714287,23095950.0,519489.5831631012,511588.59017482016,52.24229739296377,27583530.166951474,20409809.833048526,0.08341480820625878,0.02760117169626428,0.0,0.0,0.04441234700975294,-0.003309194828159557,0.010645072763326602,0.014129134080802293,-0.00282897654293142,-0.0028811671051432153,0.051016809431178776,0.03889451317621308,0.05317545346105235,-0.011930915291397283,0.011041542229540178,-0.0185706355718125,0.0017876633251394424,26370800.0
2023-03-24,26370800.0,481014.0,1982.0999755859373,74.98999786376953,23506642.85714286,23261143.333333332,701999.4101232402,549670.7541645042,51.25851114793494,27871036.92466094,20415583.07533906,0.0017876633251394424,0.0,0.028400097735252948,0.017487604916751685,0.08341480820625878,0.02760117169626428,0.0,0.04441234700975294,-0.003309194828159557,0.010645072763326602,0.014129134080802293,-0.00282897654293142,-0.0028811671051432153,-0.019207396086747004,-0.0321006986771868,-0.0006618172911648265,-0.013445670538496803,26018600.0
2023-03-25,26018600.0,507910.0,1982.0999755859373,74.98999786376953,24377014.285714287,23407363.333333332,808895.7200193815,601515.7473354797,53.84697884697885,28073614.784497928,20501365.215502072,-0.013445670538496803,0.05440789081722104,0.0,0.0,0.0017876633251394424,0.0,0.028400097735252948,0.08341480820625878,0.02760117169626428,0.0,0.04441234700975294,-0.003309194828159557,0.010645072763326602,-0.1211609546030091,-0.10229819757071718,0.0,0.011844133935804245,26328600.0
2023-03-26,26328600.0,510920.0,1982.0999755859373,74.98999786376953,25037671.42857143,23595316.666666668,908157.5500517488,662844.1078787335,54.84133967275046,28294366.893388312,20512673.106611688,0.011844133935804245,0.005908755646060234,0.0,0.0,-0.013445670538496803,0.05440789081722104,0.0,0.0017876633251394424,0.0,0.028400097735252948,0.08341480820625878,0.02760117169626428,0.0,0.0854711637339662,0.017352226804968184,0.0,-0.01511637556735179,25933600.0
2023-03-27,25933600.0,511900.0,1952.4000244140625,78.12000274658203,25479614.285714287,23770403.333333332,944067.4448058642,719088.7752641598,61.2771714620727,28233946.314199027,20531453.685800973,-0.01511637556735179,0.0019162712889614286,-0.01509747886904467,0.040891398340551235,0.011844133935804245,0.005908755646060234,0.0,-0.013445670538496803,0.05440789081722104,0.0,0.0017876633251394424,0.0,0.028400097735252948,0.051016809431178776,0.03889451317621308,0.05317545346105235,0.014086546538143436,26301500.0
2023-03-28,26301500.0,511750.0,1972.4000244140625,78.6500015258789,25927685.714285713,23951120.0,990791.5225214139,773429.3247156106,62.392803020348815,28050461.53815943,20616088.46184057,0.014086546538143436,-0.00029306892213866887,0.01019169021018235,0.006761507738184953,-0.01511637556735179,0.0019162712889614286,-0.01509747886904467,0.011844133935804245,0.005908755646060234,0.0,-0.013445670538496803,0.05440789081722104,0.0,0.014129134080802293,-0.00282897654293142,-0.0028811671051432153,-0.011175650191319829,26009200.0
2023-03-29,26009200.0,546655.0,1966.0999755859373,78.27999877929688,26183714.285714287,24112613.333333332,992790.2555176839,817301.5108760253,62.26027517001451,28087129.80183586,20606250.19816414,-0.011175650191319829,0.06598166591758864,-0.0031992150318795637,-0.00471552197134874,0.014086546538143436,-0.00029306892213866887,0.01019169021018235,-0.01511637556735179,0.0019162712889614286,-0.01509747886904467,0.011844133935804245,0.005908755646060234,0.0,0.04441234700975294,-0.003309194828159557,0.010645072763326602,-0.00702986524261478,25827000.0
2023-04-03,25827000.0,511080.0,1983.9000244140625,84.93000030517578,26112757.14285714,24266913.333333332,968507.8924176916,847542.7871843587,62.77055132543711,28055832.41790033,20615217.58209967,-0.00702986524261478,-0.06729175673586506,0.009012743958884685,0.08153526445136641,-0.011175650191319829,0.06598166591758864,-0.0031992150318795637,0.014086546538143436,-0.00029306892213866887,0.01019169021018235,-0.01511637556735179,0.0019162712889614286,-0.01509747886904467,0.08341480820625878,0.02760117169626428,0.0,0.004828221589075192,25952000.0
2023-04-04,25952000.0,511080.0,2022.199951171875,84.94000244140625,26052928.57142857,24417846.666666668,948417.631955672,867717.7561386214,65.67325117796304,28155639.18233605,20602010.81766395,0.004828221589075192,0.0,0.019121386856435447,0.00011776224265966554,-0.00702986524261478,-0.06729175673586506,0.009012743958884685,-0.011175650191319829,0.06598166591758864,-0.0031992150318795637,0.014086546538143436,-0.00029306892213866887,0.01019169021018235,0.0017876633251394424,0.0,0.028400097735252948,-0.01796245954497834,25490000.0
2023-04-05,25490000.0,507990.0,2020.9000244140625,84.98999786376953,25977414.285714287,24539323.333333332,885014.5204033144,871177.1089915601,81.14853214501646,28192180.9674134,20601559.0325866,-0.01796245954497834,-0.006064371377763507,-0.0006430347062673179,0.0005884237476141602,0.004828221589075192,0.0,0.019121386856435447,-0.00702986524261478,-0.06729175673586506,0.009012743958884685,-0.011175650191319829,0.06598166591758864,-0.0031992150318795637,-0.013445670538496803,0.05440789081722104,0.0,-0.00011770013941434402,25487000.0
2023-04-06,25487000.0,510483.0,2011.9000244140625,85.12000274658203,25857185.714285713,24655056.666666668,825014.7661055587,861944.6404143599,76.43088703817561,28296222.891609717,20702917.108390283,-0.00011770013941434402,0.0048955740192789116,-0.004463407474970126,0.0015284804850554277,-0.01796245954497834,-0.006064371377763507,-0.0006430347062673179,0.004828221589075192,0.0,0.019121386856435447,-0.00702986524261478,-0.06729175673586506,0.009012743958884685,0.011844133935804245,0.005908755646060234,0.0,-0.02454647032895713,24869000.0
2023-04-08,24869000.0,503080.0,2011.9000244140625,85.12000274658203,25705100.0,24702756.666666668,719305.3886232078,833416.7900561295,65.28229693902145,28337770.76510164,20801069.23489836,-0.02454647032895713,-0.014608133185682912,0.0,0.0,-0.00011770013941434402,0.0048955740192789116,-0.004463407474970126,-0.01796245954497834,-0.006064371377763507,-0.0006430347062673179,0.004828221589075192,0.0,0.019121386856435447,-0.01511637556735179,0.0019162712889614286,-0.01509747886904467,0.0012055941019789636,24899000.0
2023-04-09,24899000.0,504600.0,2011.9000244140625,85.12000274658203,25504742.85714286,24761556.666666668,630680.6012666896,792869.5522982415,63.66774915660371,28369085.045341585,20939254.954658415,0.0012055941019789636,0.00301683302800248,0.0,0.0,-0.02454647032895713,-0.014608133185682912,0.0,-0.00011770013941434402,0.0048955740192789116,-0.004463407474970126,-0.01796245954497834,-0.006064371377763507,-0.0006430347062673179,0.014086546538143436,-0.00029306892213866887,0.01019169021018235,0.025523919518264965,25542700.0
2023-04-10,25542700.0,508880.0,1989.0999755859373,84.18000030517578,25438100.0,24812713.333333332,605407.2709871717,755377.0960360277,61.168303819649196,28427414.159022395,21142315.840977605,0.025523919518264965,0.008446196163591343,-0.011397298492928747,-0.011104690892808735,0.0012055941019789636,0.00301683302800248,0.0,-0.02454647032895713,-0.014608133185682912,0.0,-0.00011770013941434402,0.0048955740192789116,-0.004463407474970126,-0.011175650191319829,0.06598166591758864,-0.0031992150318795637,0.0,25542700.0
2023-04-11,25542700.0,510540.0,2004.800048828125,85.61000061035156,25397485.714285713,24785803.333333332,578707.0005859882,720043.0769460198,39.7999164141678,28428063.20040711,21446676.79959289,0.0,0.0032567567189722545,0.007862066660321815,0.016844738916135568,0.025523919518264965,0.008446196163591343,-0.011397298492928747,0.0012055941019789636,0.00301683302800248,0.0,-0.02454647032895713,-0.014608133185682912,0.0,-0.00702986524261478,-0.06729175673586506,0.009012743958884685,-0.0027599743090888323,25472300.0
2023-04-12,25472300.0,510019.0,2010.9000244140625,87.33000183105469,25328957.14285714,24725213.333333332,545577.0793248191,685149.8774217798,38.33631902796168,27790389.665380556,22638980.334619444,-0.0027599743090888323,-0.0010210091631353251,0.0030380656754726365,0.019891961508879945,0.0,0.0032567567189722545,0.007862066660321815,0.025523919518264965,0.008446196163591343,-0.011397298492928747,0.0012055941019789636,0.00301683302800248,0.0,0.004828221589075192,0.0,0.019121386856435447,0.0011260798509323106,25501000.0
2023-04-15,25501000.0,512590.0,2010.9000244140625,87.33000183105469,25330528.57142857,24717216.666666668,515692.6443843059,651258.4308142851,42.66481491978912,27380651.108111273,23428418.891888727,0.0011260798509323106,0.005028325424687019,0.0,0.0,-0.0027599743090888323,-0.0010210091631353251,0.0030380656754726365,0.0,0.0032567567189722545,0.007862066660321815,0.025523919518264965,0.008446196163591343,-0.011397298492928747,-0.01796245954497834,-0.006064371377763507,-0.0006430347062673179,0.030851272101978834,26300000.0
2023-04-16,26300000.0,514550.0,2010.9000244140625,87.33000183105469,25446671.42857143,24725540.0,550139.9657912031,631034.7378096688,49.64403066812705,27178544.77645853,23976525.22354147,0.030851272101978834,0.003816426931028092,0.0,0.0,0.0011260798509323106,0.005028325424687019,0.0,-0.0027599743090888323,-0.0010210091631353251,0.0030380656754726365,0.0,0.0032567567189722545,0.007862066660321815,-0.00011770013941434402,0.0048955740192789116,-0.004463407474970126,-0.029127336400957524,25545000.0
2023-04-17,25545000.0,517570.0,1994.199951171875,84.76000213623047,25543242.85714286,24740840.0,510631.28637163714,606954.0475220624,45.561089280818784,26827241.9838217,24565828.0161783,-0.029127336400957524,0.005852049410326673,-0.00833945226326207,-0.029870308789333215,0.030851272101978834,0.003816426931028092,0.0,0.0011260798509323106,0.005028325424687019,0.0,-0.0027599743090888323,-0.0010210091631353251,0.0030380656754726365,-0.02454647032895713,-0.014608133185682912,0.0,0.014110198537909397,25908000.0
2023-04-18,25908000.0,517080.0,2007.4000244140625,84.7699966430664,25687385.714285713,24766803.333333332,502815.297807917,586126.2975792334,45.500080049401916,26673814.277700227,24888355.722299773,0.014110198537909397,-0.0009471802766803211,0.006597421632108531,0.00011790841643929448,-0.029127336400957524,0.005852049410326673,-0.00833945226326207,0.030851272101978834,0.003816426931028092,0.0,0.0011260798509323106,0.005028325424687019,0.0,0.0012055941019789636,0.00301683302800248,0.0,0.004352103000602656,26021000.0
2023-04-19,26021000.0,516069.0,1995.199951171875,83.12000274658203,25755714.285714287,24853070.0,499975.8161946498,568896.2013023167,50.140710708323404,26629740.085367363,24902159.914632637,0.004352103000602656,-0.001957123943798335,-0.006096093088757149,-0.01965628718527541,0.014110198537909397,-0.0009471802766803211,0.006597421632108531,-0.029127336400957524,0.005852049410326673,-0.00833945226326207,0.030851272101978834,0.003816426931028092,0.0,0.025523919518264965,0.008446196163591343,-0.011397298492928747,-0.011110259295688311,25733500.0
2023-04-23,25733500.0,517759.0,1995.199951171875,83.12000274658203,25782971.42857143,24928453.333333332,469118.94807947427,548940.7506577483,48.912360700742155,26549597.127826184,24918572.872173816,-0.011110259295688311,0.0032694055594721765,0.0,0.0,0.004352103000602656,-0.001957123943798335,-0.006096093088757149,0.014110198537909397,-0.0009471802766803211,0.006597421632108531,-0.029127336400957524,0.005852049410326673,-0.00833945226326207,0.0,0.0032567567189722545,0.007862066660321815,-0.00013601873193223914,25730000.0
2023-04-25,25730000.0,517810.0,1994.0,80.7699966430664,25819785.714285713,25012653.333333332,439318.0519997291,527016.2109261445,47.342463129668644,26524108.204226002,24915201.795773998,-0.00013601873193223914,9.849657539232236e-05,-0.000601599931190865,-0.02867981194198239,-0.011110259295688311,0.0032694055594721765,0.0,0.004352103000602656,-0.001957123943798335,-0.006096093088757149,0.014110198537909397,-0.0009471802766803211,0.006597421632108531,-0.0027599743090888323,-0.0010210091631353251,0.0030380656754726365,0.03250142699144653,26580000.0
2023-04-26,26580000.0,535050.0,1985.699951171875,77.69000244140625,25973928.57142857,25134360.0,478769.56587457657,517366.88191583095,61.9391868208903,26583250.13507318,24881199.86492682,0.03250142699144653,0.03275182086619711,-0.004171199318677286,-0.0388789875052618,-0.00013601873193223914,9.849657539232236e-05,-0.000601599931190865,-0.011110259295688311,0.0032694055594721765,0.0,0.004352103000602656,-0.001957123943798335,-0.006096093088757149,0.0011260798509323106,0.005028325424687019,0.0,0.0,26580000.0
2023-04-27,26580000.0,532830.0,1989.9000244140625,78.37000274658203,26013928.57142857,25270606.666666668,504222.80818820745,514738.0671703063,61.979920206935866,26693317.463155426,24835772.536844574,0.0,-0.004157776525665128,0.0021129262655032468,0.008714655723814189,0.03250142699144653,0.03275182086619711,-0.004171199318677286,-0.00013601873193223914,9.849657539232236e-05,-0.000601599931190865,-0.011110259295688311,0.0032694055594721765,0.0,0.030851272101978834,0.003816426931028092,0.0,0.032279971761289,27452000.0
2023-04-29,27452000.0,549090.0,1989.9000244140625,78.37000274658203,26286357.14285714,25521473.333333332,587979.9318448901,529386.4401052231,76.81797416836247,26999975.193396986,24644164.806603014,0.032279971761289,0.03005993855263531,0.0,0.0,0.0,-0.004157776525665128,0.0021129262655032468,0.03250142699144653,0.03275182086619711,-0.004171199318677286,-0.00013601873193223914,9.849657539232236e-05,-0.000601599931190865,-0.029127336400957524,0.005852049410326673,-0.00833945226326207,0.0010194423077602892,27480000.0
2023-04-30,27480000.0,557350.0,1989.9000244140625,78.37000274658203,26510928.57142857,25714006.666666668,649134.6021531746,553336.0725148134,76.80834268145748,27287011.389587987,24504208.610412013,0.0010194423077602892,0.014931046335652133,0.0,0.0,0.032279971761289,0.03005993855263531,0.0,0.0,-0.004157776525665128,0.0021129262655032468,0.03250142699144653,0.03275182086619711,-0.004171199318677286,0.014110198537909397,-0.0009471802766803211,0.006597421632108531,-0.00961668928335487,27217000.0
2023-05-01,27217000.0,546450.0,1983.4000244140625,79.30999755859375,26681785.714285713,25859906.666666668,668670.2030824199,576402.8986283347,68.88407660553563,27475826.02946557,24454393.97053443,-0.00961668928335487,-0.019750596712949944,-0.003271842407387323,0.011922957201028265,0.0010194423077602892,0.014931046335652133,0.0,0.032279971761289,0.03005993855263531,0.0,0.0,-0.004157776525665128,0.0021129262655032468,0.004352103000602656,-0.001957123943798335,-0.006096093088757149,0.001688693499686543,27263000.0
2023-05-02,27263000.0,540200.0,2014.300048828125,75.31999969482422,26900285.714285713,25996506.666666668,680025.2157411464,597127.3620508971,69.20363465874841,27648921.53686115,24412398.46313885,0.001688693499686543,-0.011503370764167305,0.015459208663897123,-0.05161849357491699,-0.00961668928335487,-0.019750596712949944,-0.003271842407387323,0.0010194423077602892,0.014931046335652133,0.0,0.032279971761289,0.03005993855263531,0.0,-0.011110259295688311,0.0032694055594721765,0.0,0.00303979431640975,27346000.0
2023-05-03,27346000.0,541800.0,2028.5999755859373,72.33000183105469,27131142.85714286,26100806.666666668,687793.1006932408,615260.5097793658,70.85735912906027,27822049.426429752,24424870.573570248,0.00303979431640975,0.002957488292479514,0.007074123181844181,-0.04050669356075284,0.001688693499686543,-0.011503370764167305,0.015459208663897123,-0.00961668928335487,-0.019750596712949944,-0.003271842407387323,0.0010194423077602892,0.014931046335652133,0.0,-0.00013601873193223914,9.849657539232236e-05,-0.000601599931190865,0.0,27346000.0
2023-05-04,27346000.0,536840.0,2048.0,72.5,27240571.42857143,26134883.333333332,686040.9524284378,629416.5983091802,70.66995294644857,27970890.421393365,24461929.578606635,0.0,-0.00919683112138962,0.009517819252434986,0.0023475556841534148,0.00303979431640975,0.002957488292479514,0.007074123181844181,0.001688693499686543,-0.011503370764167305,0.015459208663897123,-0.00961668928335487,-0.019750596712949944,-0.003271842407387323,0.03250142699144653,0.03275182086619711,-0.004171199318677286,-0.037329720812826726,26344000.0
2023-05-06,26344000.0,527520.0,2048.0,72.5,27206857.14285714,26133990.0,596918.4322502762,622916.9650973994,50.47149592798971,27926165.508162137,24654154.491837863,-0.037329720812826726,-0.017513319206184215,0.0,0.0,0.0,-0.00919683112138962,0.009517819252434986,0.00303979431640975,0.002957488292479514,0.007074123181844181,0.001688693499686543,-0.011503370764167305,0.015459208663897123,0.0,-0.004157776525665128,0.0021129262655032468,0.009181829445653319,26587000.0
2023-05-07,26587000.0,535870.0,2048.0,72.5,27083285.714285713,26152936.666666668,539675.2220565565,606268.6164892309,62.542128069330765,27877102.564280193,24872017.435719807,0.009181829445653319,0.01570481501701737,0.0,0.0,-0.037329720812826726,-0.017513319206184215,0.0,0.0,-0.00919683112138962,0.009517819252434986,0.00303979431640975,0.002957488292479514,0.007074123181844181,0.032279971761289,0.03005993855263531,0.0,-0.006717513372837751,26409000.0
2023-05-08,26409000.0,531720.0,2026.300048828125,77.01000213623047,26930285.714285713,26155616.666666668,474476.97792122886,579910.2887756305,56.31141345427059,27868496.1749309,24967253.8250691,-0.006717513372837751,-0.007774559341039926,-0.010652213190930656,0.060348749430179545,0.009181829445653319,0.01570481501701737,0.0,-0.037329720812826726,-0.017513319206184215,0.0,0.0,-0.00919683112138962,0.009517819252434986,0.0010194423077602892,0.014931046335652133,0.0,0.004269716108528492,26522000.0
2023-05-09,26522000.0,529510.0,2036.199951171875,77.44000244140625,26831000.0,26175230.0,427002.83248276636,549328.7975170577,56.31141345427059,27857969.251855638,25075710.748144362,0.004269716108528492,-0.004164984395005262,0.004873807724603167,0.005568163203936219,-0.006717513372837751,-0.007774559341039926,-0.010652213190930656,0.009181829445653319,0.01570481501701737,0.0,-0.037329720812826726,-0.017513319206184215,0.0,-0.00961668928335487,-0.019750596712949944,-0.003271842407387323,-0.0036640454991058845,26425000.0
2023-05-10,26425000.0,530410.0,2030.5,76.41000366210938,26711285.714285713,26179346.666666668,377203.96830753237,514903.8316751527,59.1504565303692,27825131.865247753,25203818.134752247,-0.0036640454991058845,0.001698241784855164,-0.002803233566718523,-0.013389848908174986,0.004269716108528492,-0.004164984395005262,0.004873807724603167,-0.006717513372837751,-0.007774559341039926,-0.010652213190930656,0.009181829445653319,0.01570481501701737,0.0,0.001688693499686543,-0.011503370764167305,0.015459208663897123,0.0,26425000.0
2023-05-11,26425000.0,530360.0,2014.699951171875,74.9800033569336,26579714.285714287,26193206.666666668,333889.14346018434,478700.89403215906,59.205298013245034,27783083.075329833,25338266.924670167,0.0,-9.427114273030458e-05,-0.007811791440417504,-0.018892169507751317,-0.0036640454991058845,0.001698241784855164,-0.002803233566718523,0.004269716108528492,-0.004164984395005262,0.004873807724603167,-0.006717513372837751,-0.007774559341039926,-0.010652213190930656,0.00303979431640975,0.002957488292479514,0.007074123181844181,-0.046118240250751806,25234000.0
2023-05-13,25234000.0,513810.0,2014.699951171875,74.9800033569336,26278000.0,26173440.0,201139.47563436627,423188.6103526006,33.649173955296405,27863308.117237374,25151441.882762626,-0.046118240250751806,-0.03170247393413083,0.0,0.0,0.0,-9.427114273030458e-05,-0.007811791440417504,-0.0036640454991058845,0.001698241784855164,-0.002803233566718523,0.004269716108528492,-0.004164984395005262,0.004873807724603167,0.0,-0.00919683112138962,0.009517819252434986,0.0033193639422219993,25317900.0
2023-05-14,25317900.0,521060.0,2014.699951171875,74.9800033569336,26131414.285714287,26152303.333333332,101534.0153647475,358857.69135503,34.97464225338699,27889179.291304257,25102860.708695743,0.0033193639422219993,0.014011650958006217,0.0,0.0,-0.046118240250751806,-0.03170247393413083,0.0,0.0,-9.427114273030458e-05,-0.007811791440417504,-0.0036640454991058845,0.001698241784855164,-0.002803233566718523,-0.037329720812826726,-0.017513319206184215,0.0,0.0,25317900.0
2023-05-15,25317900.0,515020.0,2018.0,75.2300033569336,25950114.285714287,26146566.666666668,22338.466545362025,291553.84639309644,17.936236064785604,27935064.528974984,24997965.471025016,0.0,-0.011659463409258119,0.0016366452276193638,0.003328676115583688,0.0033193639422219993,0.014011650958006217,0.0,-0.046118240250751806,-0.03170247393413083,0.0,0.0,-9.427114273030458e-05,-0.007811791440417504,0.009181829445653319,0.01570481501701737,0.0,-0.01271583377974144,24998000.0
2023-05-17,24998000.0,512090.0,1980.699951171875,76.95999908447266,25748542.85714286,26130266.666666668,-65482.985852114856,220146.4799440542,15.716337919222056,28014690.871504355,24816039.128495645,-0.01271583377974144,-0.005705344019341134,-0.018656629002289996,0.022735662266903482,0.0,-0.011659463409258119,0.0016366452276193638,0.0033193639422219993,0.014011650958006217,0.0,-0.046118240250751806,-0.03170247393413083,0.0,-0.006717513372837751,-0.007774559341039926,-0.010652213190930656,0.0,24998000.0
2023-05-18,24998000.0,510980.0,1956.5,75.86000061035156,25530828.57142857,26134566.666666668,-133542.72222219035,149408.6395108053,16.94768827454719,28074820.561413657,24682359.438586343,0.0,-0.0021699403472866846,-0.012293130260797066,-0.014396250154790055,-0.01271583377974144,-0.005705344019341134,-0.018656629002289996,0.0,-0.011659463409258119,0.0016366452276193638,0.0033193639422219993,0.014011650958006217,0.0,0.004269716108528492,-0.004164984395005262,0.004873807724603167,0.025435810462478857,25642000.0
2023-05-20,25642000.0,518530.0,1956.5,75.86000061035156,25418971.42857143,26159333.333333332,-133970.80374037474,92732.7508605693,29.50591686052391,28077944.349602513,24670435.650397487,0.025435810462478857,0.014667434710552462,0.0,0.0,0.0,-0.0021699403472866846,-0.012293130260797066,-0.01271583377974144,-0.005705344019341134,-0.018656629002289996,0.0,-0.011659463409258119,0.0016366452276193638,-0.0036640454991058845,0.001698241784855164,-0.002803233566718523,0.005134599735690504,25774000.0
2023-05-21,25774000.0,523310.0,1956.5,75.86000061035156,25325971.42857143,26167043.333333332,-122249.547907155,49736.291107024444,30.368649782706427,28055186.217695445,24612593.782304555,0.005134599735690504,0.00917613748793814,0.0,0.0,0.025435810462478857,0.014667434710552462,0.0,0.0,-0.0021699403472866846,-0.012293130260797066,-0.01271583377974144,-0.005705344019341134,-0.018656629002289996,0.0,-9.427114273030458e-05,-0.007811791440417504,-0.0054856480084326245,25633000.0
2023-05-22,25633000.0,522510.0,1974.800048828125,75.98999786376953,25382971.42857143,26170053.333333332,-122920.93381665647,15204.846122288262,29.335552982049805,28031271.88336836,24541808.11663164,-0.0054856480084326245,-0.001529900281194911,0.00930998945984557,0.0017121802631829258,0.005134599735690504,0.00917613748793814,0.0,0.025435810462478857,0.014667434710552462,0.0,0.0,-0.0021699403472866846,-0.012293130260797066,-0.046118240250751806,-0.03170247393413083,0.0,-0.010668022889513327,25361000.0
2023-05-23,25361000.0,515040.0,1972.4000244140625,76.83999633789062,25389128.57142857,26166343.333333332,-143744.14575354382,-16584.952252878156,35.60677052828862,27882710.442883577,24481269.557116423,-0.010668022889513327,-0.01439955486130528,-0.001216064382496189,0.011123565671762762,-0.0054856480084326245,-0.001529900281194911,0.00930998945984557,0.005134599735690504,0.00917613748793814,0.0,0.025435810462478857,0.014667434710552462,0.0,0.0033193639422219993,0.014011650958006217,0.0,-0.0035550677353760793,25271000.0
2023-05-24,25271000.0,516190.0,1962.800048828125,78.36000061035156,25382428.57142857,26158676.666666668,-165600.00529664755,-46387.96286163203,29.827089337175792,27702827.924374644,24440252.075625356,-0.0035550677353760793,0.002230347210065649,-0.004879037635297988,0.019588310623949085,-0.010668022889513327,-0.01439955486130528,-0.001216064382496189,-0.0054856480084326245,-0.001529900281194911,0.00930998945984557,0.005134599735690504,0.00917613748793814,0.0,0.0,-0.011659463409258119,0.0016366452276193638,0.0,25271000.0
2023-05-25,25271000.0,514320.0,1943.0999755859373,76.26000213623047,25421428.57142857,26124376.666666668,-180836.36242817342,-73277.64277494031,31.548738569297626,27549019.267272588,24399460.732727412,0.0,-0.0036292749271323176,-0.010087426800028618,-0.02716501842352968,-0.0035550677353760793,0.002230347210065649,-0.004879037635297988,-0.010668022889513327,-0.01439955486130528,-0.001216064382496189,-0.0054856480084326245,-0.001529900281194911,0.00930998945984557,-0.01271583377974144,-0.005705344019341134,-0.018656629002289996,-0.01242301463680219,24959000.0
2023-05-27,24959000.0,515170.0,1943.0999755859373,76.26000213623047,25415857.14285714,26104843.333333332,-215601.75491095334,-101742.46520214292,26.194102595345427,27372770.518184867,24345309.481815133,-0.01242301463680219,0.001651303447626558,0.0,0.0,0.0,-0.0036292749271323176,-0.010087426800028618,-0.0035550677353760793,0.002230347210065649,-0.004879037635297988,-0.010668022889513327,-0.01439955486130528,-0.001216064382496189,0.0,-0.0021699403472866846,-0.012293130260797066,0.012304294440378664,25268000.0
2023-05-28,25268000.0,518350.0,1943.0999755859373,76.26000213623047,25362428.57142857,26083510.0,-215733.025318712,-124540.57722545674,33.446835298157254,27116751.230394658,24393528.769605342,0.012304294440378664,0.0061537464880632884,0.0,0.0,-0.01242301463680219,0.001651303447626558,0.0,0.0,-0.0036292749271323176,-0.010087426800028618,-0.0035550677353760793,0.002230347210065649,-0.004879037635297988,0.025435810462478857,0.014667434710552462,0.0,-0.012384429066593563,24957000.0
2023-05-29,24957000.0,513420.0,1943.0999755859373,76.26000213623047,25245714.285714287,26048043.333333332,-238186.49329836294,-147269.760440038,30.71364759051974,26816880.77277306,24454499.22722694,-0.012384429066593563,-0.009556466111102663,0.0,0.0,0.012304294440378664,0.0061537464880632884,0.0,-0.01242301463680219,0.001651303447626558,0.0,0.0,-0.0036292749271323176,-0.010087426800028618,0.005134599735690504,0.00917613748793814,0.0,-0.0002805217723326591,24950000.0
2023-05-30,24950000.0,509580.0,1958.0,73.54000091552734,25148142.85714286,26021926.666666668,-253622.27028186992,-168540.26240840438,44.58387367457471,26735655.82884083,24396324.17115917,-0.0002805217723326591,-0.007507366638045574,0.007638920797965943,-0.03631909411937581,-0.012384429066593563,-0.009556466111102663,0.0,0.012304294440378664,0.0061537464880632884,0.0,-0.01242301463680219,0.001651303447626558,0.0,-0.0054856480084326245,-0.001529900281194911,0.00930998945984557,0.0036007240343700867,25040000.0
2023-05-31,25040000.0,513330.0,1963.9000244140625,72.66000366210938,25102285.714285713,25998926.666666668,-255646.05828567967,-185961.42158385942,44.71250808630465,26575703.14424644,24401576.85575356,0.0036007240343700867,0.007332056192015868,0.0030087604621398334,-0.012038411128825931,-0.0002805217723326591,-0.007507366638045574,0.007638920797965943,-0.012384429066593563,-0.009556466111102663,0.0,0.012304294440378664,0.0061537464880632884,0.0,-0.010668022889513327,-0.01439955486130528,-0.001216064382496189,0.0,25040000.0
2023-06-01,25040000.0,510890.0,1978.0,74.27999877929688,25069285.714285713,25947593.333333332,-254318.30178398266,-199632.7976238841,44.71250808630465,26433118.230221152,24407261.769778848,0.0,-0.0047646103688120675,0.007153928630061794,0.022050642857019534,0.0036007240343700867,0.007332056192015868,0.0030087604621398334,-0.0002805217723326591,-0.007507366638045574,0.007638920797965943,-0.012384429066593563,-0.009556466111102663,0.0,-0.0035550677353760793,0.002230347210065649,-0.004879037635297988,-0.01581935700366901,24647000.0
2023-06-03,24647000.0,509250.0,1978.0,74.27999877929688,24980142.85714286,25883160.0,-281730.24980363995,-216052.28805983526,43.50240651610515,26253423.602648374,24399456.397351626,-0.01581935700366901,-0.003215247736261484,0.0,0.0,0.0,-0.0047646103688120675,0.007153928630061794,0.0036007240343700867,0.007332056192015868,0.0030087604621398334,-0.0002805217723326591,-0.007507366638045574,0.007638920797965943,0.0,-0.0036292749271323176,-0.010087426800028618,-0.03207464334533166,23869000.0
2023-06-06,23869000.0,496350.0,1965.5,76.29000091552734,24824428.57142857,25763726.666666668,-362058.9241802469,-245253.61528391758,33.77407300948548,26190428.265603848,24206851.734396152,-0.03207464334533166,-0.02565773207118436,-0.006339567320742402,0.02670016005205985,-0.01581935700366901,-0.003215247736261484,0.0,0.0,-0.0047646103688120675,0.007153928630061794,0.0036007240343700867,0.007332056192015868,0.0030087604621398334,-0.01242301463680219,0.001651303447626558,0.0,-0.016176046940007724,23486000.0
2023-06-07,23486000.0,492900.0,1942.699951171875,76.94999694824219,24569857.14285714,25630593.333333332,-451421.1741997525,-286487.1270670846,16.50093225605967,26144209.993602436,23959170.006397564,-0.016176046940007724,-0.0069750093243987265,-0.011667932951336448,0.00861394052315809,-0.03207464334533166,-0.02565773207118436,-0.006339567320742402,-0.01581935700366901,-0.003215247736261484,0.0,0.0,-0.0047646103688120675,0.007153928630061794,0.012304294440378664,0.0061537464880632884,0.0,0.0,23486000.0
2023-06-08,23486000.0,490840.0,1963.5999755859373,75.95999908447266,24359714.285714287,25506226.666666668,-516289.93220136315,-332447.6880939403,12.929358392741406,26256776.199702367,23671803.800297633,0.0,-0.004188104602985021,0.010700777840001093,-0.012948946734587451,-0.016176046940007724,-0.0069750093243987265,-0.011667932951336448,-0.03207464334533166,-0.02565773207118436,-0.006339567320742402,-0.01581935700366901,-0.003215247736261484,0.0,-0.012384429066593563,-0.009556466111102663,0.0,-0.04413440914094684,22472000.0
2023-06-10,22472000.0,470090.0,1963.5999755859373,75.95999908447266,24005714.285714287,25346526.666666668,-642118.2761376537,-394381.805702683,10.07830260166709,26515107.040281855,23128882.959718145,-0.04413440914094684,-0.04319404337428833,0.0,0.0,0.0,-0.004188104602985021,0.010700777840001093,-0.016176046940007724,-0.0069750093243987265,-0.011667932951336448,-0.03207464334533166,-0.02565773207118436,-0.006339567320742402,-0.0002805217723326591,-0.007507366638045574,0.007638920797965943,0.013085951545553979,22768000.0
2023-06-11,22768000.0,481970.0,1963.5999755859373,75.95999908447266,23681142.85714286,25193926.666666668,-709771.613681607,-457459.7672984678,17.449158925433096,26600963.18997689,22788036.81002311,0.013085951545553979,0.024957705715610675,0.0,0.0,-0.04413440914094684,-0.04319404337428833,0.0,0.0,-0.004188104602985021,0.010700777840001093,-0.016176046940007724,-0.0069750093243987265,-0.011667932951336448,0.0036007240343700867,0.007332056192015868,0.0030087604621398334,0.030153907898884325,23465000.0
2023-06-12,23465000.0,499100.0,1955.300048828125,71.83999633789062,23456142.85714286,25064560.0,-699086.6603193879,-505785.1459026518,30.32679738562092,26594897.908266,22640802.091734,0.030153907898884325,0.034924605025894256,-0.004235851446159813,-0.055765500873296237,0.013085951545553979,0.024957705715610675,0.0,-0.04413440914094684,-0.04319404337428833,0.0,0.0,-0.004188104602985021,0.010700777840001093,0.0,-0.0047646103688120675,0.007153928630061794,-0.008001240726596396,23278000.0
2023-06-13,23278000.0,488580.0,1944.5999755859373,74.29000091552734,23260571.42857143,24962360.0,-697665.8374821022,-544161.2842185419,29.139627381201592,26587352.32303445,22476347.67696555,-0.008001240726596396,-0.021303251768468583,-0.005487371483662528,0.03353499246937749,0.030153907898884325,0.034924605025894256,-0.004235851446159813,0.013085951545553979,0.024957705715610675,0.0,-0.04413440914094684,-0.04319404337428833,0.0,-0.01581935700366901,-0.003215247736261484,0.0,-0.008672257997342446,23077000.0
2023-06-14,23077000.0,488020.0,1955.300048828125,73.19999694824219,23147428.57142857,24845360.0,-704636.2373961136,-576256.2748540563,29.832833261894564,26487340.098956686,22319859.901043314,-0.008672257997342446,-0.0011468360871954536,0.005487371483662586,-0.014780986210825861,-0.008001240726596396,-0.021303251768468583,-0.005487371483662528,0.030153907898884325,0.034924605025894256,-0.004235851446159813,0.013085951545553979,0.024957705715610675,0.0,-0.03207464334533166,-0.02565773207118436,-0.006339567320742402,0.0,23077000.0
2023-06-15,23077000.0,488100.0,1957.800048828125,75.66999816894531,23089000.0,24734293.333333332,-702067.334338475,-601418.4867509401,24.856552673858147,26328006.47031309,22209493.52968691,0.0,0.0001639142732023583,0.0012777594632126471,0.03318637723195084,-0.008672257997342446,-0.0011468360871954536,0.005487371483662586,-0.008001240726596396,-0.021303251768468583,-0.005487371483662528,0.030153907898884325,0.034924605025894256,-0.004235851446159813,-0.016176046940007724,-0.0069750093243987265,-0.011667932951336448,0.02177446621378279,23585000.0
2023-06-17,23585000.0,492280.0,1957.800048828125,75.66999816894531,23103142.85714286,24636393.333333332,-651529.6771356091,-611440.724827874,34.93631971892842,26141947.04766353,22190752.95233647,0.02177446621378279,0.0085273574110341,0.0,0.0,0.0,0.0001639142732023583,0.0012777594632126471,-0.008672257997342446,-0.0011468360871954536,0.005487371483662586,-0.008001240726596396,-0.021303251768468583,-0.005487371483662528,0.0,-0.004188104602985021,0.010700777840001093,-0.020475314809855674,23107000.0
2023-06-18,23107000.0,486810.0,1957.800048828125,75.66999816894531,23193857.14285714,24525793.333333332,-642640.8610691465,-617680.7520761285,31.66169154228855,25999235.045281,22108064.954719,-0.020475314809855674,-0.011173757084580906,0.0,0.0,0.02177446621378279,0.0085273574110341,0.0,0.0,0.0001639142732023583,0.0012777594632126471,-0.008672257997342446,-0.0011468360871954536,0.005487371483662586,-0.04413440914094684,-0.04319404337428833,0.0,0.008188994990795288,23297000.0
2023-06-19,23297000.0,489740.0,1957.800048828125,75.66999816894531,23269428.57142857,24421526.666666668,-613196.4512043186,-616783.8919017665,32.9951219512195,25839844.242461145,22070055.757538855,0.008188994990795288,0.0060007348157245215,0.0,0.0,-0.020475314809855674,-0.011173757084580906,0.0,0.02177446621378279,0.0085273574110341,0.0,0.0,0.0001639142732023583,0.0012777594632126471,0.013085951545553979,0.024957705715610675,0.0,-0.012482615378528327,23008000.0
2023-06-20,23008000.0,485880.0,1935.5,75.9000015258789,23204142.85714286,24347326.666666668,-606193.6064247005,-614665.8348063533,31.23383819726635,25664729.579723693,22018870.420276307,-0.012482615378528327,-0.007912958203209428,-0.011455727749929694,0.003034947996855205,0.008188994990795288,0.0060007348157245215,0.0,-0.020475314809855674,-0.011173757084580906,0.0,0.02177446621378279,0.0085273574110341,0.0,0.030153907898884325,0.034924605025894256,-0.004235851446159813,0.014840652013177406,23352000.0
2023-06-21,23352000.0,497310.0,1933.300048828125,77.12000274658203,23214714.285714287,24281796.666666668,-566357.2624358311,-605004.120332249,37.93103448275862,25517476.55237089,22005423.44762911,0.014840652013177406,0.023251894272814176,-0.0011372784228845022,0.01594598141129258,-0.012482615378528327,-0.007912958203209428,-0.011455727749929694,0.008188994990795288,0.0060007348157245215,0.0,-0.020475314809855674,-0.011173757084580906,0.0,-0.008001240726596396,-0.021303251768468583,-0.005487371483662528,0.0,23352000.0
2023-06-22,23352000.0,497130.0,1912.699951171875,74.13999938964844,23254000.0,24216266.666666668,-528692.2378014065,-589741.7438260806,44.36450839328538,25278861.413038574,22052438.586961426,0.0,-0.00036201279507220625,-0.01071258172670636,-0.03940749642651613,0.014840652013177406,0.023251894272814176,-0.0011372784228845022,-0.012482615378528327,-0.007912958203209428,-0.011455727749929694,0.008188994990795288,0.0060007348157245215,0.0,-0.008672257997342446,-0.0011468360871954536,0.005487371483662586,0.009758669479217467,23581000.0
2023-06-24,23581000.0,499510.0,1912.699951171875,74.13999938964844,23326000.0,24169033.333333332,-474889.8140815422,-566771.357877173,51.07150913602526,25091158.821037874,22102541.178962126,0.009758669479217467,0.004776056598418273,0.0,0.0,0.0,-0.00036201279507220625,-0.01071258172670636,0.014840652013177406,0.023251894272814176,-0.0011372784228845022,-0.012482615378528327,-0.007912958203209428,-0.011455727749929694,0.0,0.0001639142732023583,0.0012777594632126471,0.0006782822762059397,23597000.0
2023-06-25,23597000.0,497970.0,1912.699951171875,74.13999938964844,23327714.285714287,24122333.333333332,-426048.71499525383,-538626.8293007892,51.24747134187457,24881314.071799383,22177085.928200617,0.0006782822762059397,-0.0030877836619925695,0.0,0.0,0.009758669479217467,0.004776056598418273,0.0,0.0,-0.00036201279507220625,-0.01071258172670636,0.014840652013177406,0.023251894272814176,-0.0011372784228845022,0.02177446621378279,0.0085273574110341,0.0,-0.0036511885683996863,23511000.0
2023-06-26,23511000.0,492920.0,1923.699951171875,74.18000030517578,23385428.57142857,24051300.0,-389788.039471861,-508859.07133500354,64.75433115592162,24603029.7600218,22302470.2399782,-0.0036511885683996863,-0.010192945176315402,0.005734558661622325,0.0005393866852679107,0.0006782822762059397,-0.0030877836619925695,0.0,0.009758669479217467,0.004776056598418273,0.0,0.0,-0.00036201279507220625,-0.01071258172670636,-0.020475314809855674,-0.011173757084580906,0.0,-0.0011490585368977154,23484000.0
2023-06-27,23484000.0,492350.0,1914.0,72.26000213623047,23412142.85714286,23974966.666666668,-359090.4955208078,-478905.3561721644,61.00861008610086,24251004.426331352,22498895.573668648,-0.0011490585368977154,-0.0011570433761113373,-0.00505509651683476,-0.0262238208928291,-0.0036511885683996863,-0.010192945176315402,0.005734558661622325,0.0006782822762059397,-0.0030877836619925695,0.0,0.009758669479217467,0.004776056598418273,0.0,0.008188994990795288,0.0060007348157245215,0.0,0.0,23484000.0
2023-06-28,23484000.0,492800.0,1912.300048828125,74.02999877929688,23480142.85714286,23903333.333333332,-330947.5138438195,-449313.78770649544,50.37181996086106,23961068.855288498,22672531.144711502,0.0,0.0009135665254988498,-0.0008885614102553915,0.02419964468309789,-0.0011490585368977154,-0.0011570433761113373,-0.00505509651683476,-0.0036511885683996863,-0.010192945176315402,0.005734558661622325,0.0006782822762059397,-0.0030877836619925695,0.0,-0.012482615378528327,-0.007912958203209428,-0.011455727749929694,0.021776157944641383,24001000.0
2023-07-01,24001000.0,499930.0,1912.300048828125,74.02999877929688,23572857.14285714,23858000.0,-263884.522343684,-412227.9346339332,62.53032928942808,23993667.001001537,22653132.998998463,0.021776157944641383,0.014364676401966994,0.0,0.0,0.0,0.0009135665254988498,-0.0008885614102553915,-0.0011490585368977154,-0.0011570433761113373,-0.00505509651683476,-0.0036511885683996863,-0.010192945176315402,0.005734558661622325,0.014840652013177406,0.023251894272814176,-0.0011372784228845022,-0.007066280735599726,23832000.0
2023-07-02,23832000.0,502990.0,1912.300048828125,74.02999877929688,23641428.57142857,23810033.333333332,-221816.54299350455,-374145.65630584746,63.2316859446197,24045603.756028563,22635796.243971437,-0.007066280735599726,0.006102200565132504,0.0,0.0,0.021776157944641383,0.014364676401966994,0.0,0.0,0.0009135665254988498,-0.0008885614102553915,-0.0011490585368977154,-0.0011570433761113373,-0.00505509651683476,0.0,-0.00036201279507220625,-0.01071258172670636,0.0005872729729590809,23846000.0
2023-07-03,23846000.0,502840.0,1921.699951171875,74.6500015258789,23679285.714285713,23762533.333333332,-185212.66694429517,-336359.05843353696,63.411231252179974,24096828.529672038,22620571.470327962,0.0005872729729590809,-0.00029826113977902757,0.004903453926919205,0.00834014445993642,-0.007066280735599726,0.006102200565132504,0.0,0.021776157944641383,0.014364676401966994,0.0,0.0,0.0009135665254988498,-0.0008885614102553915,0.009758669479217467,0.004776056598418273,0.0,-0.0016368333035684786,23807000.0
2023-07-04,23807000.0,503100.0,1921.699951171875,74.6500015258789,23709285.714285713,23724133.333333332,-157534.84192631766,-300594.2151320931,54.62885738115096,24060162.525064457,22790737.474935543,-0.0016368333035684786,0.0005169294506425463,0.0,0.0,0.0005872729729590809,-0.00029826113977902757,0.004903453926919205,-0.007066280735599726,0.006102200565132504,0.0,0.021776157944641383,0.014364676401966994,0.0,0.0006782822762059397,-0.0030877836619925695,0.0,0.0012593402722208564,23837000.0
2023-07-05,23837000.0,503130.0,1919.5999755859373,76.6500015258789,23755857.14285714,23676433.333333332,-131661.50503842905,-266807.6731133603,68.71794871794872,24058115.403982442,22899684.596017558,0.0012593402722208564,5.9628514373273656e-05,-0.001093367263780315,0.02643908079927894,-0.0016368333035684786,0.0005169294506425463,0.0,0.0005872729729590809,-0.00029826113977902757,0.004903453926919205,-0.007066280735599726,0.006102200565132504,0.0,-0.0036511885683996863,-0.010192945176315402,0.005734558661622325,0.0,23837000.0
2023-07-06,23837000.0,503130.0,1908.699951171875,76.5199966430664,23806285.714285713,23639100.0,-109889.95613722876,-235424.129718134,65.3409090909091,24098324.521189984,22896675.478810016,0.0,0.0,-0.0056944618118118595,-0.0016975245228833232,0.0012593402722208564,5.9628514373273656e-05,-0.001093367263780315,-0.0016368333035684786,0.0005169294506425463,0.0,0.0005872729729590809,-0.00029826113977902757,0.004903453926919205,-0.0011490585368977154,-0.0011570433761113373,-0.00505509651683476,-0.010924921482656828,23578000.0
2023-07-08,23578000.0,499630.0,1908.699951171875,76.5199966430664,23819714.285714287,23593366.666666668,-112241.13627289608,-210787.53102908644,66.47398843930637,24105175.11291913,22919824.88708087,-0.010924921482656828,-0.006980761524604063,0.0,0.0,0.0,0.0,-0.0056944618118118595,0.0012593402722208564,5.9628514373273656e-05,-0.001093367263780315,-0.0016368333035684786,0.0005169294506425463,0.0,0.0,0.0009135665254988498,-0.0008885614102553915,-0.003909574927046342,23486000.0
2023-07-09,23486000.0,498290.0,1908.699951171875,76.5199966430664,23746142.85714286,23541566.666666668,-120143.15904274583,-192658.65663181833,54.53315290933694,24089477.003175206,22976422.996824794,-0.003909574927046342,-0.0026855876330415724,0.0,0.0,-0.010924921482656828,-0.006980761524604063,0.0,0.0,0.0,-0.0056944618118118595,0.0012593402722208564,5.9628514373273656e-05,-0.001093367263780315,0.021776157944641383,0.014364676401966994,0.0,-0.008895790423104802,23278000.0
2023-07-10,23278000.0,491460.0,1925.0,77.69000244140625,23667000.0,23482833.333333332,-141557.6423063837,-182438.45376673143,47.805456702253856,24071407.73730342,23014592.26269658,-0.008895790423104802,-0.013801684098434753,0.008503611267913446,0.015174479685267687,-0.003909574927046342,-0.0026855876330415724,0.0,-0.010924921482656828,-0.006980761524604063,0.0,0.0,0.0,-0.0056944618118118595,-0.007066280735599726,0.006102200565132504,0.0,0.007617617184456385,23456000.0
2023-07-11,23456000.0,492430.0,1931.300048828125,79.4000015258789,23611285.714285713,23443133.333333332,-142522.74865474924,-174455.312744335,46.17737003058104,24065947.46286153,23007152.53713847,0.007617617184456385,0.001971765775175557,0.0032674088391857186,0.02177180708340523,-0.008895790423104802,-0.013801684098434753,0.008503611267913446,-0.003909574927046342,-0.0026855876330415724,0.0,-0.010924921482656828,-0.006980761524604063,0.0,0.0005872729729590809,-0.00029826113977902757,0.004903453926919205,0.001576178732669364,23493000.0
2023-07-12,23493000.0,492610.0,1956.199951171875,80.11000061035156,23566428.57142857,23430600.0,-138703.12828774378,-167304.87585301677,46.85990338164251,24046000.685745575,23065699.314254425,0.001576178732669364,0.0003654673962550236,0.012810414334619996,0.008902310375235674,0.007617617184456385,0.001971765775175557,0.0032674088391857186,-0.008895790423104802,-0.013801684098434753,0.008503611267913446,-0.003909574927046342,-0.0026855876330415724,0.0,-0.0016368333035684786,0.0005169294506425463,0.0,0.0,23493000.0
2023-07-13,23493000.0,492610.0,1959.199951171875,81.36000061035156,23517285.714285713,23430833.333333332,-134129.88579749316,-160669.87784191206,49.42675159235669,24041642.602773145,23089657.397226855,0.0,0.0,0.0015324108197861239,0.015483061396223408,0.001576178732669364,0.0003654673962550236,0.012810414334619996,0.007617617184456385,0.001971765775175557,0.0032674088391857186,-0.008895790423104802,-0.013801684098434753,0.008503611267913446,0.0012593402722208564,5.9628514373273656e-05,-0.001093367263780315,-0.0132401188585838,23184000.0
2023-07-15,23184000.0,483700.0,1959.199951171875,81.36000061035156,23424000.0,23420766.666666668,-153667.8879968971,-159269.47987290908,41.90064794816414,24011987.835957937,23136912.164042063,-0.0132401188585838,-0.018252906098058547,0.0,0.0,0.0,0.0,0.0015324108197861239,0.001576178732669364,0.0003654673962550236,0.012810414334619996,0.007617617184456385,0.001971765775175557,0.0032674088391857186,0.0,0.0,-0.0056944618118118595,0.0033587423385206057,23262000.0
2023-07-16,23262000.0,488180.0,1959.199951171875,81.36000061035156,23378857.14285714,23447100.0,-161002.0163525939,-159615.98716884604,44.24870466321244,24018825.30797013,23121074.69202987,0.0033587423385206057,0.009219310473880816,0.0,0.0,-0.0132401188585838,-0.018252906098058547,0.0,0.0,0.0,0.0015324108197861239,0.001576178732669364,0.0003654673962550236,0.012810414334619996,-0.010924921482656828,-0.006980761524604063,0.0,-0.0058636022100770745,23126000.0
2023-07-17,23126000.0,488170.0,1952.4000244140625,78.5,23327428.57142857,23459033.333333332,-175762.35034805536,-162845.2598046879,21.755971594577147,24040774.36700832,23076525.63299168,-0.0058636022100770745,-2.048445741864887e-05,-0.0034768041978425297,-0.03578513445380459,0.0033587423385206057,0.009219310473880816,0.0,-0.0132401188585838,-0.018252906098058547,0.0,0.0,0.0,0.0015324108197861239,-0.003909574927046342,-0.0026855876330415724,0.0,-0.0008219237804007469,23107000.0
2023-07-18,23107000.0,484700.0,1977.199951171875,79.62999725341797,23303000.0,23447100.0,-186839.3943576254,-167644.0867152754,24.088634739099362,24057366.0370715,23012533.9629285,-0.0008219237804007469,-0.007133562994069424,0.012622280219577665,0.014292246989190247,-0.0058636022100770745,-2.048445741864887e-05,-0.0034768041978425297,0.0033587423385206057,0.009219310473880816,0.0,-0.0132401188585838,-0.018252906098058547,0.0,-0.008895790423104802,-0.013801684098434753,0.008503611267913446,0.003024805694053293,23177000.0
2023-07-19,23177000.0,486370.0,1977.5,79.45999908447266,23263142.85714286,23443733.333333332,-187804.72064024583,-171676.21350026948,27.01030927835052,24059133.880133953,22968766.119866047,0.003024805694053293,0.0034395082669046255,0.0001517429045972916,-0.0021371329129644834,-0.0008219237804007469,-0.007133562994069424,0.012622280219577665,-0.0058636022100770745,-2.048445741864887e-05,-0.0034768041978425297,0.0033587423385206057,0.009219310473880816,0.0,0.007617617184456385,0.001971765775175557,0.0032674088391857186,0.0,23177000.0
2023-07-20,23177000.0,486370.0,1968.300048828125,79.63999938964844,23218000.0,23447066.666666668,-186420.80566919222,-174625.13193405402,27.7542372881356,24062892.578238066,22931607.421761934,0.0,0.0,-0.004663169815610155,0.0022627326675251384,0.003024805694053293,0.0034395082669046255,0.0001517429045972916,-0.0008219237804007469,-0.007133562994069424,0.012622280219577665,-0.0058636022100770745,-2.048445741864887e-05,-0.0034768041978425297,0.001576178732669364,0.0003654673962550236,0.012810414334619996,-0.0198267894727098,22722000.0
2023-07-22,22722000.0,483360.0,1968.300048828125,79.63999938964844,23107857.14285714,23435233.333333332,-219508.38447342068,-183601.78244192738,19.717544812601844,24122724.77665335,22795575.22334665,-0.0198267894727098,-0.006207933479873145,0.0,0.0,0.0,0.0,-0.004663169815610155,0.003024805694053293,0.0034395082669046255,0.0001517429045972916,-0.0008219237804007469,-0.007133562994069424,0.012622280219577665,0.0,0.0,0.0015324108197861239,0.023788384457097425,23269000.0
2023-07-23,23269000.0,486140.0,1968.300048828125,79.63999938964844,23120000.0,23424700.0,-199294.85351407528,-186740.39665635698,38.107202680067005,24117225.018418998,22779574.981581002,0.023788384457097425,0.0057349306227545745,0.0,0.0,-0.0198267894727098,-0.006207933479873145,0.0,0.0,0.0,-0.004663169815610155,0.003024805694053293,0.0034395082669046255,0.0001517429045972916,-0.0132401188585838,-0.018252906098058547,0.0,0.003089468237239773,23341000.0
2023-07-24,23341000.0,488370.0,1960.300048828125,82.73999786376953,23131285.714285713,23432500.0,-175443.28534348682,-184480.97439378296,44.61608359836438,24032556.603856936,22798243.396143064,0.003089468237239773,0.0045766670274118935,-0.004072703181324298,0.038186663682557555,0.023788384457097425,0.0057349306227545745,0.0,-0.0198267894727098,-0.006207933479873145,0.0,0.0,0.0,-0.004663169815610155,0.0033587423385206057,0.009219310473880816,0.0,-0.0005142489935484257,23329000.0
2023-07-25,23329000.0,490250.0,1962.0999755859373,83.63999938964844,23160285.714285713,23433566.666666668,-155714.07056204602,-178727.59362743556,46.298915605846304,23976127.61430813,22804372.38569187,-0.0005142489935484257,0.0038421497879275496,0.0009177681383584213,0.010818732048397329,0.003089468237239773,0.0045766670274118935,-0.004072703181324298,0.023788384457097425,0.0057349306227545745,0.0,-0.0198267894727098,-0.006207933479873145,0.0,-0.0058636022100770745,-2.048445741864887e-05,-0.0034768041978425297,0.0,23329000.0
2023-07-26,23329000.0,488990.0,1968.9000244140625,82.91999816894531,23192000.0,23444266.666666668,-138482.18923114985,-170678.51274817841,51.33298484056456,23909836.339090105,22818963.660909895,0.0,-0.002573425708436175,0.003459707764402656,-0.008645601777673694,-0.0005142489935484257,0.0038421497879275496,0.0009177681383584213,0.003089468237239773,0.0045766670274118935,-0.004072703181324298,0.023788384457097425,0.0057349306227545745,0.0,-0.0008219237804007469,-0.007133562994069424,0.012622280219577665,-0.0028760939316546143,23262000.0
2023-07-29,23262000.0,487970.0,1968.9000244140625,82.91999816894531,23204142.85714286,23441266.666666668,-128748.01224276796,-162292.41264709635,44.61709211986681,23842462.52445238,22831837.47554762,-0.0028760939316546143,-0.0020881108143988945,0.0,0.0,0.0,-0.002573425708436175,0.003459707764402656,-0.0005142489935484257,0.0038421497879275496,0.0009177681383584213,0.003089468237239773,0.0045766670274118935,-0.004072703181324298,0.003024805694053293,0.0034395082669046255,0.0001517429045972916,0.01772521907259745,23678000.0
2023-07-30,23678000.0,493660.0,1968.9000244140625,82.91999816894531,23275714.285714287,23452133.333333332,-86469.12130038813,-147127.7543777547,54.241173773498396,23805575.17280309,22852824.82719691,0.01772521907259745,0.011593092565956966,0.0,0.0,-0.0028760939316546143,-0.0020881108143988945,0.0,0.0,-0.002573425708436175,0.003459707764402656,-0.0005142489935484257,0.0038421497879275496,0.0009177681383584213,0.0,0.0,-0.004663169815610155,0.010084966557171329,23918000.0
2023-07-31,23918000.0,500700.0,1970.5,85.55999755859375,23446571.42857143,23463366.666666668,-33213.93185777962,-124344.98987375968,58.77736472532011,23828794.304673914,22837705.695326086,0.010084966557171329,0.014160098216321543,0.0008122940874228192,0.03134159019437482,0.01772521907259745,0.011593092565956966,0.0,-0.0028760939316546143,-0.0020881108143988945,0.0,0.0,-0.002573425708436175,0.003459707764402656,-0.0198267894727098,-0.006207933479873145,0.0,-0.0025452549784616223,23857200.0
2023-08-01,23857200.0,500090.0,1940.699951171875,84.91000366210938,23530600.0,23472040.0,4038.5833107344806,-98668.27523686086,65.49153166421208,23885658.679663714,22808761.320336286,-0.0025452549784616223,-0.0012190371117636362,-0.015238610077067491,-0.007625940539192455,0.010084966557171329,0.014160098216321543,0.0008122940874228192,0.01772521907259745,0.011593092565956966,0.0,-0.0028760939316546143,-0.0020881108143988945,0.0,0.023788384457097425,0.0057349306227545745,0.0,-0.007860736156742648,23670400.0
2023-08-02,23670400.0,498670.0,1937.4000244140625,83.19999694824219,23577657.14285714,23477353.333333332,18277.578575972468,-75279.1044742942,58.94985974754558,23910960.071701318,22801899.928298682,-0.007860736156742648,-0.002843527888185162,-0.0017018269642495524,-0.020344603993196275,-0.0025452549784616223,-0.0012190371117636362,-0.015238610077067491,0.010084966557171329,0.014160098216321543,0.0008122940874228192,0.01772521907259745,0.011593092565956966,0.0,0.003089468237239773,0.0045766670274118935,-0.004072703181324298,-0.0028091332164891687,23604000.0
2023-08-05,23604000.0,496320.0,1937.4000244140625,83.19999694824219,23616942.85714286,23481353.333333332,23928.328956704587,-55437.61778809445,60.80470162748643,23936638.903057385,22808821.096942615,-0.0028091332164891687,-0.004723674347776328,0.0,0.0,-0.007860736156742648,-0.002843527888185162,-0.0017018269642495524,-0.0025452549784616223,-0.0012190371117636362,-0.015238610077067491,0.010084966557171329,0.014160098216321543,0.0008122940874228192,-0.0005142489935484257,0.0038421497879275496,0.0009177681383584213,-0.0037351486549137957,23516000.0
2023-08-06,23516000.0,496440.0,1937.4000244140625,83.19999694824219,23643657.14285714,23482420.0,21062.924509055912,-40137.50932866438,58.965366067514246,23942137.021588963,22809322.978411037,-0.0037351486549137957,0.00024175027314638016,0.0,0.0,-0.0028091332164891687,-0.004723674347776328,0.0,-0.007860736156742648,-0.002843527888185162,-0.0017018269642495524,-0.0025452549784616223,-0.0012190371117636362,-0.015238610077067491,0.0,-0.002573425708436175,0.003459707764402656,-0.004645917612241128,23407000.0
2023-08-07,23407000.0,493500.0,1933.5,85.33999633789062,23664371.42857143,23462620.0,9882.759491562843,-30133.455564618936,54.956896551724135,23935388.957446575,22807471.042553425,-0.004645917612241128,-0.005939771387784171,-0.0020150485463894924,0.0253959237004804,-0.0037351486549137957,0.00024175027314638016,0.0,-0.0028091332164891687,-0.004723674347776328,0.0,-0.007860736156742648,-0.002843527888185162,-0.0017018269642495524,-0.0028760939316546143,-0.0020881108143988945,0.0,0.004263126207613861,23507000.0
2023-08-08,23507000.0,495420.0,1924.0999755859373,86.16999816894531,23639942.85714286,23451786.666666668,8987.954882513732,-22309.173475192405,56.81818181818182,23936758.66455939,22807501.33544061,0.004263126207613861,0.003883028783855941,-0.00487351880894349,0.00967883315448493,-0.004645917612241128,-0.005939771387784171,-0.0020150485463894924,-0.0037351486549137957,0.00024175027314638016,0.0,-0.0028091332164891687,-0.004723674347776328,0.0,0.01772521907259745,0.011593092565956966,0.0,-0.0005106165806021136,23495000.0
2023-08-09,23495000.0,496590.0,1915.4000244140625,87.55000305175781,23579514.285714287,23440086.666666668,7227.205346848816,-16401.89771078416,69.549822964087,23947603.745184172,22827756.254815828,-0.0005106165806021136,0.0023588482827915968,-0.004531822404694047,0.01588802558682774,0.004263126207613861,0.003883028783855941,-0.00487351880894349,-0.004645917612241128,-0.005939771387784171,-0.0020150485463894924,-0.0037351486549137957,0.00024175027314638016,0.0,0.010084966557171329,0.014160098216321543,0.0008122940874228192,0.0,23495000.0
2023-08-10,23495000.0,496730.0,1914.4000244140625,86.4000015258789,23527771.42857143,23429686.666666668,5765.339410390705,-11968.450286549187,57.9020979020979,23957937.67175844,22840722.32824156,0.0,0.0002818829801615683,-0.0005222204866973095,-0.01322240011852869,-0.0005106165806021136,0.0023588482827915968,-0.004531822404694047,0.004263126207613861,0.003883028783855941,-0.00487351880894349,-0.004645917612241128,-0.005939771387784171,-0.0020150485463894924,-0.0025452549784616223,-0.0012190371117636362,-0.015238610077067491,-0.01194593641294702,23216000.0
2023-08-12,23216000.0,491420.0,1914.4000244140625,86.4000015258789,23462857.14285714,23408986.666666668,-17702.109279546887,-13115.182085148726,46.18204031765425,23954561.116359275,22853098.883640725,-0.01194593641294702,-0.01074745962079077,0.0,0.0,0.0,0.0002818829801615683,-0.0005222204866973095,-0.0005106165806021136,0.0023588482827915968,-0.004531822404694047,0.004263126207613861,0.003883028783855941,-0.00487351880894349,-0.007860736156742648,-0.002843527888185162,-0.0017018269642495524,-0.00021539190640491288,23211000.0
2023-08-13,23211000.0,492960.0,1914.4000244140625,86.4000015258789,23406714.285714287,23388120.0,-36285.41398784891,-17749.228465688764,46.380368098159515,23949834.89370257,22868225.10629743,-0.00021539190640491288,0.0031288755488032925,0.0,0.0,-0.01194593641294702,-0.01074745962079077,0.0,0.0,0.0002818829801615683,-0.0005222204866973095,-0.0005106165806021136,0.0023588482827915968,-0.004531822404694047,-0.0028091332164891687,-0.004723674347776328,0.0,0.00038767203431839273,23220000.0
2023-08-14,23220000.0,492480.0,1910.5999755859373,86.20999908447266,23364428.57142857,23376186.666666668,-49713.52549448982,-24142.087871448977,46.67480170835876,23948431.12269973,22873928.87730027,0.00038767203431839273,-0.0009741841978433747,-0.0019869542893266134,-0.002201523868546535,-0.00021539190640491288,0.0031288755488032925,0.0,-0.01194593641294702,-0.01074745962079077,0.0,0.0,0.0002818829801615683,-0.0005222204866973095,-0.0037351486549137957,0.00024175027314638016,0.0,-0.006177525747303339,23077000.0
2023-08-15,23077000.0,489440.0,1902.5,84.88999938964844,23317285.714285713,23362553.333333332,-71074.99718209356,-33528.669733577895,44.606413994169095,23954357.872016408,22858002.127983592,-0.006177525747303339,-0.006191970247921107,-0.0042485053218492995,-0.01542987604213354,0.00038767203431839273,-0.0009741841978433747,-0.0019869542893266134,-0.00021539190640491288,0.0031288755488032925,0.0,-0.01194593641294702,-0.01074745962079077,0.0,-0.004645917612241128,-0.005939771387784171,-0.0020150485463894924,-0.0014744148377875176,23043000.0
2023-08-16,23043000.0,488580.0,1896.0999755859373,83.44999694824219,23251000.0,23354720.0,-89713.47218312696,-44765.63022348771,26.18154538634657,23900387.76784173,22944072.23215827,-0.0014744148377875176,-0.0017586556954984254,-0.0033696785716192438,-0.01710868002201762,-0.006177525747303339,-0.006191970247921107,-0.0042485053218492995,0.00038767203431839273,-0.0009741841978433747,-0.0019869542893266134,-0.00021539190640491288,0.0031288755488032925,0.0,0.004263126207613861,0.003883028783855941,-0.00487351880894349,0.0,23043000.0
2023-08-17,23043000.0,488580.0,1884.0999755859373,84.12000274658203,23186428.57142857,23340953.333333332,-103293.89023597911,-56471.28222598599,9.972552607502294,23914349.402842116,22907510.597157884,0.0,0.0,-0.00634889183821112,0.007996769947312255,-0.0014744148377875176,-0.0017586556954984254,-0.0033696785716192438,-0.006177525747303339,-0.006191970247921107,-0.0042485053218492995,0.00038767203431839273,-0.0009741841978433747,-0.0019869542893266134,-0.0005106165806021136,0.0023588482827915968,-0.004531822404694047,-0.01799720168538853,22632000.0
2023-08-19,22632000.0,487920.0,1884.0999755859373,84.12000274658203,23063142.85714286,23312253.333333332,-145543.00534592196,-74285.6268499732,7.552660753880261,23987724.42865662,22763235.57134338,-0.01799720168538853,-0.001351766718894085,0.0,0.0,0.0,0.0,-0.00634889183821112,-0.0014744148377875176,-0.0017586556954984254,-0.0033696785716192438,-0.006177525747303339,-0.006191970247921107,-0.0042485053218492995,0.0,0.0002818829801615683,-0.0005222204866973095,0.007307978815320762,22798000.0
2023-08-20,22798000.0,486950.0,1884.0999755859373,84.12000274658203,23003428.57142857,23289086.666666668,-163743.3889181465,-92177.17926360786,19.333520809898772,24013480.517187934,22684379.482812066,0.007307978815320762,-0.0019900095809925866,0.0,0.0,-0.01799720168538853,-0.001351766718894085,0.0,0.0,0.0,-0.00634889183821112,-0.0014744148377875176,-0.0017586556954984254,-0.0033696785716192438,-0.01194593641294702,-0.01074745962079077,0.0,0.017048338452853563,23190000.0
2023-08-21,23190000.0,492730.0,1893.300048828125,84.45999908447266,23000428.57142857,23289286.666666668,-144866.27190016955,-102714.9977909202,38.15789473684211,24010304.785840265,22673655.214159735,0.017048338452853563,0.011799908268145271,0.0048711237222492584,0.004033655180763331,0.007307978815320762,-0.0019900095809925866,0.0,-0.01799720168538853,-0.001351766718894085,0.0,0.0,0.0,-0.00634889183821112,-0.00021539190640491288,0.0031288755488032925,0.0,-0.0011649732726518188,23163000.0
2023-08-22,23163000.0,490230.0,1896.4000244140625,84.02999877929688,22992285.714285713,23285986.666666668,-130579.45632312074,-108287.88949736032,39.537640782454055,24009303.84489234,22664756.15510766,-0.0011649732726518188,-0.0050866879435510605,0.0016360008536025392,-0.005104175252888194,0.017048338452853563,0.011799908268145271,0.0048711237222492584,0.007307978815320762,-0.0019900095809925866,0.0,-0.01799720168538853,-0.001351766718894085,0.0,0.00038767203431839273,-0.0009741841978433747,-0.0019869542893266134,-0.0014257017514406362,23130000.0
2023-08-23,23130000.0,491670.0,1918.5,83.20999908447266,22999857.14285714,23286120.0,-120530.47595565021,-110736.4067890183,41.40285536933582,23967914.57484108,22651345.42515892,-0.0014257017514406362,0.002933091012043256,0.011586265785144559,-0.00980634150340838,-0.0011649732726518188,-0.0050866879435510605,0.0016360008536025392,0.017048338452853563,0.011799908268145271,0.0048711237222492584,0.007307978815320762,-0.0019900095809925866,0.0,-0.006177525747303339,-0.006191970247921107,-0.0042485053218492995,0.0,23130000.0
2023-08-24,23130000.0,491670.0,1918.199951171875,83.36000061035156,23012285.714285713,23286886.666666668,-111283.77651155367,-110845.88073352538,37.524818001323624,23866616.300453354,22673843.699546646,0.0,0.0,-0.0001564098483359136,0.0018010634172059658,-0.0014257017514406362,0.002933091012043256,0.011586265785144559,-0.0011649732726518188,-0.0050866879435510605,0.0016360008536025392,0.017048338452853563,0.011799908268145271,0.0048711237222492584,-0.0014744148377875176,-0.0017586556954984254,-0.0033696785716192438,0.0017278622009370187,23170000.0
2023-08-26,23170000.0,491620.0,1918.199951171875,83.36000061035156,23030428.57142857,23286653.333333332,-99580.13704382628,-108592.73199558558,39.44119558154646,23765291.535759863,22706448.464240137,0.0017278622009370187,-0.00010169939701023442,0.0,0.0,0.0,0.0,-0.0001564098483359136,-0.0014257017514406362,0.002933091012043256,0.011586265785144559,-0.0011649732726518188,-0.0050866879435510605,0.0016360008536025392,0.0,0.0,-0.00634889183821112,-0.0025063752803506836,23112000.0
2023-08-27,23112000.0,490130.0,1918.199951171875,83.36000061035156,23099000.0,23284486.666666668,-93902.58319254592,-105654.70223497765,38.0087664370695,23698342.098760094,22717557.901239906,-0.0025063752803506836,-0.0030353983071599758,0.0,0.0,0.0017278622009370187,-0.00010169939701023442,0.0,0.0,0.0,-0.0001564098483359136,-0.0014257017514406362,0.002933091012043256,0.011586265785144559,-0.01799720168538853,-0.001351766718894085,0.0,0.004877321535967992,23225000.0
2023-08-28,23225000.0,490760.0,1917.9000244140625,84.41999816894531,23160000.0,23301253.333333332,-79369.9973182641,-100397.76125163495,50.314465408805034,23642884.75235578,22735115.24764422,0.004877321535967992,0.0012845478833065174,-0.00015637066829978915,0.01263573333759903,-0.0025063752803506836,-0.0030353983071599758,0.0,0.0017278622009370187,-0.00010169939701023442,0.0,0.0,0.0,-0.0001564098483359136,0.007307978815320762,-0.0019900095809925866,0.0,0.0038676455603819005,23315000.0
2023-08-29,23315000.0,491010.0,1936.5,85.48999786376953,23177857.14285714,23302786.666666668,-59900.079641055316,-92298.22492951903,53.43007915567282,23610710.398954418,22747189.601045582,0.0038676455603819005,0.0005092842629201004,0.009651369784435556,0.012595066385536209,0.004877321535967992,0.0012845478833065174,-0.00015637066829978915,-0.0025063752803506836,-0.0030353983071599758,0.0,0.0017278622009370187,-0.00010169939701023442,0.0,0.017048338452853563,0.011799908268145271,0.0048711237222492584,-0.0009011135798240484,23294000.0
2023-08-30,23294000.0,490200.0,1944.300048828125,85.86000061035156,23196571.42857143,23301220.0,-45638.462319698185,-82966.27240755486,52.42146596858639,23595343.20058249,22751256.79941751,-0.0009011135798240484,-0.0016510230918900704,0.004019820260445598,0.00431868485503026,0.0038676455603819005,0.0005092842629201004,0.009651369784435556,0.004877321535967992,0.0012845478833065174,-0.00015637066829978915,-0.0025063752803506836,-0.0030353983071599758,0.0,-0.0011649732726518188,-0.0050866879435510605,0.0016360008536025392,0.0,23294000.0
2023-08-31,23294000.0,490200.0,1938.199951171875,86.86000061035156,23220000.0,23300053.333333332,-33944.73407852277,-73161.96474174844,57.833935018050546,23559218.584365025,22766081.415634975,0.0,0.0,-0.003142358107314131,0.011579564228420476,-0.0009011135798240484,-0.0016510230918900704,0.004019820260445598,0.0038676455603819005,0.0005092842629201004,0.009651369784435556,0.004877321535967992,0.0012845478833065174,-0.00015637066829978915,-0.0014257017514406362,0.002933091012043256,0.011586265785144559,0.014490536536363655,23634000.0
2023-09-02,23634000.0,496660.0,1938.199951171875,86.86000061035156,23292000.0,23310220.0,2726.36051588133,-57984.29969022249,67.4748669426375,23594549.483065825,22744650.516934175,0.014490536536363655,0.013092216268504127,0.0,0.0,0.0,0.0,-0.003142358107314131,-0.0009011135798240484,-0.0016510230918900704,0.004019820260445598,0.0038676455603819005,0.0005092842629201004,0.009651369784435556,0.0,0.0,-0.0001564098483359136,0.0031261907087679363,23708000.0
2023-09-03,23708000.0,496400.0,1938.199951171875,86.86000061035156,23368857.14285714,23325086.666666668,37329.33935177326,-38921.57188182334,68.83852691218131,23648052.421181392,22712447.578818608,0.0031261907087679363,-0.0005236340320642543,0.0,0.0,0.014490536536363655,0.013092216268504127,0.0,0.0,0.0,-0.003142358107314131,-0.0009011135798240484,-0.0016510230918900704,0.004019820260445598,0.0017278622009370187,-0.00010169939701023442,0.0,-0.0035070705457852353,23625000.0
2023-09-04,23625000.0,496040.0,1938.199951171875,86.86000061035156,23442142.85714286,23323320.0,57393.44710807875,-19658.568083842925,84.55114822546973,23709081.580684196,22692318.419315804,-0.0035070705457852353,-0.00072548469588052,0.0,0.0,0.0031261907087679363,-0.0005236340320642543,0.0,0.014490536536363655,0.013092216268504127,0.0,0.0,0.0,-0.003142358107314131,-0.0025063752803506836,-0.0030353983071599758,0.0,0.0,23625000.0
2023-09-05,23625000.0,496040.0,1926.199951171875,90.04000091552734,23499285.714285713,23313553.333333332,72459.13327489048,-1235.0278120962448,82.53343823760818,23764102.942879934,22678697.057120066,0.0,0.0,-0.006210557330632104,0.035956392073019726,-0.0035070705457852353,-0.00072548469588052,0.0,0.0031261907087679363,-0.0005236340320642543,0.0,0.014490536536363655,0.013092216268504127,0.0,0.004877321535967992,0.0012845478833065174,-0.00015637066829978915,-0.003859289338069313,23534000.0
2023-09-07,23534000.0,495910.0,1917.5,89.91999816894531,23530571.42857143,23302780.0,76177.72918023169,14247.523586369342,67.73195876288659,23797511.089713346,22676688.910286654,-0.003859289338069313,-0.00026210998688290944,-0.00452687053589483,-0.0013336604243103418,0.0,0.0,-0.006210557330632104,-0.0035070705457852353,-0.00072548469588052,0.0,0.0031261907087679363,-0.0005236340320642543,0.0,0.0038676455603819005,0.0005092842629201004,0.009651369784435556,-0.0033198583374961666,23456000.0
2023-09-09,23456000.0,496650.0,1917.5,89.91999816894531,23553714.285714287,23295633.333333332,72000.81452851743,25798.181774798963,64.34867776689521,23819290.801078912,22692809.198921088,-0.0033198583374961666,0.001491094013676245,0.0,0.0,-0.003859289338069313,-0.00026210998688290944,-0.00452687053589483,0.0,0.0,-0.006210557330632104,-0.0035070705457852353,-0.00072548469588052,0.0,-0.0009011135798240484,-0.0016510230918900704,0.004019820260445598,-0.0017921916467603307,23414000.0
2023-09-10,23414000.0,495750.0,1917.5,89.91999816894531,23570857.14285714,23289300.0,64557.35359593853,33550.01613902688,63.786407766990294,23832710.873723526,22716489.126276474,-0.0017921916467603307,-0.0018137852614596645,0.0,0.0,-0.0033198583374961666,0.001491094013676245,0.0,-0.003859289338069313,-0.00026210998688290944,-0.00452687053589483,0.0,0.0,-0.006210557330632104,0.0,0.0,-0.003142358107314131,-0.0024374090021410254,23357000.0
2023-09-11,23357000.0,497000.0,1923.300048828125,90.63999938964844,23531285.714285713,23284000.0,53442.877325728536,37528.58837636721,60.441582336706524,23838558.141274437,22742041.858725563,-0.0024374090021410254,0.0025182586967233927,0.003020231807589673,0.007975244203723576,-0.0017921916467603307,-0.0018137852614596645,0.0,-0.0033198583374961666,0.001491094013676245,0.0,-0.003859289338069313,-0.00026210998688290944,-0.00452687053589483,0.014490536536363655,0.013092216268504127,0.0,0.005507773887549681,23486000.0
2023-09-12,23486000.0,499310.0,1911.300048828125,92.05999755859376,23499571.42857143,23286633.333333332,54416.51697355881,40906.17409580553,63.435374149659864,23790973.10884054,22875026.89115946,0.005507773887549681,0.004637119248631389,-0.006258821711373876,0.015544901883414508,-0.0024374090021410254,0.0025182586967233927,0.003020231807589673,-0.0017921916467603307,-0.0018137852614596645,0.0,-0.0033198583374961666,0.001491094013676245,0.0,0.0031261907087679363,-0.0005236340320642543,0.0,0.0,23486000.0
2023-09-13,23486000.0,499310.0,1909.0999755859373,91.87999725341795,23479714.285714287,23285933.333333332,54559.208811905235,43636.781039025474,66.7262969588551,23753958.03676743,22980841.96323257,0.0,0.0,-0.0011517503252713073,-0.0019571639416128793,0.005507773887549681,0.004637119248631389,-0.006258821711373876,-0.0024374090021410254,0.0025182586967233927,0.003020231807589673,-0.0017921916467603307,-0.0018137852614596645,0.0,-0.0035070705457852353,-0.00072548469588052,0.0,-0.006021670519989003,23345000.0
2023-09-17,23345000.0,495330.0,1909.0999755859373,91.87999725341795,23439714.285714287,23280933.333333332,42801.38379851356,43469.70159092309,55.23560209424084,23752846.215997677,22997453.784002323,-0.006021670519989003,-0.008002938233409288,0.0,0.0,0.0,0.0,-0.0011517503252713073,0.005507773887549681,0.004637119248631389,-0.006258821711373876,-0.0024374090021410254,0.0025182586967233927,0.003020231807589673,0.0,0.0,-0.006210557330632104,0.002481390851385476,23403000.0
2023-09-18,23403000.0,496450.0,1931.5,94.43000030517578,23421000.0,23277866.666666668,37728.428203422576,42321.446913422995,53.949730700179536,23751479.68008315,23022820.31991685,0.002481390851385476,0.0022585663677523737,0.011664989093980234,0.027375474578991688,-0.006021670519989003,-0.008002938233409288,0.0,0.0,0.0,-0.0011517503252713073,0.005507773887549681,0.004637119248631389,-0.006258821711373876,-0.003859289338069313,-0.00026210998688290944,-0.00452687053589483,-0.0029526948726205505,23334000.0
2023-09-19,23334000.0,491150.0,1932.0,94.33999633789062,23403571.42857143,23281800.0,27819.663241986185,39421.09017913564,51.721170395869194,23742272.43216489,23052427.56783511,-0.0029526948726205505,-0.010733193358724523,0.00025883266612720474,-0.000953583468834282,0.002481390851385476,0.0022585663677523737,0.011664989093980234,-0.006021670519989003,-0.008002938233409288,0.0,0.0,0.0,-0.0011517503252713073,-0.0033198583374961666,0.001491094013676245,0.0,-0.0042948013103821766,23234000.0
2023-09-20,23234000.0,493930.0,1945.5999755859373,93.52999877929688,23377857.14285714,23282566.666666668,11762.144673999399,33889.301078108394,47.62282091917591,23733348.380318087,23071751.619681913,-0.0042948013103821766,0.005644226621734768,0.007014664451038077,-0.008623011642911986,-0.0029526948726205505,-0.010733193358724523,0.00025883266612720474,0.002481390851385476,0.0022585663677523737,0.011664989093980234,-0.006021670519989003,-0.008002938233409288,0.0,-0.0017921916467603307,-0.0018137852614596645,0.0,0.0,23234000.0
2023-09-21,23234000.0,493930.0,1919.199951171875,93.3000030517578,23360285.714285713,23283033.333333332,-952.5738014802337,26920.92610219067,28.30802603036875,23728209.544586223,23083290.455413777,0.0,0.0,-0.01366199313993277,-0.0024620868326143608,-0.0042948013103821766,0.005644226621734768,0.007014664451038077,-0.0029526948726205505,-0.010733193358724523,0.00025883266612720474,0.002481390851385476,0.0022585663677523737,0.011664989093980234,-0.0024374090021410254,0.0025182586967233927,0.003020231807589673,-0.002585762516412501,23174000.0
2023-09-23,23174000.0,493580.0,1919.199951171875,93.3000030517578,23315714.285714287,23286266.666666668,-15689.717065159231,18398.79746872069,20.594713656387654,23720427.49732951,23097272.50267049,-0.002585762516412501,-0.0007088536109112211,0.0,0.0,0.0,0.0,-0.01366199313993277,-0.0042948013103821766,0.005644226621734768,0.007014664451038077,-0.0029526948726205505,-0.010733193358724523,0.00025883266612720474,0.005507773887549681,0.004637119248631389,-0.006258821711373876,-0.0006906673847892477,23158000.0
2023-09-25,23158000.0,495020.0,1916.5999755859373,93.29000091552734,23268857.14285714,23290100.0,-28333.46501173824,9052.344972628905,22.23543400713436,23726692.84254989,23084307.15745011,-0.0006906673847892477,0.002913212661170916,-0.0013556369121217626,-0.00010720977573687454,-0.002585762516412501,-0.0007088536109112211,0.0,0.0,0.0,-0.01366199313993277,-0.0042948013103821766,0.005644226621734768,0.007014664451038077,0.0,0.0,-0.0011517503252713073,-0.012732936080062839,22865000.0
2023-09-26,22865000.0,494480.0,1900.4000244140625,93.95999908447266,23200285.714285713,23284166.666666668,-61289.86622331664,-5016.097266560203,16.49029982363315,23784013.977968764,22981986.022031236,-0.012732936080062839,-0.0010914604418551682,-0.008488367011878661,0.00715621926026553,-0.0006906673847892477,0.002913212661170916,-0.0013556369121217626,-0.002585762516412501,-0.0007088536109112211,0.0,0.0,0.0,-0.01366199313993277,-0.006021670519989003,-0.008002938233409288,0.0,0.002315270894237877,22918000.0
2023-09-27,22918000.0,497380.0,1871.5999755859373,96.5500030517578,23131000.0,23293700.0,-82184.02824124321,-20449.683461496807,21.89781021897811,23814952.166705266,22913447.833294734,0.002315270894237877,0.005847616122625672,-0.015270736211994486,0.027191890435665857,-0.012732936080062839,-0.0010914604418551682,-0.008488367011878661,-0.0006906673847892477,0.002913212661170916,-0.0013556369121217626,-0.002585762516412501,-0.0007088536109112211,0.0,0.002481390851385476,0.0022585663677523737,0.011664989093980234,0.0,22918000.0
2023-09-28,22918000.0,495380.0,1860.4000244140625,95.37999725341795,23071571.42857143,23297700.0,-97617.5280758962,-35883.25238437668,23.57563850687623,23837910.38995187,22852889.61004813,0.0,-0.004029176650368677,-0.00600213547461397,-0.01219215640870612,0.002315270894237877,0.005847616122625672,-0.015270736211994486,-0.012732936080062839,-0.0010914604418551682,-0.008488367011878661,-0.0006906673847892477,0.002913212661170916,-0.0013556369121217626,-0.0029526948726205505,-0.010733193358724523,0.00025883266612720474,-0.01348611447481398,22611000.0
2023-09-30,22611000.0,495540.0,1860.4000244140625,95.37999725341795,22982571.42857143,23278400.0,-133086.8794782497,-55323.97780315128,18.706157443491804,23866580.002340402,22721919.997659598,-0.01348611447481398,0.0003229322274056743,0.0,0.0,0.0,-0.004029176650368677,-0.00600213547461397,0.002315270894237877,0.005847616122625672,-0.015270736211994486,-0.012732936080062839,-0.0010914604418551682,-0.008488367011878661,-0.0042948013103821766,0.005644226621734768,0.007014664451038077,-0.004699006784546544,22505000.0
2023-10-01,22505000.0,496500.0,1860.4000244140625,95.37999725341795,22878428.57142857,23256466.666666668,-167815.43821823224,-77822.26988616749,18.01801801801801,23872401.001425713,22595798.998574287,-0.004699006784546544,0.0019354064345465615,0.0,0.0,-0.01348611447481398,0.0003229322274056743,0.0,0.0,-0.004029176650368677,-0.00600213547461397,0.002315270894237877,0.005847616122625672,-0.015270736211994486,0.0,0.0,-0.01366199313993277,0.0,22505000.0
2023-10-02,22505000.0,496240.0,1830.0,90.70999908447266,22782857.14285714,23235633.333333332,-193111.99633966386,-100880.21517686677,9.226932668329184,23866553.30843475,22489646.69156525,0.0,-0.0005238028203652376,-0.016475564637493174,-0.05020128953992431,-0.004699006784546544,0.0019354064345465615,0.0,-0.01348611447481398,0.0003229322274056743,0.0,0.0,-0.004029176650368677,-0.00600213547461397,-0.002585762516412501,-0.0007088536109112211,0.0,-0.0029815566221231184,22438000.0
2023-10-04,22438000.0,499010.0,1818.5,85.80999755859375,22680000.0,23212566.666666668,-216075.25986682996,-123919.22411485942,8.740157480314963,23848411.4571877,22389088.5428123,-0.0029815566221231184,0.005566454966017245,-0.006303981408422895,-0.05553207316622158,0.0,-0.0005238028203652376,-0.016475564637493174,-0.004699006784546544,0.0019354064345465615,0.0,-0.01348611447481398,0.0003229322274056743,0.0,-0.0006906673847892477,0.002913212661170916,-0.0013556369121217626,0.0,22438000.0
2023-10-05,22438000.0,498970.0,1816.5999755859373,84.06999969482422,22619000.0,23188166.666666668,-231604.02462609857,-145456.18421710725,9.831709477413654,23826198.05328506,22301701.94671494,0.0,-8.016192713569391e-05,-0.0010453767983574398,-0.020485739850541352,-0.0029815566221231184,0.005566454966017245,-0.006303981408422895,0.0,-0.0005238028203652376,-0.016475564637493174,-0.004699006784546544,0.0019354064345465615,0.0,-0.012732936080062839,-0.0010914604418551682,-0.008488367011878661,0.08571065323229808,24446000.0
2023-10-07,24446000.0,524400.0,1816.5999755859373,84.06999969482422,22837285.714285713,23232633.333333332,-80948.7374759391,-132554.69486887363,66.9373173108152,24083225.768982336,22143674.231017664,0.08571065323229808,0.04970877818580109,0.0,0.0,0.0,-8.016192713569391e-05,-0.0010453767983574398,-0.0029815566221231184,0.005566454966017245,-0.006303981408422895,0.0,-0.0005238028203652376,-0.016475564637493174,0.002315270894237877,0.005847616122625672,-0.015270736211994486,0.003593307255489322,24534000.0
2023-10-08,24534000.0,527530.0,1816.5999755859373,84.06999969482422,23068142.85714286,23276266.666666668,45028.46741351485,-97038.06241239593,69.36733376371852,24324040.0115352,22014859.9884648,0.003593307255489322,0.005950983881438453,0.0,0.0,0.08571065323229808,0.04970877818580109,0.0,0.0,-8.016192713569391e-05,-0.0010453767983574398,-0.0029815566221231184,0.005566454966017245,-0.006303981408422895,0.0,-0.004029176650368677,-0.00600213547461397,-0.022047747797360996,23999000.0
2023-10-09,23999000.0,520570.0,1849.5,88.1500015258789,23266428.57142857,23299066.666666668,100537.34910851344,-57522.98010821406,60.826493065383524,24412421.01751287,21990678.98248713,-0.022047747797360996,-0.013281370687315087,0.01794872364382244,0.04739014463672098,0.003593307255489322,0.005950983881438453,0.0,0.08571065323229808,0.04970877818580109,0.0,0.0,-8.016192713569391e-05,-0.0010453767983574398,-0.01348611447481398,0.0003229322274056743,0.0,-0.00058352785917207,23985000.0
2023-10-10,23985000.0,517730.0,1861.0,87.6500015258789,23477857.14285714,23322100.0,141764.6797913909,-17665.448128293076,60.58641105159289,24481798.077413455,21971201.922586545,-0.00058352785917207,-0.005470494235877528,0.006198645369741984,-0.005688297377890517,-0.022047747797360996,-0.013281370687315087,0.01794872364382244,0.003593307255489322,0.005950983881438453,0.0,0.08571065323229808,0.04970877818580109,0.0,-0.004699006784546544,0.0019354064345465615,0.0,-0.0007090276192182449,23968000.0
2023-10-11,23968000.0,515530.0,1872.800048828125,85.81999969482422,23686857.14285714,23344566.666666668,171093.61773619428,20086.365044604398,61.32990867579908,24544780.399041485,21956419.600958515,-0.0007090276192182449,-0.004258373157807988,0.0063206856067081355,-0.021099552768635614,-0.00058352785917207,-0.005470494235877528,0.006198645369741984,-0.022047747797360996,-0.013281370687315087,0.01794872364382244,0.003593307255489322,0.005950983881438453,0.0,0.0,-0.0005238028203652376,-0.016475564637493174,0.0,23968000.0
2023-10-12,23968000.0,511700.0,1869.300048828125,86.0,23905428.57142857,23355700.0,192122.3455535099,54493.5611463855,61.611238532110086,24614900.89760668,21948599.10239332,0.0,-0.007456981878936446,-0.0018706079095983437,0.0020952202461273933,-0.0007090276192182449,-0.004258373157807988,0.0063206856067081355,-0.00058352785917207,-0.005470494235877528,0.006198645369741984,-0.022047747797360996,-0.013281370687315087,0.01794872364382244,-0.0029815566221231184,0.005566454966017245,-0.006303981408422895,0.004454350349380375,24075000.0
2023-10-14,24075000.0,507520.0,1869.300048828125,86.0,24139285.714285713,23367933.333333332,214944.02865193784,86583.65464749598,68.32222895215021,24694449.519327935,21936250.480672065,0.004454350349380375,-0.0082023968046176,0.0,0.0,0.0,-0.007456981878936446,-0.0018706079095983437,-0.0007090276192182449,-0.004258373157807988,0.0063206856067081355,-0.00058352785917207,-0.005470494235877528,0.006198645369741984,0.0,-8.016192713569391e-05,-0.0010453767983574398,-0.025536166620575756,23468000.0
2023-10-15,23468000.0,502980.0,1869.300048828125,86.0,23999571.42857143,23362700.0,181953.10767603666,105657.54525320412,57.13174273858922,24702832.001925766,21941267.998074234,-0.025536166620575756,-0.008985711128607462,0.0,0.0,0.004454350349380375,-0.0082023968046176,0.0,0.0,-0.007456981878936446,-0.0018706079095983437,-0.0007090276192182449,-0.004258373157807988,0.0063206856067081355,0.08571065323229808,0.04970877818580109,0.0,0.021290405996821957,23973000.0
2023-10-16,23973000.0,509920.0,1921.0999755859373,89.6500015258789,23919428.57142857,23374300.0,194316.88061314076,123389.41232519146,62.09584957578537,24769101.30281854,21948898.69718146,0.021290405996821957,0.013703442791205202,0.027333870586659634,0.04156592081803461,-0.025536166620575756,-0.008985711128607462,0.0,0.004454350349380375,-0.0082023968046176,0.0,0.0,-0.007456981878936446,-0.0018706079095983437,0.003593307255489322,0.005950983881438453,0.0,0.016629819823475528,24375000.0
2023-10-17,24375000.0,513360.0,1922.699951171875,89.9000015258789,23973142.85714286,23402333.333333332,233857.53598422557,145483.0370569983,69.7935368043088,24895478.691296607,21936621.308703393,0.016629819823475528,0.006723502773233597,0.0008324968566679965,0.002784741379101311,0.021290405996821957,0.013703442791205202,0.027333870586659634,-0.025536166620575756,-0.008985711128607462,0.0,0.004454350349380375,-0.0082023968046176,0.0,-0.022047747797360996,-0.013281370687315087,0.01794872364382244,-0.008040443030065493,24179800.0
2023-10-18,24179800.0,508805.0,1955.300048828125,91.5,24000971.42857143,23426460.0,246600.12881360203,165706.45540831905,68.42383173457713,24979128.511186864,21953551.488813136,-0.008040443030065493,-0.008912514420607457,0.016813236521731813,0.01764101383083212,0.016629819823475528,0.006723502773233597,0.0008324968566679965,0.021290405996821957,0.013703442791205202,0.027333870586659634,-0.025536166620575756,-0.008985711128607462,0.0,-0.00058352785917207,-0.005470494235877528,0.006198645369741984,-0.0016763561193946668,24139300.0
2023-10-21,24139300.0,506362.0,1955.300048828125,91.5,24025442.85714286,23450636.666666668,250542.61460512504,182673.68724768027,67.81952591752622,25049588.633385323,21981221.366614677,-0.0016763561193946668,-0.004813010501760582,0.0,0.0,-0.008040443030065493,-0.008912514420607457,0.016813236521731813,0.016629819823475528,0.006723502773233597,0.0008324968566679965,0.021290405996821957,0.013703442791205202,0.027333870586659634,-0.0007090276192182449,-0.004258373157807988,0.0063206856067081355,-0.003248945291858152,24061000.0
2023-10-22,24061000.0,506160.0,1955.300048828125,91.5,24038728.57142857,23474103.333333332,244530.11641210318,195044.97308056487,67.65281705460083,25095820.781742457,22054589.218257543,-0.003248945291858152,-0.00039900368126313086,0.0,0.0,-0.0016763561193946668,-0.004813010501760582,0.0,-0.008040443030065493,-0.008912514420607457,0.016813236521731813,0.016629819823475528,0.006723502773233597,0.0008324968566679965,0.0,-0.007456981878936446,-0.0018706079095983437,0.011158985028950612,24331000.0
2023-10-23,24331000.0,507540.0,1976.300048828125,89.83000183105469,24075300.0,23502270.0,258571.26322483644,207750.2311094192,69.44729813026505,25169201.241148435,22122508.758851565,0.011158985028950612,0.0027227007053493755,0.010682775048807047,-0.01841995665680623,-0.003248945291858152,-0.00039900368126313086,0.0,-0.0016763561193946668,-0.004813010501760582,0.0,-0.008040443030065493,-0.008912514420607457,0.016813236521731813,0.004454350349380375,-0.0082023968046176,0.0,0.010669929324696997,24592000.0
2023-10-24,24592000.0,511860.0,1975.0,88.06999969482422,24235871.42857143,23539136.666666668,287445.99348296225,223689.38358412782,52.3397435897436,25268390.962633688,22190719.037366312,0.010669929324696997,0.00847562460468019,-0.0006580360180047346,-0.019787066272451515,0.011158985028950612,0.0027227007053493755,0.010682775048807047,-0.003248945291858152,-0.00039900368126313086,0.0,-0.0016763561193946668,-0.004813010501760582,0.0,-0.025536166620575756,-0.008985711128607462,0.0,0.007010179243961017,24765000.0
2023-10-25,24765000.0,516090.0,1984.0999755859373,90.12999725341795,24349014.285714287,23586470.0,320593.4773776978,243070.20234284183,53.60374414976599,25347714.79960095,22326795.20039905,0.007010179243961017,0.008230018728399091,0.004597000160347399,0.023121092742539193,0.010669929324696997,0.00847562460468019,-0.0006580360180047346,0.011158985028950612,0.0027227007053493755,0.010682775048807047,-0.003248945291858152,-0.00039900368126313086,0.0,0.021290405996821957,0.013703442791205202,0.027333870586659634,0.020859063643253767,25287000.0
2023-10-27,25287000.0,521490.0,1988.5999755859373,90.4800033569336,24479300.0,23649270.0,384551.2670117207,271366.4152766176,70.17543859649123,25482619.30961537,22470090.69038463,0.020859063643253767,0.010408929924501141,0.002265462773393236,0.0038758268144954222,0.007010179243961017,0.008230018728399091,0.004597000160347399,0.010669929324696997,0.00847562460468019,-0.0006580360180047346,0.011158985028950612,0.0027227007053493755,0.010682775048807047,0.016629819823475528,0.006723502773233597,0.0008324968566679965,-0.01277553045459552,24966000.0
2023-10-28,24966000.0,513390.0,1988.5999755859373,90.4800033569336,24591614.285714287,23703670.0,404671.4581265636,298027.4238466068,64.01829094026866,25497797.946018286,22701012.053981714,-0.01277553045459552,-0.01565430854408859,0.0,0.0,0.020859063643253767,0.010408929924501141,0.002265462773393236,0.007010179243961017,0.008230018728399091,0.004597000160347399,0.010669929324696997,0.00847562460468019,-0.0006580360180047346,-0.008040443030065493,-0.008912514420607457,0.016813236521731813,-0.004375496212595054,24857000.0
2023-10-29,24857000.0,514600.0,1988.5999755859373,90.4800033569336,24694142.85714286,23757770.0,407128.34338034317,319847.6077533541,62.37816764132553,25417698.02427896,23023011.97572104,-0.004375496212595054,0.0023541095901737454,0.0,0.0,-0.01277553045459552,-0.01565430854408859,0.0,0.020859063643253767,0.010408929924501141,0.002265462773393236,0.007010179243961017,0.008230018728399091,0.004597000160347399,-0.0016763561193946668,-0.004813010501760582,0.0,0.004175203784982163,24961000.0
2023-10-30,24961000.0,516380.0,1996.199951171875,87.44999694824219,24822714.285714287,23815336.666666668,412709.9105349481,338420.06830967293,63.43707713125846,25248343.266454756,23444666.733545244,0.004175203784982163,0.0034530287079058415,0.003814487522985484,-0.03406170234181537,-0.004375496212595054,0.0023541095901737454,0.0,-0.01277553045459552,-0.01565430854408859,0.0,0.020859063643253767,0.010408929924501141,0.002265462773393236,-0.003248945291858152,-0.00039900368126313086,0.0,0.0010410828200667353,24987000.0
2023-10-31,24987000.0,516860.0,1985.199951171875,87.41000366210938,24916428.57142857,23875770.0,414453.76046479866,353626.80674069806,62.61759822910902,25319341.64218011,23427768.35781989,0.0010410828200667353,0.0009291162450743409,-0.0055257086747362814,-0.0004574320792700818,0.004175203784982163,0.0034530287079058415,0.003814487522985484,-0.004375496212595054,0.0023541095901737454,0.0,-0.01277553045459552,-0.01565430854408859,0.0,0.011158985028950612,0.0027227007053493755,0.010682775048807047,0.00717792291095406,25167000.0
2023-11-01,25167000.0,521350.0,1978.800048828125,84.62999725341797,24998571.42857143,23942736.666666668,425455.8792364523,367992.6212398489,76.65516159397552,25413873.91855711,23396536.08144289,0.00717792291095406,0.008649556434978256,-0.0032290150880346837,-0.03232095326015307,0.0010410828200667353,0.0009291162450743409,-0.0055257086747362814,0.004175203784982163,0.0034530287079058415,0.003814487522985484,-0.004375496212595054,0.0023541095901737454,0.0,0.010669929324696997,0.00847562460468019,-0.0006580360180047346,-0.02039166711870885,24659000.0
2023-11-03,24659000.0,511400.0,1991.5,84.88999938964844,24983428.57142857,24002536.666666668,388703.05628846586,372134.7082495723,60.75235109717868,25434021.62753954,23442388.37246046,-0.02039166711870885,-0.019269538378515853,0.006397498592521563,0.0030675123319511546,0.00717792291095406,0.008649556434978256,-0.0032290150880346837,0.0010410828200667353,0.0009291162450743409,-0.0055257086747362814,0.004175203784982163,0.0034530287079058415,0.003814487522985484,0.007010179243961017,0.008230018728399091,0.004597000160347399,0.0014993417862998707,24696000.0
2023-11-04,24696000.0,512360.0,1991.5,84.88999938964844,24899000.0,24061803.333333332,358430.0120267868,369393.76900501526,55.68141592920354,25452059.497802738,23495450.502197262,0.0014993417862998707,0.00187544010584912,0.0,0.0,-0.02039166711870885,-0.019269538378515853,0.006397498592521563,0.00717792291095406,0.008649556434978256,-0.0032290150880346837,0.0010410828200667353,0.0009291162450743409,-0.0055257086747362814,0.020859063643253767,0.010408929924501141,0.002265462773393236,-0.0017021280705304183,24654000.0
2023-11-05,24654000.0,513520.0,1991.5,84.88999938964844,24854428.57142857,24119670.0,327276.7151035145,360970.3582247151,58.87416722808593,25459430.61008978,23556679.38991022,-0.0017021280705304183,0.002261474040587438,0.0,0.0,0.0014993417862998707,0.00187544010584912,0.0,-0.02039166711870885,-0.019269538378515853,0.006397498592521563,0.00717792291095406,0.008649556434978256,-0.0032290150880346837,-0.01277553045459552,-0.01565430854408859,0.0,-0.011094003986373169,24382000.0
2023-11-06,24382000.0,512190.0,1981.5999755859373,85.18000030517578,24786571.42857143,24178703.333333332,277441.2065157257,344264.5278829172,54.1797265181001,25448132.309807833,23609377.690192167,-0.011094003986373169,-0.0025933270522708256,-0.004983536766928077,0.0034103745178185787,-0.0017021280705304183,0.002261474040587438,0.0,0.0014993417862998707,0.00187544010584912,0.0,-0.02039166711870885,-0.019269538378515853,0.006397498592521563,-0.004375496212595054,0.0023541095901737454,0.0,-0.001354374219466265,24349000.0
2023-11-07,24349000.0,510520.0,1966.800048828125,81.61000061035156,24699142.85714286,24240170.0,232602.09059633687,321932.0404256012,55.03848845346396,25441299.16886063,23643610.83113937,-0.001354374219466265,-0.0032658358367619288,-0.007496705490809856,-0.042814857117750266,-0.011094003986373169,-0.0025933270522708256,-0.004983536766928077,-0.0017021280705304183,0.002261474040587438,0.0,0.0014993417862998707,0.00187544010584912,0.0,0.004175203784982163,0.0034530287079058415,0.003814487522985484,0.0010672359604227174,24375000.0
2023-11-08,24375000.0,513530.0,1951.5,79.54000091552734,24611714.285714287,24302503.333333332,196895.0671199374,296924.6457644684,50.8416220351951,25337552.91124822,23838057.08875178,0.0010672359604227174,0.005878636137657929,-0.007809573743291399,-0.02569175967021311,-0.001354374219466265,-0.0032658358367619288,-0.007496705490809856,-0.011094003986373169,-0.0025933270522708256,-0.004983536766928077,-0.0017021280705304183,0.002261474040587438,0.0,0.0010410828200667353,0.0009291162450743409,-0.0055257086747362814,-0.005718885801168241,24236000.0
2023-11-10,24236000.0,513250.0,1932.5999755859373,81.43000030517578,24478714.285714287,24362436.666666668,155587.34140913934,268657.1848934026,42.857142857142854,25313607.907249063,23888302.092750937,-0.005718885801168241,-0.0005453943531050871,-0.00973207368821677,0.023483707936926626,0.0010672359604227174,0.005878636137657929,-0.007809573743291399,-0.001354374219466265,-0.0032658358367619288,-0.007496705490809856,-0.011094003986373169,-0.0025933270522708256,-0.004983536766928077,0.00717792291095406,0.008649556434978256,-0.0032290150880346837,-0.006000804317105292,24091000.0
2023-11-11,24091000.0,513370.0,1932.5999755859373,81.43000030517578,24397571.42857143,24417536.666666668,109883.71196154505,236902.4903070311,36.32305194805195,25329065.46554873,23844444.53445127,-0.006000804317105292,0.00023377686105188397,0.0,0.0,-0.005718885801168241,-0.0005453943531050871,-0.00973207368821677,0.0010672359604227174,0.005878636137657929,-0.007809573743291399,-0.001354374219466265,-0.0032658358367619288,-0.007496705490809856,-0.02039166711870885,-0.019269538378515853,0.006397498592521563,0.0016175528713030828,24130000.0
2023-11-12,24130000.0,511800.0,1932.5999755859373,81.43000030517578,24316714.285714287,24407003.333333332,75934.90014976263,204708.97227557743,20.797576981322564,25332632.582844585,23835897.417155415,0.0016175528713030828,-0.003062909034406375,0.0,0.0,-0.006000804317105292,0.00023377686105188397,0.0,-0.005718885801168241,-0.0005453943531050871,-0.00973207368821677,0.0010672359604227174,0.005878636137657929,-0.007809573743291399,0.0014993417862998707,0.00187544010584912,0.0,0.001614940618899151,24169000.0
2023-11-13,24169000.0,511510.0,1945.5,82.5199966430664,24247428.57142857,24394836.666666668,51582.584341105074,174083.69468868297,26.545026486168325,25330509.056763727,23840990.943236273,0.001614940618899151,-0.000566788182981722,0.006652779492155402,0.01329688829606105,0.0016175528713030828,-0.003062909034406375,0.0,-0.006000804317105292,0.00023377686105188397,0.0,-0.005718885801168241,-0.0005453943531050871,-0.00973207368821677,-0.0017021280705304183,0.002261474040587438,0.0,0.002190490843019169,24222000.0
2023-11-14,24222000.0,509070.0,1961.800048828125,82.47000122070312,24224571.42857143,24402270.0,36143.21914239973,146495.59957942634,30.67559342665855,25317870.249572378,23869729.750427622,0.002190490843019169,-0.004781603889862279,0.008343430595057662,-0.0006060418757600274,0.001614940618899151,-0.000566788182981722,0.006652779492155402,0.0016175528713030828,-0.003062909034406375,0.0,-0.006000804317105292,0.00023377686105188397,0.0,-0.011094003986373169,-0.0025933270522708256,-0.004983536766928077,0.000990344225532895,24246000.0
2023-11-15,24246000.0,509430.0,1960.0999755859373,81.18000030517578,24209857.14285714,24410970.0,25549.491774272174,122306.37801839551,27.1273192578375,25321074.572382923,23858025.427617077,0.000990344225532895,0.0007069219734750341,-0.0008669641439556413,-0.015765690477047935,0.002190490843019169,-0.004781603889862279,0.008343430595057662,0.001614940618899151,-0.000566788182981722,0.006652779492155402,0.0016175528713030828,-0.003062909034406375,0.0,-0.001354374219466265,-0.0032658358367619288,-0.007496705490809856,0.003869432234989552,24340000.0
2023-11-17,24340000.0,506400.0,1981.5999755859373,80.61000061035156,24204857.14285714,24423370.0,24456.97612375021,102736.49763946646,30.165542611894537,25316929.082207922,23836970.917792078,0.003869432234989552,-0.005965582796352967,0.010909106979060602,-0.007046196302829896,0.000990344225532895,0.0007069219734750341,-0.0008669641439556413,0.002190490843019169,-0.004781603889862279,0.008343430595057662,0.001614940618899151,-0.000566788182981722,0.006652779492155402,0.0010672359604227174,0.005878636137657929,-0.007809573743291399,-0.004075673083782925,24241000.0
2023-11-18,24241000.0,503040.0,1981.5999755859373,80.61000061035156,24205571.42857143,24432470.0,15424.8686924465,85274.17185006247,20.129032258064512,25299745.643301234,23801754.356698766,-0.004075673083782925,-0.006657181029179355,0.0,0.0,0.003869432234989552,-0.005965582796352967,0.010909106979060602,0.000990344225532895,0.0007069219734750341,-0.0008669641439556413,0.002190490843019169,-0.004781603889862279,0.008343430595057662,-0.005718885801168241,-0.0005453943531050871,-0.00973207368821677,-0.008700750944729952,24031000.0
2023-11-19,24031000.0,504010.0,1981.5999755859373,80.61000061035156,24197000.0,24431003.333333332,-8579.487485267222,66503.43998299653,24.920127795527165,25185905.352214042,23789994.647785958,-0.008700750944729952,0.0019264193435875098,0.0,0.0,-0.004075673083782925,-0.006657181029179355,0.0,0.003869432234989552,-0.005965582796352967,0.010909106979060602,0.000990344225532895,0.0007069219734750341,-0.0008669641439556413,-0.006000804317105292,0.00023377686105188397,0.0,0.007916647567990421,24222000.0
2023-11-20,24222000.0,501990.0,1977.699951171875,82.31999969482422,24210142.85714286,24456136.666666668,-12052.080074816942,50792.33597143384,33.14366998577525,25120147.804786246,23781352.195213754,0.007916647567990421,-0.004015909969782637,-0.0019700582161406464,0.020991368951435312,-0.008700750944729952,0.0019264193435875098,0.0,-0.004075673083782925,-0.006657181029179355,0.0,0.003869432234989552,-0.005965582796352967,0.010909106979060602,0.0016175528713030828,-0.003062909034406375,0.0,-0.0032254090733656276,24144000.0
2023-11-21,24144000.0,502190.0,1999.300048828125,82.44999694824219,24206571.42857143,24461836.666666668,-20857.64885494858,36462.33900615736,32.31622746185853,25069169.334808517,23761030.665191483,-0.0032254090733656276,0.0003983349651347479,0.010862615061766792,0.0015779241735657725,0.007916647567990421,-0.004015909969782637,-0.0019700582161406464,-0.008700750944729952,0.0019264193435875098,0.0,-0.004075673083782925,-0.006657181029179355,0.0,0.001614940618899151,-0.000566788182981722,0.006652779492155402,0.0032254090733657083,24222000.0
2023-11-22,24222000.0,503740.0,1991.4000244140625,81.95999908447266,24206571.42857143,24456736.666666668,-21296.682527646422,24910.534699396605,43.58974358974359,24984095.377076197,23772204.622923803,0.0032254090733657083,0.0030817278075047213,-0.00395922248666503,-0.005960699791888676,-0.0032254090733656276,0.0003983349651347479,0.010862615061766792,0.007916647567990421,-0.004015909969782637,-0.0019700582161406464,-0.008700750944729952,0.0019264193435875098,0.0,0.002190490843019169,-0.004781603889862279,0.008343430595057662,0.011860685282480937,24511000.0
2023-11-24,24511000.0,504280.0,2002.199951171875,80.58000183105469,24244428.57142857,24467776.666666668,1656.1735125780106,20259.662462032888,55.38563829787234,24893292.15098216,23815407.84901784,0.011860685282480937,0.0010714074158371355,0.005408630384414501,-0.016980809713642794,0.0032254090733657083,0.0030817278075047213,-0.00395922248666503,-0.0032254090733656276,0.0003983349651347479,0.010862615061766792,0.007916647567990421,-0.004015909969782637,-0.0019700582161406464,0.000990344225532895,0.0007069219734750341,-0.0008669641439556413,-0.004252019979985261,24407000.0
2023-11-25,24407000.0,502510.0,2002.199951171875,80.58000183105469,24254000.0,24476700.0,11324.010313179344,18472.53203226218,51.01137800252844,24698358.69375615,23934341.30624385,-0.004252019979985261,-0.0035161291303376667,0.0,0.0,0.011860685282480937,0.0010714074158371355,0.005408630384414501,0.0032254090733657083,0.0030817278075047213,-0.00395922248666503,-0.0032254090733656276,0.0003983349651347479,0.010862615061766792,0.003869432234989552,-0.005965582796352967,0.010909106979060602,-0.001229911601414705,24377000.0
2023-11-26,24377000.0,504240.0,2002.199951171875,80.58000183105469,24273428.57142857,24487233.333333332,16376.315381307155,18053.288702071175,54.78615071283096,24650316.463707596,23954183.536292404,-0.001229911601414705,0.0034368049721236636,0.0,0.0,-0.004252019979985261,-0.0035161291303376667,0.0,0.011860685282480937,0.0010714074158371355,0.005408630384414501,0.0032254090733657083,0.0030817278075047213,-0.00395922248666503,-0.004075673083782925,-0.006657181029179355,0.0,0.008126223146626713,24575900.0
2023-11-27,24575900.0,506232.0,2011.800048828125,79.9800033569336,24351271.42857143,24495396.666666668,36014.71604287252,21645.574170231444,65.87857750998757,24618927.118141737,23973562.881858263,0.008126223146626713,0.003942717028224948,0.004783316372955456,-0.007473857095805239,-0.001229911601414705,0.0034368049721236636,0.0,-0.004252019979985261,-0.0035161291303376667,0.0,0.011860685282480937,0.0010714074158371355,0.005408630384414501,-0.008700750944729952,0.0019264193435875098,0.0,0.007099604292315459,24751000.0
2023-11-28,24751000.0,507010.0,2039.699951171875,81.68000030517578,24426842.85714286,24500696.666666668,64958.5944410488,30308.178224394916,68.67107636800962,24648394.606588975,23953795.393411025,0.007099604292315459,0.0015356650294683727,0.013772846290545529,0.021032532201811924,0.008126223146626713,0.003942717028224948,0.004783316372955456,-0.001229911601414705,0.0034368049721236636,0.0,-0.004252019979985261,-0.0035161291303376667,0.0,0.007916647567990421,-0.004015909969782637,-0.0019700582161406464,0.001574453808217071,24790000.0
2023-11-29,24790000.0,506950.0,2047.0999755859373,83.0999984741211,24519128.57142857,24501530.0,90006.26447448507,42247.79547441295,68.67107636800962,24731139.289726194,23911850.710273806,0.001574453808217071,-0.0001183478639592455,0.003621431258757891,0.017235505906795512,0.007099604292315459,0.0015356650294683727,0.013772846290545529,0.008126223146626713,0.003942717028224948,0.004783316372955456,-0.001229911601414705,0.0034368049721236636,0.0,-0.0032254090733656276,0.0003983349651347479,0.010862615061766792,0.018544212969389413,25254000.0
2023-12-01,25254000.0,504830.0,2071.0,78.87999725341797,24666557.14285714,24500430.0,145619.03997674584,62922.04437487953,74.87945998071359,24951633.277140908,23781856.722859092,0.018544212969389413,-0.004190640460426209,0.011607436875178767,-0.052117008024814476,0.001574453808217071,-0.0001183478639592455,0.003621431258757891,0.007099604292315459,0.0015356650294683727,0.013772846290545529,0.008126223146626713,0.003942717028224948,0.004783316372955456,0.0032254090733657083,0.0030817278075047213,-0.00395922248666503,-0.0007130125079255501,25236000.0
2023-12-02,25236000.0,505910.0,2071.0,78.87999725341797,24770128.57142857,24509430.0,186094.92915970087,87556.62133184381,73.93617021276596,25112184.60091512,23707405.39908488,-0.0007130125079255501,0.0021370489166907796,0.0,0.0,0.018544212969389413,-0.004190640460426209,0.011607436875178767,0.001574453808217071,-0.0001183478639592455,0.003621431258757891,0.007099604292315459,0.0015356650294683727,0.013772846290545529,0.011860685282480937,0.0010714074158371355,0.005408630384414501,-0.012239762092097485,24929000.0
2023-12-03,24929000.0,506510.0,2071.0,78.87999725341797,24844700.0,24511830.0,191196.03972571716,108284.50501061848,62.91100394563788,25178399.630678732,23710490.369321268,-0.012239762092097485,0.0011852789756114656,0.0,0.0,-0.0007130125079255501,0.0021370489166907796,0.0,0.018544212969389413,-0.004190640460426209,0.011607436875178767,0.001574453808217071,-0.0001183478639592455,0.003621431258757891,-0.004252019979985261,-0.0035161291303376667,0.0,0.0010023455723640474,24954000.0
2023-12-04,24954000.0,505010.0,2024.0999755859373,78.02999877929688,24927128.57142857,24511596.666666668,195008.06606974453,125629.2172224437,66.15314907113729,25235400.08711549,23739789.91288451,0.0010023455723640474,-0.002965835770963618,-0.022906437155782847,-0.01083432298998088,-0.012239762092097485,0.0011852789756114656,0.0,-0.0007130125079255501,0.0021370489166907796,0.0,0.018544212969389413,-0.004190640460426209,0.011607436875178767,-0.001229911601414705,0.0034368049721236636,0.0,-0.011324601652387767,24673000.0
2023-12-05,24673000.0,504240.0,2018.5,77.19999694824219,24941000.0,24501130.0,173356.4278370589,135174.65934536673,64.09130816505707,25247155.225790247,23782334.774209753,-0.011324601652387767,-0.0015258858546465227,-0.002770483946805801,-0.01069393498445855,0.0010023455723640474,-0.002965835770963618,-0.022906437155782847,-0.012239762092097485,0.0011852789756114656,0.0,-0.0007130125079255501,0.0021370489166907796,0.0,0.008126223146626713,0.003942717028224948,0.004783316372955456,0.0033583555406732127,24756000.0
2023-12-06,24756000.0,505170.0,2030.5,74.30000305175781,24941714.285714287,24487430.0,161038.40440305322,140347.40835690405,62.30414746543779,25265125.465740755,23823064.534259245,0.0033583555406732127,0.0018426610854726836,0.005927406833356961,-0.03828842470301902,-0.011324601652387767,-0.0015258858546465227,-0.002770483946805801,0.0010023455723640474,-0.002965835770963618,-0.022906437155782847,-0.012239762092097485,0.0011852789756114656,0.0,0.007099604292315459,0.0015356650294683727,0.013772846290545529,-0.009864294806435048,24513000.0
2023-12-08,24513000.0,505310.0,1998.300048828125,75.83999633789062,24902142.85714286,24482563.333333332,130167.72046583146,138311.47077868955,57.90149892933619,25263879.72606085,23853410.27393915,-0.009864294806435048,0.0002770960353412317,-0.015985224604277253,0.02051481686228897,0.0033583555406732127,0.0018426610854726836,0.005927406833356961,-0.011324601652387767,-0.0015258858546465227,-0.002770483946805801,0.0010023455723640474,-0.002965835770963618,-0.022906437155782847,0.001574453808217071,-0.0001183478639592455,0.003621431258757891,0.0011415991780859684,24541000.0
2023-12-09,24541000.0,505350.0,1998.300048828125,75.83999633789062,24800285.714285713,24477396.666666668,106731.51258948445,131995.47914084853,56.98030634573304,25263269.78490094,23883520.21509906,0.0011415991780859684,7.91561950029614e-05,0.0,0.0,-0.009864294806435048,0.0002770960353412317,-0.015985224604277253,0.0033583555406732127,0.0018426610854726836,0.005927406833356961,-0.011324601652387767,-0.0015258858546465227,-0.002770483946805801,0.018544212969389413,-0.004190640460426209,0.011607436875178767,-0.006500033105811471,24382000.0
2023-12-10,24382000.0,506170.0,1998.300048828125,75.83999633789062,24678285.714285713,24468330.0,74469.73704431579,120490.33072154199,47.00696055684455,25262628.620576326,23888361.379423674,-0.006500033105811471,0.0016213227215021197,0.0,0.0,0.0011415991780859684,7.91561950029614e-05,0.0,-0.009864294806435048,0.0002770960353412317,-0.015985224604277253,0.0033583555406732127,0.0018426610854726836,0.005927406833356961,-0.0007130125079255501,0.0021370489166907796,0.0,0.0025396318897145985,24444000.0
2023-12-11,24444000.0,504640.0,1978.0,76.02999877929688,24609000.0,24470396.666666668,53290.62814659625,107050.39020655285,50.87553241836252,25257808.590598546,23913481.409401454,0.0025396318897145985,-0.0030272774675002513,-0.01021061033941788,0.002502173525341683,-0.006500033105811471,0.0016213227215021197,0.0,0.0011415991780859684,7.91561950029614e-05,0.0,-0.009864294806435048,0.0002770960353412317,-0.015985224604277253,-0.012239762092097485,0.0011852789756114656,0.0,0.002002575408195196,24493000.0
2023-12-12,24493000.0,504460.0,1977.800048828125,73.23999786376953,24543142.85714286,24475196.666666668,39998.84051281586,93640.08026780546,52.72045028142589,25230516.376074262,23986973.623925738,0.002002575408195196,-0.00035675354654462934,-0.00010109265866683018,-0.03738629254602787,0.0025396318897145985,-0.0030272774675002513,-0.01021061033941788,-0.006500033105811471,0.0016213227215021197,0.0,0.0011415991780859684,7.91561950029614e-05,0.0,0.0010023455723640474,-0.002965835770963618,-0.022906437155782847,0.01338328029728949,24823000.0
2023-12-13,24823000.0,504670.0,1982.300048828125,74.26000213623047,24564571.42857143,24490130.0,55454.00586511567,86002.8653872675,55.45932570368078,25239605.28961335,24037984.71038665,0.01338328029728949,0.0004162000991573743,0.0022726708042306704,0.013830786877068275,0.002002575408195196,-0.00035675354654462934,-0.00010109265866683018,0.0025396318897145985,-0.0030272774675002513,-0.01021061033941788,-0.006500033105811471,0.0016213227215021197,0.0,-0.011324601652387767,-0.0015258858546465227,-0.002770483946805801,-0.010285157074035165,24569000.0
2023-12-15,24569000.0,504670.0,2021.0999755859373,76.55000305175781,24537857.14285714,24501230.0,46668.69090335816,78136.03049048563,46.11443210930829,25215522.939208556,24104567.060791444,-0.010285157074035165,0.0,0.01938409422691104,0.030371684454054557,0.01338328029728949,0.0004162000991573743,0.0022726708042306704,0.002002575408195196,-0.00035675354654462934,-0.00010109265866683018,0.0025396318897145985,-0.0030272774675002513,-0.01021061033941788,0.0033583555406732127,0.0018426610854726836,0.005927406833356961,-0.0037924400638245275,24476000.0
2023-12-17,24476000.0,502380.0,2021.0999755859373,76.55000305175781,24532571.42857143,24514063.333333332,31834.969028435647,68875.81819807563,43.447412353923205,25196778.568531048,24148711.431468952,-0.0037924400638245275,-0.00454794488289096,0.0,0.0,-0.010285157074035165,0.0,0.01938409422691104,0.01338328029728949,0.0004162000991573743,0.0022726708042306704,0.002002575408195196,-0.00035675354654462934,-0.00010109265866683018,-0.009864294806435048,0.0002770960353412317,-0.015985224604277253,0.0027336355993766827,24543000.0
2023-12-18,24543000.0,500560.0,2026.300048828125,77.94999694824219,24532857.14285714,24527830.0,25195.04483550787,60139.663525562086,32.21610805402702,25196491.224629417,24152198.775370583,0.0027336355993766827,-0.003629333754287403,0.00256958841333575,0.018123394383693633,-0.0037924400638245275,-0.00454794488289096,0.0,-0.010285157074035165,0.0,0.01938409422691104,0.01338328029728949,0.0004162000991573743,0.0022726708042306704,0.0011415991780859684,7.91561950029614e-05,0.0,0.0013558827223355255,24576300.0
2023-12-19,24576300.0,500712.0,2038.4000244140625,79.2300033569336,24560614.285714287,24541406.666666668,22362.1122645773,52584.15327336513,33.62458422280693,25192036.57101883,24173583.42898117,0.0013558827223355255,0.00030361380557455877,0.005953704386447859,0.016287500993037517,0.0027336355993766827,-0.003629333754287403,0.00256958841333575,-0.0037924400638245275,-0.00454794488289096,0.0,-0.010285157074035165,0.0,0.01938409422691104,-0.006500033105811471,0.0016213227215021197,0.0,0.002507402617775955,24638000.0
2023-12-20,24638000.0,500760.0,2034.5,79.69999694824219,24588328.57142857,24555273.333333332,24809.67663476616,47029.25794564534,41.77501413227812,25185072.62366982,24206647.37633018,0.002507402617775955,9.58588957788314e-05,-0.0019151099131709602,0.005914490158980527,0.0013558827223355255,0.00030361380557455877,0.005953704386447859,0.0027336355993766827,-0.003629333754287403,0.00256958841333575,-0.0037924400638245275,-0.00454794488289096,0.0,0.0025396318897145985,-0.0030272774675002513,-0.01021061033941788,0.009894872840294899,24883000.0
2023-12-22,24883000.0,503010.0,2057.10009765625,79.06999969482422,24644042.85714286,24576506.666666668,45988.712233804166,46821.14880327711,48.215183509301156,25203840.226505395,24218589.773494605,0.009894872840294899,0.004483106226364698,0.011047182989459954,-0.007936015282335451,0.002507402617775955,9.58588957788314e-05,-0.0019151099131709602,0.0013558827223355255,0.00030361380557455877,0.005953704386447859,0.0027336355993766827,-0.003629333754287403,0.00256958841333575,0.002002575408195196,-0.00035675354654462934,-0.00010109265866683018,-0.007746034615559564,24691000.0
2023-12-23,24691000.0,500690.0,2057.10009765625,79.06999969482422,24625185.714285713,24588206.666666668,46741.64653807506,46805.2483502367,50.473684210526315,25200550.77876552,24215879.22123448,-0.007746034615559564,-0.004622903520516155,0.0,0.0,0.009894872840294899,0.004483106226364698,0.011047182989459954,0.002507402617775955,9.58588957788314e-05,-0.0019151099131709602,0.0013558827223355255,0.00030361380557455877,0.005953704386447859,0.01338328029728949,0.0004162000991573743,0.0022726708042306704,-0.005523305273309655,24555000.0
2023-12-24,24555000.0,500890.0,2057.10009765625,79.06999969482422,24623185.714285713,24598673.333333332,35949.88114640117,44634.1749094696,44.85407066052227,25191790.255288213,24201139.744711787,-0.005523305273309655,0.00039936900229286333,0.0,0.0,-0.007746034615559564,-0.004622903520516155,0.0,0.009894872840294899,0.004483106226364698,0.011047182989459954,0.002507402617775955,9.58588957788314e-05,-0.0019151099131709602,-0.010285157074035165,0.0,0.01938409422691104,0.008515866548993209,24765000.0
2023-12-25,24765000.0,501040.0,2057.10009765625,79.06999969482422,24664471.42857143,24623140.0,43837.2457979843,44474.78908717254,56.5625,25094362.94473404,24249667.05526596,0.008515866548993209,0.0002994221175543636,0.0,0.0,-0.005523305273309655,0.00039936900229286333,0.0,-0.007746034615559564,-0.004622903520516155,0.0,0.009894872840294899,0.004483106226364698,0.011047182989459954,-0.0037924400638245275,-0.00454794488289096,0.0,0.011841583427721328,25060000.0
2023-12-26,25060000.0,503450.0,2058.199951171875,81.06999969482422,24738328.57142857,24651073.333333332,73049.99877802283,50189.831025342595,61.865569272976686,25041075.72775424,24285354.27224576,0.011841583427721328,0.004798464144466379,0.0005345192470838028,0.024979443011995808,0.008515866548993209,0.0002994221175543636,0.0,-0.005523305273309655,0.00039936900229286333,0.0,-0.007746034615559564,-0.004622903520516155,0.0,0.0027336355993766827,-0.003629333754287403,0.00256958841333575,-0.0016374132534795072,25019000.0
2023-12-27,25019000.0,503190.0,2081.89990234375,79.6500015258789,24801571.42857143,24680240.0,91834.34941733256,58518.73470374059,65.3939101014983,25060742.45732397,24274687.54267603,-0.0016374132534795072,-0.0005165699868506083,0.011449100696166307,-0.017670919721909782,0.011841583427721328,0.004798464144466379,0.0005345192470838028,0.008515866548993209,0.0002994221175543636,0.0,-0.005523305273309655,0.00039936900229286333,0.0,0.0013558827223355255,0.00030361380557455877,0.005953704386447859,0.005421147728839119,25155000.0
2023-12-29,25155000.0,506160.0,2062.39990234375,77.04000091552734,24875428.57142857,24711340.0,116353.89080804586,70085.76592460164,66.58889407372843,25109944.97846903,24245585.02153097,0.005421147728839119,0.005884992463855551,-0.009410585540313396,-0.03331727613969465,-0.0016374132534795072,-0.0005165699868506083,0.011449100696166307,0.011841583427721328,0.004798464144466379,0.0005345192470838028,0.008515866548993209,0.0002994221175543636,0.0,0.002507402617775955,9.58588957788314e-05,-0.0019151099131709602,-0.004222777368919534,25049000.0
2023-12-30,25049000.0,505630.0,2062.39990234375,77.04000091552734,24899142.85714286,24729273.333333332,125782.54698814452,81225.12213731022,62.63636363636363,25159490.867772203,24233639.132227797,-0.004222777368919534,-0.001047648323220948,0.0,0.0,0.005421147728839119,0.005884992463855551,-0.009410585540313396,-0.0016374132534795072,-0.0005165699868506083,0.011449100696166307,0.011841583427721328,0.004798464144466379,0.0005345192470838028,0.009894872840294899,0.004483106226364698,0.011047182989459954,0.008071453931016754,25252000.0
2023-12-31,25252000.0,505980.0,2062.39990234375,77.04000091552734,24979285.714285713,24757440.0,147929.9836308062,94566.09443600941,60.34732272069465,25246642.155013394,24196087.844986606,0.008071453931016754,0.0006919662991972772,0.0,0.0,-0.004222777368919534,-0.001047648323220948,0.0,0.005421147728839119,0.005884992463855551,-0.009410585540313396,-0.0016374132534795072,-0.0005165699868506083,0.011449100696166307,-0.007746034615559564,-0.004622903520516155,0.0,0.007849674450058332,25451000.0
2024-01-01,25451000.0,506430.0,2062.39990234375,77.04000091552734,25107285.714285713,24793240.0,179470.79600177333,111547.03474916221,71.85332011892963,25376205.524359014,24160324.475640986,0.007849674450058332,0.00088896796680187,0.0,0.0,0.008071453931016754,0.0006919662991972772,0.0,-0.004222777368919534,-0.001047648323220948,0.0,0.005421147728839119,0.005884992463855551,-0.009410585540313396,-0.005523305273309655,0.00039936900229286333,0.0,0.002080267652367092,25504000.0
2024-01-02,25504000.0,508290.0,2064.39990234375,75.88999938964844,25212857.14285714,24824176.666666668,206364.92767700925,130510.61333473162,75.98584428715876,25496793.94170514,24136036.05829486,0.002080267652367092,0.003666040056717499,0.0009692741355228508,-0.015039864000422884,0.007849674450058332,0.00088896796680187,0.0,0.008071453931016754,0.0006919662991972772,0.0,-0.004222777368919534,-0.001047648323220948,0.0,0.008515866548993209,0.0002994221175543636,0.0,0.005591303104401714,25647000.0
2024-01-03,25647000.0,514170.0,2034.199951171875,78.25,25296714.285714287,24854043.333333332,236491.4989020303,151706.79044819134,76.87439143135346,25622347.541162364,24136982.458837636,0.005591303104401714,0.011501799234466039,-0.014736982781769346,0.030623914047023304,0.002080267652367092,0.003666040056717499,0.0009692741355228508,0.007849674450058332,0.00088896796680187,0.0,0.008071453931016754,0.0006919662991972772,0.0,0.011841583427721328,0.004798464144466379,0.0005345192470838028,0.0011690438553760712,25677000.0
2024-01-05,25677000.0,509740.0,2042.4000244140625,78.76000213623047,25390714.285714287,24883610.0,259793.04047260806,173324.0404530747,76.83717754912956,25734697.778195277,24147932.221804723,0.0011690438553760712,-0.008653158269989875,0.0040230016929940935,0.006496451473953697,0.005591303104401714,0.011501799234466039,-0.014736982781769346,0.002080267652367092,0.003666040056717499,0.0009692741355228508,0.007849674450058332,0.00088896796680187,0.0,-0.0016374132534795072,-0.0005165699868506083,0.011449100696166307,0.005553735850914087,25820000.0
2024-01-06,25820000.0,509760.0,2042.4000244140625,78.76000213623047,25485714.285714287,24902476.666666668,286496.03696838394,195958.43975613656,77.72045028142588,25862739.222140066,24152590.777859934,0.005553735850914087,3.923491908310879e-05,0.0,0.0,0.0011690438553760712,-0.008653158269989875,0.0040230016929940935,0.005591303104401714,0.011501799234466039,-0.014736982781769346,0.002080267652367092,0.003666040056717499,0.0009692741355228508,0.005421147728839119,0.005884992463855551,-0.009410585540313396,-0.006293971591347968,25658000.0
2024-01-07,25658000.0,509490.0,2042.4000244140625,78.76000213623047,25572714.285714287,24916543.333333332,291229.1990437843,215012.59161366613,68.91166422645193,25947007.66878281,24151822.33121719,-0.006293971591347968,-0.000529801336895808,0.0,0.0,0.005553735850914087,3.923491908310879e-05,0.0,0.0011690438553760712,-0.008653158269989875,0.0040230016929940935,0.005591303104401714,0.011501799234466039,-0.014736982781769346,-0.004222777368919534,-0.001047648323220948,0.0,0.011200582165336016,25947000.0
2024-01-08,25947000.0,514840.0,2026.5999755859373,76.12000274658203,25672000.0,24950476.666666668,314672.79669210315,234944.63262935355,79.26374650512581,26070526.929694567,24166103.070305433,0.011200582165336016,0.01044594739638909,-0.007766098913480351,-0.034094202384002945,-0.006293971591347968,-0.000529801336895808,0.0,0.005553735850914087,3.923491908310879e-05,0.0,0.0011690438553760712,-0.008653158269989875,0.0040230016929940935,0.008071453931016754,0.0006919662991972772,0.0,0.005342775955606852,26086000.0
2024-01-09,26086000.0,519780.0,2026.4000244140625,77.58999633789062,25762714.285714287,24988210.0,340542.5920383148,256064.22451114585,85.62121917170776,26193654.48512205,24203975.51487795,0.005342775955606852,0.009549472348926868,-9.86682319452515e-05,0.019127427197429978,0.011200582165336016,0.01044594739638909,-0.007766098913480351,-0.006293971591347968,-0.000529801336895808,0.0,0.005553735850914087,3.923491908310879e-05,0.0,0.007849674450058332,0.00088896796680187,0.0,0.00202967996916807,26139000.0
2024-01-10,26139000.0,516020.0,2021.699951171875,76.80000305175781,25853428.57142857,25037076.666666668,361158.04318377003,277082.9882456707,84.48795180722891,26307420.677063413,24249809.322936587,0.00202967996916807,-0.007260120709756071,-0.0023221142671955622,-0.010233825817587873,0.005342775955606852,0.009549472348926868,-9.86682319452515e-05,0.011200582165336016,0.01044594739638909,-0.007766098913480351,-0.006293971591347968,-0.000529801336895808,0.0,0.002080267652367092,0.003666040056717499,0.0009692741355228508,0.029478199271856985,26921000.0
2024-01-12,26921000.0,524680.0,2046.699951171875,78.29000091552734,26035428.57142857,25109243.333333332,435575.7551275417,308781.5416220449,87.53529649052037,26606060.642822158,24185639.357177842,0.029478199271856985,0.016643028526597187,0.012289998660134326,0.019215212723819267,0.00202967996916807,-0.007260120709756071,-0.0023221142671955622,0.005342775955606852,0.009549472348926868,-9.86682319452515e-05,0.011200582165336016,0.01044594739638909,-0.007766098913480351,0.005591303104401714,0.011501799234466039,-0.014736982781769346,-0.013801576771442996,26552000.0
2024-01-13,26552000.0,520860.0,2046.699951171875,78.29000091552734,26160428.57142857,25177210.0,459480.5065920092,338921.3346160378,77.3067331670823,26751129.95922618,24231970.04077382,-0.013801576771442996,-0.0073072613151733195,0.0,0.0,0.029478199271856985,0.016643028526597187,0.012289998660134326,0.00202967996916807,-0.007260120709756071,-0.0023221142671955622,0.005342775955606852,0.009549472348926868,-9.86682319452515e-05,0.0011690438553760712,-0.008653158269989875,0.0040230016929940935,0.0009411056803315943,26577000.0
2024-01-14,26577000.0,524630.0,2046.699951171875,78.29000091552734,26268571.42857143,25245076.666666668,474967.35737935826,366130.53916870186,76.37240356083086,26890180.203225188,24262319.796774812,0.0009411056803315943,0.0072119605936746605,0.0,0.0,-0.013801576771442996,-0.0073072613151733195,0.0,0.029478199271856985,0.016643028526597187,0.012289998660134326,0.00202967996916807,-0.007260120709756071,-0.0023221142671955622,0.005553735850914087,3.923491908310879e-05,0.0,0.006002193808409894,26737000.0
2024-01-15,26737000.0,529040.0,2046.699951171875,78.29000091552734,26422714.285714287,25323576.666666668,494451.72927965596,391794.7771908927,80.69090909090909,27020569.448443286,24336530.551556714,0.006002193808409894,0.008370791140960492,0.0,0.0,0.0009411056803315943,0.0072119605936746605,0.0,-0.013801576771442996,-0.0073072613151733195,0.0,0.029478199271856985,0.016643028526597187,0.012289998660134326,-0.006293971591347968,-0.000529801336895808,0.0,0.013374646744409467,27097000.0
2024-01-16,27097000.0,536510.0,2026.0,78.29000091552734,26587000.0,25412010.0,532800.4339960739,419995.90855192894,81.73374613003097,27180719.341792207,24430580.658207793,0.013374646744409467,0.014021157859620307,-0.010165310319773104,0.0,0.006002193808409894,0.008370791140960492,0.0,0.0009411056803315943,0.0072119605936746605,0.0,-0.013801576771442996,-0.0073072613151733195,0.0,0.011200582165336016,0.01044594739638909,-0.007766098913480351,-0.005662382590908137,26944000.0
2024-01-17,26944000.0,540290.0,2002.5999755859373,77.87999725341797,26709571.42857143,25493710.0,544568.7874463014,444910.48433080345,76.09227542817197,27287791.503492203,24541408.496507797,-0.005662382590908137,0.007020831216548249,-0.011617081726109126,-0.005250747376723442,0.013374646744409467,0.014021157859620307,-0.010165310319773104,0.006002193808409894,0.008370791140960492,0.0,0.0009411056803315943,0.0072119605936746605,0.0,0.005342775955606852,0.009549472348926868,-9.86682319452515e-05,0.012869620995857431,27293000.0
2024-01-19,27293000.0,542230.0,2026.5,78.55999755859375,26874428.57142857,25576043.333333332,575423.5511187464,471013.09768839204,78.33386126069053,27468265.530247055,24584234.469752945,0.012869620995857431,0.0035842332278151067,0.011863842985843644,0.008693487732095115,-0.005662382590908137,0.007020831216548249,-0.011617081726109126,0.013374646744409467,0.014021157859620307,-0.010165310319773104,0.006002193808409894,0.008370791140960492,0.0,0.00202967996916807,-0.007260120709756071,-0.0023221142671955622,-0.0026415248143931884,27221000.0
2024-01-20,27221000.0,539080.0,2026.5,78.55999755859375,26917285.714285713,25664443.333333332,587296.3881713003,494269.75578497373,75.50226830848996,27590753.58910449,24681946.41089551,-0.0026415248143931884,-0.005826282769432111,0.0,0.0,0.012869620995857431,0.0035842332278151067,0.011863842985843644,-0.005662382590908137,0.007020831216548249,-0.011617081726109126,0.013374646744409467,0.014021157859620307,-0.010165310319773104,0.029478199271856985,0.016643028526597187,0.012289998660134326,-0.004159846967513888,27108000.0
2024-01-21,27108000.0,540510.0,2026.5,78.55999755859375,26996714.285714287,25752176.666666668,580891.3871364519,511594.0820552694,72.57810034711265,27673149.74898376,24794850.25101624,-0.004159846967513888,0.002649155394759944,0.0,0.0,-0.0026415248143931884,-0.005826282769432111,0.0,0.012869620995857431,0.0035842332278151067,0.011863842985843644,-0.005662382590908137,0.007020831216548249,-0.011617081726109126,-0.013801576771442996,-0.0073072613151733195,0.0,0.007643723824976241,27316000.0
2024-01-22,27316000.0,548920.0,2019.800048828125,80.05999755859375,27102285.714285713,25844610.0,585845.9716574512,526444.4599757057,73.12925170068027,27750167.20683398,24944532.79316602,0.007643723824976241,0.015439573105713873,-0.003311646301174295,0.018913690100473574,-0.004159846967513888,0.002649155394759944,0.0,-0.0026415248143931884,-0.005826282769432111,0.0,0.012869620995857431,0.0035842332278151067,0.011863842985843644,0.0009411056803315943,0.0072119605936746605,0.0,0.0077310573963364744,27528000.0
2024-01-23,27528000.0,556590.0,2023.699951171875,79.55000305175781,27215285.714285713,25943000.0,599963.142189201,541148.1964184048,78.47137637028015,27859091.384962004,25063208.615037996,0.0077310573963364744,0.013876171305463605,0.0019289741822805177,-0.006390529923161672,0.007643723824976241,0.015439573105713873,-0.003311646301174295,-0.004159846967513888,0.002649155394759944,0.0,-0.0026415248143931884,-0.005826282769432111,0.0,0.006002193808409894,0.008370791140960492,0.0,0.0187136596836995,28048000.0
2024-01-26,28048000.0,563000.0,2016.800048828125,83.55000305175781,27351142.85714286,26056666.666666668,645667.898107931,562052.1367563101,79.88620199146516,28073750.644472707,25108249.355527293,0.0187136596836995,0.011450745432794226,-0.003415373865066926,0.04905949842096965,0.0077310573963364744,0.013876171305463605,0.0019289741822805177,0.007643723824976241,0.015439573105713873,-0.003311646301174295,-0.004159846967513888,0.002649155394759944,0.0,0.013374646744409467,0.014021157859620307,-0.010165310319773104,-0.00271331833725828,27972000.0
2024-01-27,27972000.0,558630.0,2016.800048828125,83.55000305175781,27498000.0,26159633.333333332,668055.7507723756,583252.8595595232,77.31749710312862,28226745.741589956,25202054.258410044,-0.00271331833725828,-0.007792270377909614,0.0,0.0,0.0187136596836995,0.011450745432794226,-0.003415373865066926,0.0077310573963364744,0.013876171305463605,0.0019289741822805177,0.007643723824976241,0.015439573105713873,-0.003311646301174295,-0.005662382590908137,0.007020831216548249,-0.011617081726109126,0.03922483814889855,29091000.0
2024-01-28,29091000.0,582990.0,2016.800048828125,83.55000305175781,27754857.14285714,26306300.0,767247.8774949759,620051.8631466138,82.66932270916334,28650565.55641275,25122634.44358725,0.03922483814889855,0.04268267578294098,0.0,0.0,-0.00271331833725828,-0.007792270377909614,0.0,0.0187136596836995,0.011450745432794226,-0.003415373865066926,0.0077310573963364744,0.013876171305463605,0.0019289741822805177,0.012869620995857431,0.0035842332278151067,0.011863842985843644,0.0005842024943210524,29108000.0
2024-01-29,29108000.0,582890.0,2025.199951171875,82.4000015258789,28024428.57142857,26458066.666666668,837575.066494219,663556.5038161349,79.13669064748201,28986491.34071637,25129808.65928363,0.0005842024943210524,-0.00017154424168050158,0.004156315901078261,-0.013859836134154176,0.03922483814889855,0.04268267578294098,0.0,-0.00271331833725828,-0.007792270377909614,0.0,0.0187136596836995,0.011450745432794226,-0.003415373865066926,-0.0026415248143931884,-0.005826282769432111,0.0,-0.009180392344961362,28842000.0
2024-01-30,28842000.0,584030.0,2031.5,82.87000274658203,28272142.85714286,26593966.666666668,861910.3277728967,703227.2686074873,81.36986301369863,29201622.706096932,25216877.293903068,-0.009180392344961362,0.0019538620688132865,0.003105999442300761,0.005687692570837788,0.0005842024943210524,-0.00017154424168050158,0.004156315901078261,0.03922483814889855,0.04268267578294098,0.0,-0.00271331833725828,-0.007792270377909614,0.0,-0.004159846967513888,0.002649155394759944,0.0,-0.03179119996152548,27939500.0
2024-01-31,27939500.0,576496.0,2048.39990234375,81.70999908447266,28361214.285714287,26689950.0,799159.7737573534,722413.7696374606,65.0469353948095,29199602.62155762,25447047.37844238,-0.03179119996152548,-0.012983950108320912,0.008284516486208303,-0.014096765812189079,-0.009180392344961362,0.0019538620688132865,0.003105999442300761,0.0005842024943210524,-0.00017154424168050158,0.004156315901078261,0.03922483814889855,0.04268267578294098,0.0,0.007643723824976241,0.015439573105713873,-0.003311646301174295,-0.004466014651096645,27815000.0
2024-02-02,27815000.0,563780.0,2036.0999755859373,77.33000183105469,28402214.285714287,26783150.0,730957.3764658868,724122.4910031459,61.99910952804987,29187540.259020254,25645909.740979746,-0.004466014651096645,-0.022304296784912223,-0.006022751526768397,-0.05509437989262672,-0.03179119996152548,-0.012983950108320912,0.008284516486208303,-0.009180392344961362,0.0019538620688132865,0.003105999442300761,0.0005842024943210524,-0.00017154424168050158,0.004156315901078261,0.0077310573963364744,0.013876171305463605,0.0019289741822805177,-0.009681806779557824,27547000.0
2024-02-03,27547000.0,551370.0,2036.0999755859373,77.33000183105469,28330642.85714286,26862883.333333332,647813.533841908,708860.6995708984,55.11363636363636,29146302.96297113,25833247.03702887,-0.009681806779557824,-0.02225801433312896,0.0,0.0,-0.004466014651096645,-0.022304296784912223,-0.006022751526768397,-0.03179119996152548,-0.012983950108320912,0.008284516486208303,-0.009180392344961362,0.0019538620688132865,0.003105999442300761,0.0187136596836995,0.011450745432794226,-0.003415373865066926,0.002936114479027611,27628000.0
2024-02-04,27628000.0,553880.0,2036.0999755859373,77.33000183105469,28281500.0,26948850.0,581751.3946482874,683438.8385863763,57.90203327171904,29094141.42272587,26034308.57727413,0.002936114479027611,0.004541966641020689,0.0,0.0,-0.009681806779557824,-0.02225801433312896,0.0,-0.004466014651096645,-0.022304296784912223,-0.006022751526768397,-0.03179119996152548,-0.012983950108320912,0.008284516486208303,-0.00271331833725828,-0.007792270377909614,0.0,0.0021657434268677485,27687900.0
2024-02-05,27687900.0,557015.0,2025.699951171875,77.98999786376953,28081057.14285714,27030046.666666668,528142.0104407705,652379.4729572552,54.88870732130036,29102760.202818163,26102379.797181837,0.0021657434268677485,0.005644112760211989,-0.005120905671782804,0.008498583651928772,0.002936114479027611,0.004541966641020689,0.0,-0.009681806779557824,-0.02225801433312896,0.0,-0.004466014651096645,-0.022304296784912223,-0.006022751526768397,0.03922483814889855,0.04268267578294098,0.0,0.006985824677302174,27882000.0
2024-02-06,27882000.0,557380.0,2034.5,78.58999633789062,27905914.285714287,27111080.0,495605.40446119756,621024.6592580436,57.94280221100697,29088940.22105247,26249199.77894753,0.006985824677302174,0.0006550639818951277,0.004334792726306237,0.007663832329107285,0.0021657434268677485,0.005644112760211989,-0.005120905671782804,0.002936114479027611,0.004541966641020689,0.0,-0.009681806779557824,-0.02225801433312896,0.0,0.0005842024943210524,-0.00017154424168050158,0.004156315901078261,-0.012523396616451403,27535000.0
2024-02-09,27535000.0,549020.0,2023.300048828125,82.19000244140625,27719200.0,27178780.0,436784.9250816256,584176.7124227601,54.85779294653015,29043272.26308057,26390667.73691943,-0.012523396616451403,-0.015112362810146064,-0.005520222523682036,0.04478925158439616,0.006985824677302174,0.0006550639818951277,0.004334792726306237,0.0021657434268677485,0.005644112760211989,-0.005120905671782804,0.002936114479027611,0.004541966641020689,0.0,-0.009180392344961362,0.0019538620688132865,0.003105999442300761,-0.0014901236652165432,27494000.0
2024-02-11,27494000.0,551950.0,2023.300048828125,82.19000244140625,27655557.14285714,27240346.666666668,382452.2426608056,543831.8184703692,52.10501419110691,29004353.89305563,26505286.10694437,-0.0014901236652165432,0.0053225917458863585,0.0,0.0,-0.012523396616451403,-0.015112362810146064,-0.005520222523682036,0.006985824677302174,0.0006550639818951277,0.004334792726306237,0.0021657434268677485,0.005644112760211989,-0.005120905671782804,-0.03179119996152548,-0.012983950108320912,0.008284516486208303,-0.0023669511988290625,27429000.0
2024-02-12,27429000.0,554690.0,2018.199951171875,82.0,27600414.285714287,27298746.666666668,330340.28643184155,501133.51206266374,48.78706199460917,28992658.48543837,26550181.51456163,-0.0023669511988290625,0.004951936671571513,-0.002523865081532603,-0.002314422600574686,-0.0014901236652165432,0.0053225917458863585,0.0,-0.012523396616451403,-0.015112362810146064,-0.005520222523682036,0.006985824677302174,0.0006550639818951277,0.004334792726306237,-0.004466014651096645,-0.022304296784912223,-0.006022751526768397,0.005308717289167071,27575000.0
2024-02-13,27575000.0,555800.0,1992.9000244140625,82.7699966430664,27604414.285714287,27357246.666666668,297393.992674876,460385.60818510625,43.62017804154303,28965391.26995428,26640548.73004572,0.005308717289167071,0.001999118172471217,-0.012615124246704407,0.0093463890756796,-0.0023669511988290625,0.004951936671571513,-0.002523865081532603,-0.0014901236652165432,0.0053225917458863585,0.0,-0.012523396616451403,-0.015112362810146064,-0.005520222523682036,-0.009681806779557824,-0.02225801433312896,0.0,0.006902685473044532,27766000.0
2024-02-14,27766000.0,560270.0,1990.300048828125,81.5999984741211,27624128.57142857,27427513.333333332,283428.7312678546,424994.2328016559,47.305075876504446,28964338.971127395,26688901.028872605,0.006902685473044532,0.008010293084413457,-0.0013054709316034623,-0.0142363930693679,0.005308717289167071,0.001999118172471217,-0.012615124246704407,-0.0023669511988290625,0.004951936671571513,-0.002523865081532603,-0.0014901236652165432,0.0053225917458863585,0.0,0.002936114479027611,0.004541966641020689,0.0,0.010354618590324688,28055000.0
2024-02-16,28055000.0,563020.0,2011.5,83.47000122070312,27676571.42857143,27497780.0,292311.46114819124,398457.678470963,32.687165775401056,28973239.64099325,26763400.35900675,0.010354618590324688,0.004896341094597667,0.010595306731620603,0.022658057216533852,0.006902685473044532,0.008010293084413457,-0.0013054709316034623,0.005308717289167071,0.001999118172471217,-0.012615124246704407,-0.0023669511988290625,0.004951936671571513,-0.002523865081532603,0.0021657434268677485,0.005644112760211989,-0.005120905671782804,0.006714176451165029,28244000.0
2024-02-18,28244000.0,570360.0,2011.5,83.47000122070312,27728285.714285713,27569713.333333332,311016.60323508084,380969.46342378657,36.34639696586599,28981185.1267796,26869054.8732204,0.006714176451165029,0.012952588926504015,0.0,0.0,0.010354618590324688,0.004896341094597667,0.010595306731620603,0.006902685473044532,0.008010293084413457,-0.0013054709316034623,0.005308717289167071,0.001999118172471217,-0.012615124246704407,0.006985824677302174,0.0006550639818951277,0.004334792726306237,-0.009033742126738286,27990000.0
2024-02-19,27990000.0,565060.0,2011.5,83.47000122070312,27793285.714285713,27631413.333333332,301865.17206970975,365148.6051529712,36.48477157360406,28975317.372249182,26942322.627750818,-0.009033742126738286,-0.009335820215468882,0.0,0.0,0.006714176451165029,0.012952588926504015,0.0,0.010354618590324688,0.004896341094597667,0.010595306731620603,0.006902685473044532,0.008010293084413457,-0.0013054709316034623,-0.012523396616451403,-0.015112362810146064,-0.005520222523682036,0.009953868178136824,28270000.0
2024-02-20,28270000.0,570290.0,2027.5,82.33999633789062,27904142.85714286,27676380.0,313591.3707627095,354837.1582749189,56.532911642617115,29000301.63558219,26991538.36441781,0.009953868178136824,0.009213083179414128,0.007922794599725029,-0.013630328620800946,-0.009033742126738286,-0.009335820215468882,0.0,0.006714176451165029,0.012952588926504015,0.0,0.010354618590324688,0.004896341094597667,0.010595306731620603,-0.0014901236652165432,0.0053225917458863585,0.0,0.005045615206574991,28413000.0
2024-02-21,28413000.0,572710.0,2022.300048828125,83.02999877929688,28044714.285714287,27738413.333333332,330612.28004340455,349992.18262861605,61.73469387755102,29035654.871928588,26992685.128071412,0.005045615206574991,0.004234477018447432,-0.002568005317217988,0.008345001705688762,0.009953868178136824,0.009213083179414128,0.007922794599725029,-0.009033742126738286,-0.009335820215468882,0.0,0.006714176451165029,0.012952588926504015,0.0,-0.0023669511988290625,0.004951936671571513,-0.002523865081532603,0.007992470771931773,28641000.0
2024-02-23,28641000.0,572670.0,2038.5999755859373,81.62000274658203,28197000.0,27807213.333333332,358368.1231545694,351667.37073380675,71.81020733652312,29106423.532493666,26988816.467506334,0.007992470771931773,-6.98458153910148e-05,0.008027784086065798,-0.017127609943481652,0.005045615206574991,0.004234477018447432,-0.002568005317217988,0.009953868178136824,0.009213083179414128,0.007922794599725029,-0.009033742126738286,-0.009335820215468882,0.0,0.005308717289167071,0.001999118172471217,-0.012615124246704407,0.0045286777043095925,28771000.0
2024-02-25,28771000.0,582491.0,2038.5999755859373,81.62000274658203,28340571.42857143,27875013.333333332,386400.5572370514,358614.0080344557,72.35041063746579,29032101.481140595,27031138.518859405,0.0045286777043095925,0.017004100095796316,0.0,0.0,0.007992470771931773,-6.98458153910148e-05,0.008027784086065798,0.005045615206574991,0.004234477018447432,-0.002568005317217988,0.009953868178136824,0.009213083179414128,0.007922794599725029,0.006902685473044532,0.008010293084413457,-0.0013054709316034623,0.011645115096524614,29108000.0
2024-02-26,29108000.0,586050.0,2028.5,82.52999877929688,28491000.0,27942046.666666668,430843.05622204766,373059.8176719741,75.05380896933771,29032101.481140595,27031138.518859405,0.011645115096524614,0.006091375492472853,-0.004966682111913847,0.01108748518506503,0.0045286777043095925,0.017004100095796316,0.0,0.007992470771931773,-6.98458153910148e-05,0.008027784086065798,0.005045615206574991,0.004234477018447432,-0.002568005317217988,0.010354618590324688,0.004896341094597667,0.010595306731620603,-0.004131099237805059,28988000.0
2024-02-27,28988000.0,581090.0,2034.0,83.6500015258789,28597285.714285713,28010180.0,451180.13598269224,388683.88133411773,70.03623188405797,29066073.07443234,27011766.92556766,-0.004131099237805059,-0.008499459978242469,0.0027076939620032797,0.013479596860493182,0.011645115096524614,0.006091375492472853,-0.004966682111913847,0.0045286777043095925,0.017004100095796316,0.0,0.007992470771931773,-6.98458153910148e-05,0.008027784086065798,0.006714176451165029,0.012952588926504015,0.0,0.0004483609035430624,29001000.0
2024-02-28,29001000.0,584660.0,2033.0,83.68000030517578,28741714.285714287,28067113.333333332,463009.1285475008,403548.9307767944,80.21434460016488,29203734.349374387,26980255.650625613,0.0004483609035430624,0.006124831499510867,-0.0004917629801586159,0.00035855828948782513,-0.004131099237805059,-0.008499459978242469,0.0027076939620032797,0.011645115096524614,0.006091375492472853,-0.004966682111913847,0.0045286777043095925,0.017004100095796316,0.0,-0.009033742126738286,-0.009335820215468882,0.0,0.030595055641158005,29902000.0
2024-03-01,29902000.0,593130.0,2086.89990234375,83.55000305175781,28974857.14285714,28156480.0,538875.0443341993,430614.1534882754,86.64029214850882,29561508.89835376,26831181.10164624,0.030595055641158005,0.014383117564441147,0.026167129837550075,-0.0015547123960229685,0.0004483609035430624,0.006124831499510867,-0.0004917629801586159,-0.004131099237805059,-0.008499459978242469,0.0027076939620032797,0.011645115096524614,0.006091375492472853,-0.004966682111913847,0.009953868178136824,0.009213083179414128,0.007922794599725029,-0.001003780992369259,29872000.0
2024-03-02,29872000.0,593390.0,2086.89990234375,83.55000305175781,29183285.714285713,28248613.333333332,589779.9636048712,462447.31551159464,87.57305444478622,29832174.840094317,26793015.159905683,-0.001003780992369259,0.0004382564207285933,0.0,0.0,0.030595055641158005,0.014383117564441147,0.026167129837550075,0.0004483609035430624,0.006124831499510867,-0.0004917629801586159,-0.004131099237805059,-0.008499459978242469,0.0027076939620032797,0.005045615206574991,0.004234477018447432,-0.002568005317217988,0.03932113660558931,31070000.0
2024-03-03,31070000.0,605020.0,2086.89990234375,83.55000305175781,29530285.714285713,28373746.666666668,718508.5474938042,513659.5619080366,90.61120148733441,30404704.734048795,26564685.265951205,0.03932113660558931,0.01940965966005485,0.0,0.0,-0.001003780992369259,0.0004382564207285933,0.0,0.030595055641158005,0.014383117564441147,0.026167129837550075,0.0004483609035430624,0.006124831499510867,-0.0004917629801586159,0.007992470771931773,-6.98458153910148e-05,0.008027784086065798,0.01833743482231273,31645000.0
2024-03-04,31645000.0,609470.0,2117.699951171875,82.80000305175781,29940857.14285714,28510980.0,857045.0898854919,582336.6675035277,91.38041391081715,31025750.283462998,26339349.716537002,0.01833743482231273,0.0073282117015842875,0.014650906546489963,-0.009017193319336184,0.03932113660558931,0.01940965966005485,0.0,-0.001003780992369259,0.0004382564207285933,0.0,0.030595055641158005,0.014383117564441147,0.026167129837550075,0.0045286777043095925,0.017004100095796316,0.0,0.007775036412980312,31892000.0
2024-03-05,31892000.0,609890.0,2133.5,82.04000091552734,30338571.42857143,28639113.333333332,975521.9240683168,660973.7188164855,91.30247578040904,31595049.648734648,26171050.351265352,0.007775036412980312,0.000688886000212714,0.007433252615668022,-0.009221153884487994,0.01833743482231273,0.0073282117015842875,0.014650906546489963,0.03932113660558931,0.01940965966005485,0.0,-0.001003780992369259,0.0004382564207285933,0.0,0.011645115096524614,0.006091375492472853,-0.004966682111913847,-0.00028851521490675524,31882800.0
2024-03-06,31882800.0,605639.0,2150.300048828125,82.95999908447266,30752114.285714287,28769473.333333332,1056494.6924557947,740077.9135443473,90.74621517513214,32044553.412003156,26156326.587996844,-0.00028851521490675524,-0.006994514044566505,0.00784356635087546,0.011151608521799649,0.007775036412980312,0.000688886000212714,0.007433252615668022,0.01833743482231273,0.0073282117015842875,0.014650906546489963,0.03932113660558931,0.01940965966005485,0.0,-0.004131099237805059,-0.008499459978242469,0.0027076939620032797,-0.011793460116594224,31509000.0
2024-03-08,31509000.0,605340.0,2178.60009765625,82.08000183105469,31110400.0,28850073.333333332,1078076.2666345164,807677.5841623811,88.37513631406762,32330401.066928156,26271978.933071844,-0.011793460116594224,-0.0004938153445699731,0.013075123494645817,-0.010664149154873159,-0.00028851521490675524,-0.006994514044566505,0.00784356635087546,0.007775036412980312,0.000688886000212714,0.007433252615668022,0.01833743482231273,0.0073282117015842875,0.014650906546489963,0.0004483609035430624,0.006124831499510867,-0.0004917629801586159,-0.019161111698390024,30911000.0
2024-03-09,30911000.0,592850.0,2178.60009765625,82.08000183105469,31254542.85714286,28910173.333333332,1034995.4342487901,853141.154179663,76.93249031205384,32451219.58172206,26499360.41827794,-0.019161111698390024,-0.020848867744263398,0.0,0.0,-0.011793460116594224,-0.0004938153445699731,0.013075123494645817,-0.00028851521490675524,-0.006994514044566505,0.00784356635087546,0.007775036412980312,0.000688886000212714,0.007433252615668022,0.030595055641158005,0.014383117564441147,0.026167129837550075,0.012889303043362537,31312000.0
2024-03-10,31312000.0,599410.0,2178.60009765625,82.08000183105469,31460257.14285714,28992506.666666668,1021436.4295676835,886800.2092572672,78.08564231738035,32604780.713372942,26719499.286627058,0.012889303043362537,0.011004422189334465,0.0,0.0,-0.019161111698390024,-0.020848867744263398,0.0,-0.011793460116594224,-0.0004938153445699731,0.013075123494645817,-0.00028851521490675524,-0.006994514044566505,0.00784356635087546,-0.001003780992369259,0.0004382564207285933,0.0,-0.012145508037772349,30934000.0
2024-03-11,30934000.0,597090.0,2182.5,82.20999908447266,31440828.57142857,29092323.333333332,969019.1304065026,903243.9934871143,71.58727170024477,32673105.161689427,26967974.838310573,-0.012145508037772349,-0.003877982294175201,0.001788495240181465,0.001582534296964144,0.012889303043362537,0.011004422189334465,0.0,-0.019161111698390024,-0.020848867744263398,0.0,-0.011793460116594224,-0.0004938153445699731,0.013075123494645817,0.03932113660558931,0.01940965966005485,0.0,-0.0027839841878129494,30848000.0
2024-03-12,30848000.0,595340.0,2160.39990234375,81.91999816894531,31326971.42857143,29193423.333333332,910048.0939650424,904604.8135827,69.71710651224606,32720809.99588575,27199570.00411425,-0.0027839841878129494,-0.002935184885316991,-0.010177664197878154,-0.0035337990881388823,-0.012145508037772349,-0.003877982294175201,0.001788495240181465,0.012889303043362537,0.011004422189334465,0.0,-0.019161111698390024,-0.020848867744263398,0.0,0.01833743482231273,0.0073282117015842875,0.014650906546489963,0.007396077315939448,31077000.0
2024-03-13,31077000.0,593800.0,2175.39990234375,84.02999877929688,31210542.85714286,29311090.0,871742.6028047539,898032.3714271109,69.08315565031984,32781216.20894354,27422463.79105646,0.007396077315939448,-0.0025901085842624186,0.006919166252700285,0.02543072447367932,-0.0027839841878129494,-0.002935184885316991,-0.010177664197878154,-0.012145508037772349,-0.003877982294175201,0.001788495240181465,0.012889303043362537,0.011004422189334465,0.0,0.007775036412980312,0.000688886000212714,0.007433252615668022,0.009766484392801797,31382000.0
2024-03-15,31382000.0,601080.0,2157.300048828125,85.33999633789062,31139000.0,29436223.333333332,856127.2738010548,889651.3519018997,72.39895209580838,32813887.15798734,27728992.84201266,0.009766484392801797,0.012185474827866345,-0.008355048358115826,0.01546937143472626,0.007396077315939448,-0.0025901085842624186,0.006919166252700285,-0.0027839841878129494,-0.002935184885316991,-0.010177664197878154,-0.012145508037772349,-0.003877982294175201,0.001788495240181465,-0.00028851521490675524,-0.006994514044566505,0.00784356635087546,0.019720148740557362,32007000.0
2024-03-16,32007000.0,600260.0,2157.300048828125,85.33999633789062,31210142.85714286,29580193.333333332,883994.1553645246,888519.9125944248,75.23505708529214,32929698.137202676,27986881.862797324,0.019720148740557362,-0.001365142469820284,0.0,0.0,0.009766484392801797,0.012185474827866345,-0.008355048358115826,0.007396077315939448,-0.0025901085842624186,0.006919166252700285,-0.0027839841878129494,-0.002935184885316991,-0.010177664197878154,-0.011793460116594224,-0.0004938153445699731,0.013075123494645817,0.016392539727489535,32536000.0
2024-03-17,32536000.0,603510.0,2157.300048828125,85.33999633789062,31442285.714285713,29735326.666666668,937952.6049613804,898406.451067816,73.5852435530086,33105149.024163183,28223730.975836817,0.016392539727489535,0.005399715720884596,0.0,0.0,0.019720148740557362,-0.001365142469820284,0.0,0.009766484392801797,0.012185474827866345,-0.008355048358115826,0.007396077315939448,-0.0025901085842624186,0.006919166252700285,-0.019161111698390024,-0.020848867744263398,0.0,0.0027623479091874173,32626000.0
2024-03-23,32626000.0,618100.0,2157.300048828125,85.33999633789062,31630000.0,29905026.666666668,976718.3121388443,914068.8232820218,74.39759036144578,33259099.40432232,28468280.59567768,0.0027623479091874173,0.023887646256637435,0.0,0.0,0.016392539727489535,0.005399715720884596,0.0,0.019720148740557362,-0.001365142469820284,0.0,0.009766484392801797,0.012185474827866345,-0.008355048358115826,0.012889303043362537,0.011004422189334465,0.0,-0.010754614234229062,32277000.0
2024-03-24,32277000.0,614030.0,2157.300048828125,85.33999633789062,31821857.14285714,30064460.0,968119.1560854167,924878.8898427009,62.58602711157455,33298888.76056429,28779091.23943571,-0.010754614234229062,-0.0066064697768395,0.0,0.0,0.0027623479091874173,0.023887646256637435,0.0,0.016392539727489535,0.005399715720884596,0.0,0.019720148740557362,-0.001365142469820284,0.0,-0.012145508037772349,-0.003877982294175201,0.001788495240181465,-0.001550291765291618,32227000.0
2024-03-25,32227000.0,608380.0,2174.800048828125,86.75,32018857.14285714,30224393.333333332,946360.6246351749,929175.2368011958,56.81498829039813,33320234.46965282,29069645.53034718,-0.001550291765291618,-0.009244100153379009,0.008079266313078927,0.01638718397910739,-0.010754614234229062,-0.0066064697768395,0.0,0.0027623479091874173,0.023887646256637435,0.0,0.016392539727489535,0.005399715720884596,0.0,-0.0027839841878129494,-0.002935184885316991,-0.010177664197878154,0.011661040330575332,32605000.0
2024-03-26,32605000.0,613950.0,2175.60009765625,86.25,32237142.85714286,30392060.0,948682.4518506862,933076.679811094,58.100431720063625,33318046.6559221,29433533.3440779,0.011661040330575332,0.009113804871512622,0.0003678047123048936,-0.005780362915499425,-0.001550291765291618,-0.009244100153379009,0.008079266313078927,-0.010754614234229062,-0.0066064697768395,0.0,0.0027623479091874173,0.023887646256637435,0.0,0.007396077315939448,-0.0025901085842624186,0.006919166252700285,0.0039486422385265,32734000.0
2024-03-27,32734000.0,616580.0,2190.60009765625,86.08999633789062,32430285.714285713,30557660.0,949980.9495055638,936457.5337499881,59.41426296230755,33243733.78553041,29881146.21446959,0.0039486422385265,0.004274587380451429,0.006870990033479146,-0.0018568377797572885,0.011661040330575332,0.009113804871512622,0.0003678047123048936,-0.001550291765291618,-0.009244100153379009,0.008079266313078927,-0.010754614234229062,-0.0066064697768395,0.0,0.009766484392801797,0.012185474827866345,-0.008355048358115826,0.010665714380330545,33085000.0
2024-03-29,33085000.0,618334.0,2190.60009765625,86.08999633789062,32584285.714285713,30725326.666666668,968172.2972465046,942800.4864492913,67.51889728768342,33342610.489366926,30100569.510633074,0.010665714380330545,0.002840685552987294,0.0,0.0,0.0039486422385265,0.004274587380451429,0.006870990033479146,0.011661040330575332,0.009113804871512622,0.0003678047123048936,-0.001550291765291618,-0.009244100153379009,0.008079266313078927,0.019720148740557362,-0.001365142469820284,0.0,0.03766756101901646,34355000.0
2024-04-01,34355000.0,632900.0,2236.5,87.41999816894531,32844142.85714286,30929026.666666668,1072702.0164481327,968780.7924490597,83.30754352030948,33722230.38322312,30169249.61677688,0.03766756101901646,0.023283667241299138,0.020736620403576208,0.015330850357966871,0.010665714380330545,0.002840685552987294,0.0,0.0039486422385265,0.004274587380451429,0.006870990033479146,0.011661040330575332,0.009113804871512622,0.0003678047123048936,0.016392539727489535,0.005399715720884596,0.0,0.03272878838311539,35498000.0
2024-04-02,35498000.0,634740.0,2261.0,88.91999816894531,33254428.57142857,31179293.333333332,1233553.4828716516,1021735.3305335781,85.40257104194858,34500508.12120433,29833771.878795665,0.03272878838311539,0.002903034445478582,0.010895049405066982,0.017013000014158924,0.03766756101901646,0.023283667241299138,0.020736620403576208,0.010665714380330545,0.002840685552987294,0.0,0.0039486422385265,0.004274587380451429,0.006870990033479146,0.0027623479091874173,0.023887646256637435,0.0,0.012597092929972265,35948000.0
2024-04-03,35948000.0,641000.0,2294.39990234375,89.3499984741211,33778857.14285714,31435226.666666668,1381416.5579000935,1093671.5760068812,91.89505347593582,35246161.65097585,29518418.349024143,0.012597092929972265,0.00981399069393179,0.014664135564459967,0.00482415602405137,0.03272878838311539,0.002903034445478582,0.010895049405066982,0.03766756101901646,0.023283667241299138,0.020736620403576208,0.010665714380330545,0.002840685552987294,0.0,-0.010754614234229062,-0.0066064697768395,0.0,0.023668930694951906,36809000.0
2024-04-05,36809000.0,647000.0,2325.699951171875,91.16999816894533,34433428.571428575,31715093.333333332,1550204.8183024265,1184978.2244659902,94.09675987572126,36095427.62937863,29160852.370621365,0.023668930694951906,0.009316837580230539,0.013549719138757247,0.02016465098496177,0.012597092929972265,0.00981399069393179,0.014664135564459967,0.03272878838311539,0.002903034445478582,0.010895049405066982,0.03766756101901646,0.023283667241299138,0.020736620403576208,-0.001550291765291618,-0.009244100153379009,0.008079266313078927,-0.03542126250127774,35528000.0
2024-04-06,35528000.0,640000.0,2325.699951171875,91.16999816894533,34851000.0,31944660.0,1562592.1468990967,1260501.0089526116,78.49187043912431,36489478.22551705,29131321.774482947,-0.03542126250127774,-0.010878118147183017,0.0,0.0,0.023668930694951906,0.009316837580230539,0.013549719138757247,0.012597092929972265,0.00981399069393179,0.014664135564459967,0.03272878838311539,0.002903034445478582,0.010895049405066982,0.011661040330575332,0.009113804871512622,0.0003678047123048936,-0.007571941020077,35260000.0
2024-04-07,35260000.0,608700.0,2325.699951171875,91.16999816894533,35211857.14285714,32160960.0,1533111.0835842527,1315023.02387894,74.94211474144585,36778720.652435265,29217179.34756473,-0.007571941020077,-0.05014264085383883,0.0,0.0,-0.03542126250127774,-0.010878118147183017,0.0,0.023668930694951906,0.009316837580230539,0.013549719138757247,0.012597092929972265,0.00981399069393179,0.014664135564459967,0.0039486422385265,0.004274587380451429,0.006870990033479146,0.027331519321526797,36237000.0
2024-04-08,36237000.0,637000.0,2331.699951171875,90.37999725341795,35662142.85714286,32398593.333333332,1570479.3549633995,1366114.2900958317,76.0275658380507,37174165.808758415,29354334.191241585,0.027331519321526797,0.045444120072284634,0.002576546332762105,-0.008702901918985618,-0.007571941020077,-0.05014264085383883,0.0,-0.03542126250127774,-0.010878118147183017,0.0,0.023668930694951906,0.009316837580230539,0.013549719138757247,0.010665714380330545,0.002840685552987294,0.0,0.06808178516062484,38790000.0
2024-04-12,38790000.0,641000.0,2356.199951171875,90.4499969482422,36295714.28571428,32725326.666666668,1785517.409691073,1449994.91401488,80.80788177339902,38146433.75677252,29129866.243227478,0.06808178516062484,0.0062598013485067345,0.01045253677481826,0.0007742045077171017,0.027331519321526797,0.045444120072284634,0.002576546332762105,-0.007571941020077,-0.05014264085383883,0.0,-0.03542126250127774,-0.010878118147183017,0.0,0.03766756101901646,0.023283667241299138,0.020736620403576208,-0.037856343993186506,37349000.0
2024-04-13,37349000.0,618800.0,2356.199951171875,90.4499969482422,36560142.85714286,33003593.333333332,1818695.174395755,1523734.9660910552,70.5329971306843,38568782.42343498,29349017.57656502,-0.037856343993186506,-0.03524733822175895,0.0,0.0,0.06808178516062484,0.0062598013485067345,0.01045253677481826,0.027331519321526797,0.045444120072284634,0.002576546332762105,-0.007571941020077,-0.05014264085383883,0.0,0.03272878838311539,0.002903034445478582,0.010895049405066982,0.0022465308584499214,37433000.0
2024-04-14,37433000.0,638400.0,2356.199951171875,90.4499969482422,36772285.71428572,33254626.666666668,1830664.1333593056,1585120.7995447053,72.94410822356711,38903134.43972971,29673165.560270287,0.0022465308584499214,0.031182927436688056,0.0,0.0,-0.037856343993186506,-0.03524733822175895,0.0,0.06808178516062484,0.0062598013485067345,0.01045253677481826,0.027331519321526797,0.045444120072284634,0.002576546332762105,0.012597092929972265,0.00981399069393179,0.014664135564459967,0.012187339696148733,37892000.0
2024-04-15,37892000.0,619200.0,2365.800048828125,90.0999984741211,36927000.0,33521960.0,1855794.638150014,1639255.5672657671,74.32374409617861,39251952.666571595,30005847.3334284,0.012187339696148733,-0.03053672386008165,0.00406612066202905,-0.0038770304226830475,0.0022465308584499214,0.031182927436688056,0.0,-0.037856343993186506,-0.03524733822175895,0.0,0.06808178516062484,0.0062598013485067345,0.01045253677481826,0.023668930694951906,0.009316837580230539,0.013549719138757247,0.009874029802632843,38268000.0
2024-04-16,38268000.0,597900.0,2390.800048828125,90.0199966430664,37318428.571428575,33761893.333333336,1884329.4252293408,1688270.338858482,74.31933350511036,39603756.75179335,30342643.248206653,0.009874029802632843,-0.03500480638865858,0.010511806622644015,-0.0008883171050885048,0.012187339696148733,-0.03053672386008165,0.00406612066202905,0.0022465308584499214,0.031182927436688056,0.0,-0.037856343993186506,-0.03524733822175895,0.0,-0.03542126250127774,-0.010878118147183017,0.0,0.0007836376860543494,38298000.0
2024-04-17,38298000.0,600900.0,2371.699951171875,87.29000091552734,37752428.571428575,33983660.0,1887605.06268204,1728137.2836231939,74.0990990990991,39924602.01175834,30650897.988241658,0.0007836376860543494,0.005005015453023582,-0.00802108139040866,-0.030795911338210632,0.009874029802632843,-0.03500480638865858,0.010511806622644015,0.012187339696148733,-0.03053672386008165,0.00406612066202905,0.0022465308584499214,0.031182927436688056,0.0,-0.007571941020077,-0.05014264085383883,0.0,-0.04480313625561057,36620000.0
2024-04-19,36620000.0,629000.0,2398.39990234375,87.29000091552734,37807142.85714286,34141260.0,1734802.7266386375,1729470.3722262827,63.73242172325383,39975738.176366754,31008161.823633242,-0.04480313625561057,0.04570272536055823,0.011194830648051666,0.0,0.0007836376860543494,0.005005015453023582,-0.00802108139040866,0.009874029802632843,-0.03500480638865858,0.010511806622644015,0.012187339696148733,-0.03053672386008165,0.00406612066202905,0.027331519321526797,0.045444120072284634,0.002576546332762105,0.01372299354066691,37126000.0
2024-04-20,37126000.0,627600.0,2398.39990234375,87.29000091552734,37569428.571428575,34316033.333333336,1635680.637412168,1710712.4252634598,61.443792847113244,40044089.396633156,31389810.603366844,0.01372299354066691,-0.002228235841563047,0.0,0.0,-0.04480313625561057,0.04570272536055823,0.011194830648051666,0.0007836376860543494,0.005005015453023582,-0.00802108139040866,0.009874029802632843,-0.03500480638865858,0.010511806622644015,0.06808178516062484,0.0062598013485067345,0.01045253677481826,-0.019474070599689357,36410000.0
2024-04-21,36410000.0,640100.0,2398.39990234375,87.29000091552734,37435285.71428572,34479400.0,1482263.8365947157,1665022.707529711,53.9041095890411,39942833.25497473,31904366.745025273,-0.019474070599689357,0.019721393289080222,0.0,0.0,0.01372299354066691,-0.002228235841563047,0.0,-0.04480313625561057,0.04570272536055823,0.011194830648051666,0.0007836376860543494,0.005005015453023582,-0.00802108139040866,-0.037856343993186506,-0.03524733822175895,0.0,-0.021402918339768352,35639000.0
2024-04-22,35639000.0,618300.0,2332.199951171875,87.0,37179000.0,34637000.0,1283669.3192979023,1588752.0298833493,48.71260728272644,39723515.70177601,32464884.298223987,-0.021402918339768352,-0.03465063758343469,-0.02798980048135961,-0.0033278005810162474,-0.019474070599689357,0.019721393289080222,0.0,0.01372299354066691,-0.002228235841563047,0.0,-0.04480313625561057,0.04570272536055823,0.011194830648051666,0.0022465308584499214,0.031182927436688056,0.0,-0.008453373904199424,35339000.0
2024-04-23,35339000.0,613700.0,2327.699951171875,88.41999816894531,36814285.71428572,34771233.333333336,1089514.9901417345,1488904.6219350263,43.57517482517482,39494374.151397884,32967425.84860212,-0.008453373904199424,-0.007467567169471769,-0.001931372558694458,0.016190049034910167,-0.021402918339768352,-0.03465063758343469,-0.02798980048135961,-0.019474070599689357,0.019721393289080222,0.0,0.01372299354066691,-0.002228235841563047,0.0,0.012187339696148733,-0.03053672386008165,0.00406612066202905,-0.003032409403104826,35232000.0
2024-04-24,35232000.0,644200.0,2324.5,88.0199966430664,36380571.428571425,34914500.0,916448.0372115001,1374413.3049903212,48.55834794467173,39222899.88077077,33488700.119229224,-0.003032409403104826,0.048503027502047186,-0.0013756724603899396,-0.0045341444448541044,-0.008453373904199424,-0.007467567169471769,-0.001931372558694458,-0.021402918339768352,-0.03465063758343469,-0.02798980048135961,-0.019474070599689357,0.019721393289080222,0.0,0.009874029802632843,-0.03500480638865858,0.010511806622644015,-0.02506166342421484,34360000.0
2024-04-26,34360000.0,600600.0,2334.800048828125,89.5,35818000.0,35031566.666666664,700849.1648335457,1239700.476958966,45.860165593376266,39025213.74814961,33813886.25185039,-0.02506166342421484,-0.0700800813478685,0.004421293112190069,0.01667460203616985,-0.003032409403104826,0.048503027502047186,-0.0013756724603899396,-0.008453373904199424,-0.007467567169471769,-0.001931372558694458,-0.021402918339768352,-0.03465063758343469,-0.02798980048135961,0.0007836376860543494,0.005005015453023582,-0.00802108139040866,-0.032387303922203806,33265000.0
2024-04-27,33265000.0,620100.0,2334.800048828125,89.5,35338714.28571428,35104500.0,436595.3569609821,1079079.4529593694,36.47615580633418,39188987.5626764,33541112.437323596,-0.032387303922203806,0.03195159980660243,0.0,0.0,-0.02506166342421484,-0.0700800813478685,0.004421293112190069,-0.003032409403104826,0.048503027502047186,-0.0013756724603899396,-0.008453373904199424,-0.007467567169471769,-0.001931372558694458,-0.04480313625561057,0.04570272536055823,0.011194830648051666,0.050956547479733834,35004000.0
2024-04-28,35004000.0,627500.0,2334.800048828125,89.5,35035571.428571425,35225233.333333336,363307.0988618359,935924.9821398628,31.393748771378014,39204573.62218713,33476126.377812874,0.050956547479733834,0.011862915650106718,0.0,0.0,-0.032387303922203806,0.03195159980660243,0.0,-0.02506166342421484,-0.0700800813478685,0.004421293112190069,-0.003032409403104826,0.048503027502047186,-0.0013756724603899396,0.01372299354066691,-0.002228235841563047,0.0,-0.012476086740051564,34570000.0
2024-04-29,34570000.0,644100.0,2345.39990234375,88.4000015258789,34772714.28571428,35310666.666666664,267126.18896806985,802165.2235055042,34.8423693683866,39239816.44602629,33303083.553973712,-0.012476086740051564,0.026110322546906085,0.004529666146779777,-0.012366638376138472,0.050956547479733834,0.011862915650106718,0.0,-0.032387303922203806,0.03195159980660243,0.0,-0.02506166342421484,-0.0700800813478685,0.004421293112190069,-0.019474070599689357,0.019721393289080222,0.0,-0.005773068353934609,34371000.0
2024-04-30,34371000.0,631000.0,2291.39990234375,87.86000061035156,34591571.428571425,35371833.333333336,172851.95826533437,676302.5704574703,33.505709976298206,39223335.766256675,33075764.23374333,-0.005773068353934609,-0.02054813101163189,-0.02329297954868033,-0.006127341410172731,-0.012476086740051564,0.026110322546906085,0.004529666146779777,0.050956547479733834,0.011862915650106718,0.0,-0.032387303922203806,0.03195159980660243,0.0,-0.021402918339768352,-0.03465063758343469,-0.02798980048135961,0.0033692558521847345,34487000.0
2024-05-01,34487000.0,597300.0,2299.89990234375,83.44000244140625,34469857.14285714,35433866.666666664,106274.11987128109,562296.8803402324,30.95424544132453,39249853.139448285,32945146.86055171,0.0033692558521847345,-0.05488636280295287,0.0037026594091494527,-0.05161680554255898,-0.005773068353934609,-0.02054813101163189,-0.02329297954868033,-0.012476086740051564,0.026110322546906085,0.004529666146779777,0.050956547479733834,0.011862915650106718,0.0,-0.008453373904199424,-0.007467567169471769,-0.001931372558694458,-0.02516391567960502,33630000.0
2024-05-04,33630000.0,606100.0,2299.89990234375,83.44000244140625,34241000.0,35478966.666666664,-15463.777672439814,446744.748737698,25.382165605095537,39339176.15986178,32692823.84013822,-0.02516391567960502,0.014625489218979012,0.0,0.0,0.0033692558521847345,-0.05488636280295287,0.0037026594091494527,-0.005773068353934609,-0.02054813101163189,-0.02329297954868033,-0.012476086740051564,0.026110322546906085,0.004529666146779777,-0.003032409403104826,0.048503027502047186,-0.0013756724603899396,0.0389862338249911,34967000.0
2024-05-05,34967000.0,602200.0,2299.89990234375,83.44000244140625,34327714.28571428,35570300.0,-4010.976287357509,356593.6037326869,34.47375780740188,39306289.341531225,32598710.658468775,0.0389862338249911,-0.006455372909605925,0.0,0.0,-0.02516391567960502,0.014625489218979012,0.0,0.0033692558521847345,-0.05488636280295287,0.0037026594091494527,-0.005773068353934609,-0.02054813101163189,-0.02329297954868033,-0.02506166342421484,-0.0700800813478685,0.004421293112190069,-0.01987183780167566,34279000.0
2024-05-06,34279000.0,597200.0,2321.60009765625,83.33000183105469,34472571.428571425,35626100.0,-49875.46550089866,275299.7898859698,37.978843586320224,38877865.62131257,32576034.37868743,-0.01987183780167566,-0.008337550382598176,0.00939104394404558,-0.0013191895842891875,0.0389862338249911,-0.006455372909605925,0.0,-0.02516391567960502,0.014625489218979012,0.0,0.0033692558521847345,-0.05488636280295287,0.0037026594091494527,-0.032387303922203806,0.03195159980660243,0.0,-0.003184855648293217,34170000.0
2024-05-07,34170000.0,599500.0,2315.199951171875,83.16000366210938,34353428.571428575,35673966.666666664,-93935.9574431181,201452.64042015222,34.17558886509636,38695030.67495432,32440969.32504568,-0.003184855648293217,0.0038439088025335176,-0.002760589407145369,-0.002042143340929874,-0.01987183780167566,-0.008337550382598176,0.00939104394404558,0.0389862338249911,-0.006455372909605925,0.0,-0.02516391567960502,0.014625489218979012,0.0,0.050956547479733834,0.011862915650106718,0.0,-0.002490661312451919,34085000.0
2024-05-08,34085000.0,634600.0,2313.60009765625,83.58000183105469,34284142.85714286,35707300.0,-134166.41742699593,134328.8288507226,36.65173957974509,38465087.00266027,32336112.997339737,-0.002490661312451919,0.05689890468152627,-0.0006912606128823438,0.0050377719008577,-0.003184855648293217,0.0038439088025335176,-0.002760589407145369,-0.01987183780167566,-0.008337550382598176,0.00939104394404558,0.0389862338249911,-0.006455372909605925,0.0,-0.012476086740051564,0.026110322546906085,0.004529666146779777,-0.0010273722192272498,34050000.0
2024-05-10,34050000.0,633700.0,2367.300048828125,82.79000091552734,34238285.71428572,35697133.333333336,-166949.06935251504,74073.2492100751,40.03511852502195,38091723.013810836,32325276.986189164,-0.0010273722192272498,-0.0014192228196239097,0.022945290647084872,-0.009496986718434665,-0.002490661312451919,0.05689890468152627,-0.0006912606128823438,-0.003184855648293217,0.0038439088025335176,-0.002760589407145369,-0.01987183780167566,-0.008337550382598176,0.00939104394404558,-0.005773068353934609,-0.02054813101163189,-0.02329297954868033,-0.008908876292141025,33748000.0
2024-05-11,33748000.0,601600.0,2367.300048828125,82.79000091552734,34132714.28571428,35638800.0,-214822.09784854203,16294.179798351674,40.025078369905955,37546938.21692414,32418061.78307586,-0.008908876292141025,-0.0519828836938412,0.0,0.0,-0.0010273722192272498,-0.0014192228196239097,0.022945290647084872,-0.002490661312451919,0.05689890468152627,-0.0006912606128823438,-0.003184855648293217,0.0038439088025335176,-0.002760589407145369,0.0033692558521847345,-0.05488636280295287,0.0037026594091494527,-0.008391158230998452,33466000.0
2024-05-12,33466000.0,629000.0,2367.300048828125,82.79000091552734,34109285.71428572,35556066.666666664,-272377.06777735054,-41440.06971678877,39.16564417177914,36862342.00213464,32619457.997865353,-0.008391158230998452,0.04453848406481047,0.0,0.0,-0.008908876292141025,-0.0519828836938412,0.0,-0.0010273722192272498,-0.0014192228196239097,0.022945290647084872,-0.002490661312451919,0.05689890468152627,-0.0006912606128823438,-0.02516391567960502,0.014625489218979012,0.0,0.0002987660982457643,33476000.0
2024-05-13,33476000.0,595000.0,2336.10009765625,83.36000061035156,33896285.71428572,35444966.666666664,-313568.25996913016,-95865.70776725706,43.93523600439078,36581181.05583534,32586218.94416466,0.0002987660982457643,-0.055569851154810765,-0.013267171767020015,0.006861293117788952,-0.008391158230998452,0.04453848406481047,0.0,-0.008908876292141025,-0.0519828836938412,0.0,-0.0010273722192272498,-0.0014192228196239097,0.022945290647084872,0.0389862338249911,-0.006455372909605925,0.0,0.007351332977142103,33723000.0
2024-05-14,33723000.0,597300.0,2353.39990234375,82.37999725341797,33816857.14285714,35384800.0,-322563.4303761497,-141205.2522890356,53.55590062111801,36045511.361126706,32781588.638873294,0.007351332977142103,0.0038580941926304804,0.007378135479851928,-0.011825929659396871,0.0002987660982457643,-0.055569851154810765,-0.013267171767020015,-0.008391158230998452,0.04453848406481047,0.0,-0.008908876292141025,-0.0519828836938412,0.0,-0.01987183780167566,-0.008337550382598176,0.00939104394404558,-0.002404810778179173,33642000.0
2024-05-15,33642000.0,600600.0,2388.699951171875,82.75,33741428.571428575,35330866.666666664,-332396.5304913223,-179443.50792949292,35.759096612296105,35642209.891653776,32908090.108346228,-0.002404810778179173,0.0055096558109697,0.014888214910604233,0.004481358589636593,0.007351332977142103,0.0038580941926304804,0.007378135479851928,0.0002987660982457643,-0.055569851154810765,-0.013267171767020015,-0.008391158230998452,0.04453848406481047,0.0,-0.003184855648293217,0.0038439088025335176,-0.002760589407145369,-0.01751169187442891,33058000.0
2024-05-17,33058000.0,607700.0,2412.199951171875,83.9800033569336,33594714.28571428,35224900.0,-382899.4262454733,-220134.69159268902,34.67153284671534,35457213.61264505,32834986.387354948,-0.01751169187442891,0.011752183592079734,0.009789909462370457,0.014754700971886792,-0.002404810778179173,0.0055096558109697,0.014888214910604233,0.007351332977142103,0.0038580941926304804,0.007378135479851928,0.0002987660982457643,-0.055569851154810765,-0.013267171767020015,-0.002490661312451919,0.05689890468152627,-0.0006912606128823438,0.08547754149546996,36008000.0
2024-05-18,36008000.0,608600.0,2412.199951171875,83.9800033569336,33874428.571428575,35132166.666666664,-182776.0605115965,-212662.96537647053,60.65339060262918,35643978.96720872,32715121.03279128,0.08547754149546996,0.0014798983215611864,0.0,0.0,-0.01751169187442891,0.011752183592079734,0.009789909462370457,-0.002404810778179173,0.0055096558109697,0.014888214910604233,0.007351332977142103,0.0038580941926304804,0.007378135479851928,-0.0010273722192272498,-0.0014192228196239097,0.022945290647084872,-0.06633232336641291,33697000.0
2024-05-19,33697000.0,605600.0,2412.199951171875,83.9800033569336,33867142.85714286,35010433.333333336,-208254.60803620517,-211781.29390841746,46.00121482081393,35494052.00713905,32711547.992860954,-0.06633232336641291,-0.004941535339631653,0.0,0.0,0.08547754149546996,0.0014798983215611864,0.0,-0.01751169187442891,0.011752183592079734,0.009789909462370457,-0.002404810778179173,0.0055096558109697,0.014888214910604233,-0.008908876292141025,-0.0519828836938412,0.0,-0.004312338464654544,33552000.0
2024-05-20,33552000.0,604700.0,2433.89990234375,83.70999908447266,33879428.571428575,34881066.666666664,-237410.11270038038,-216907.05766681005,49.574514510146194,35469045.93981571,32655754.060184296,-0.004312338464654544,-0.0014872348440717635,0.008955695038778591,-0.0032202814939873313,-0.06633232336641291,-0.004941535339631653,0.0,0.08547754149546996,0.0014798983215611864,0.0,-0.01751169187442891,0.011752183592079734,0.009789909462370457,-0.008391158230998452,0.04453848406481047,0.0,-0.0056789464277004365,33362000.0
2024-05-21,33362000.0,601000.0,2421.699951171875,82.87999725341797,33863142.85714286,34730066.666666664,-272703.91136660427,-228066.42840676892,39.99251777029554,35462945.92148977,32671554.078510236,-0.0056789464277004365,-0.006137532743959687,-0.005025116242057949,-0.009964688363161176,-0.004312338464654544,-0.0014872348440717635,0.008955695038778591,-0.06633232336641291,-0.004941535339631653,0.0,0.08547754149546996,0.0014798983215611864,0.0,0.0002987660982457643,-0.055569851154810765,-0.013267171767020015,-0.0028215537254225923,33268000.0
2024-05-22,33268000.0,600700.0,2389.199951171875,81.9000015258789,33798142.85714286,34563400.0,-304746.5865453705,-243402.46003448925,43.19191919191919,35346462.94206707,32614437.057932924,-0.0028215537254225923,-0.000499292679091813,-0.01351119128257647,-0.011894735881886748,-0.0056789464277004365,-0.006137532743959687,-0.005025116242057949,-0.004312338464654544,-0.0014872348440717635,0.008955695038778591,-0.06633232336641291,-0.004941535339631653,0.0,0.007351332977142103,0.0038580941926304804,0.007378135479851928,-0.014838415364805442,32778000.0
2024-05-24,32778000.0,614500.0,2332.5,82.12000274658203,33674714.28571428,34379400.0,-365466.6701008603,-267815.3020477635,41.08378170637971,35327308.55088863,32454391.449111372,-0.014838415364805442,0.022713287149973838,-0.02401790769963312,0.0026826161066661903,-0.0028215537254225923,-0.000499292679091813,-0.01351119128257647,-0.0056789464277004365,-0.006137532743959687,-0.005025116242057949,-0.004312338464654544,-0.0014872348440717635,0.008955695038778591,-0.002404810778179173,0.0055096558109697,0.014888214910604233,0.003532711677441695,32894000.0
2024-05-25,32894000.0,612200.0,2332.5,82.12000274658203,33651285.71428572,34255200.0,-399620.9615463242,-294176.4339474756,42.40142911828506,35300615.92419545,32333384.07580455,0.003532711677441695,-0.0037499024947774246,0.0,0.0,-0.014838415364805442,0.022713287149973838,-0.02401790769963312,-0.0028215537254225923,-0.000499292679091813,-0.01351119128257647,-0.0056789464277004365,-0.006137532743959687,-0.005025116242057949,-0.01751169187442891,0.011752183592079734,0.009789909462370457,0.01950811459035879,33542000.0
2024-05-26,33542000.0,614100.0,2332.5,82.12000274658203,33299000.0,34135733.333333336,-370133.6290714443,-309367.87297226937,46.99408284023669,35223411.493210204,32316088.5067898,0.01950811459035879,0.0030987548240414297,0.0,0.0,0.003532711677441695,-0.0037499024947774246,0.0,-0.014838415364805442,0.022713287149973838,-0.02401790769963312,-0.0028215537254225923,-0.000499292679091813,-0.01351119128257647,0.08547754149546996,0.0014798983215611864,0.0,0.012532197733829156,33965000.0
2024-05-27,33965000.0,598200.0,2332.5,82.12000274658203,33337285.714285713,34054233.333333336,-309069.3813595399,-309308.1746497235,51.26589662816474,35241101.19331003,32331898.806689974,0.012532197733829156,-0.02623263513950586,0.0,0.0,0.01950811459035879,0.0030987548240414297,0.0,0.003532711677441695,-0.0037499024947774246,0.0,-0.014838415364805442,0.022713287149973838,-0.02401790769963312,-0.06633232336641291,-0.004941535339631653,0.0,-0.007773399864914597,33702000.0
2024-05-28,33702000.0,616500.0,2355.199951171875,84.22000122070312,33358714.285714287,33989666.666666664,-278684.92082902044,-303183.5238855829,51.37979420018709,35067548.349560685,32378951.650439315,-0.007773399864914597,0.030133176408551305,0.0096849750810076,0.025250811631310897,0.012532197733829156,-0.02623263513950586,0.0,0.01950811459035879,0.0030987548240414297,0.0,0.003532711677441695,-0.0037499024947774246,0.0,-0.004312338464654544,-0.0014872348440717635,0.008955695038778591,-0.0003561253598891392,33690000.0
2024-05-29,33690000.0,605400.0,2340.300048828125,83.5999984741211,33405571.42857143,33934700.0,-252660.80023298413,-293078.97915506316,51.25087678279168,35012396.319057345,32375203.680942655,-0.0003561253598891392,-0.018168926016780763,-0.0063464816760843545,-0.007388935389484824,-0.007773399864914597,0.030133176408551305,0.0096849750810076,0.012532197733829156,-0.02623263513950586,0.0,0.01950811459035879,0.0030987548240414297,0.0,-0.0056789464277004365,-0.006137532743959687,-0.005025116242057949,-0.010593161348438147,33335000.0
2024-05-31,33335000.0,599600.0,2322.89990234375,81.62000274658203,33415142.85714286,33871466.666666664,-257711.29492004216,-286005.44230805896,47.76033248672361,34959994.70750669,32344105.292493317,-0.010593161348438147,-0.009626630359175688,-0.007462784106295887,-0.023969138210010905,-0.0003561253598891392,-0.018168926016780763,-0.0063464816760843545,-0.007773399864914597,0.030133176408551305,0.0096849750810076,0.012532197733829156,-0.02623263513950586,0.0,-0.0028215537254225923,-0.000499292679091813,-0.01351119128257647,0.017839034085698306,33935000.0
2024-06-01,33935000.0,603100.0,2322.89990234375,81.62000274658203,33580428.571428575,33857300.0,-210868.10648488998,-270977.97514342517,51.595686744363356,34943732.49194192,32345367.508058075,0.017839034085698306,0.005820254228498455,0.0,0.0,-0.010593161348438147,-0.009626630359175688,-0.007462784106295887,-0.0003561253598891392,-0.018168926016780763,-0.0063464816760843545,-0.007773399864914597,0.030133176408551305,0.0096849750810076,-0.014838415364805442,0.022713287149973838,-0.02401790769963312,-0.010039917892341042,33596000.0
2024-06-04,33596000.0,599800.0,2325.5,77.5199966430664,33680714.28571428,33868333.333333336,-198807.28242333233,-256543.8365994066,53.010295434198746,34906993.33011823,32336706.66988177,-0.010039917892341042,-0.005486754142032418,0.0011187066440253757,-0.0515384393500919,0.017839034085698306,0.005820254228498455,0.0,-0.010593161348438147,-0.009626630359175688,-0.007462784106295887,-0.0003561253598891392,-0.018168926016780763,-0.0063464816760843545,0.003532711677441695,-0.0037499024947774246,0.0,0.003268850790447538,33706000.0
2024-06-05,33706000.0,601900.0,2354.10009765625,78.41000366210938,33704142.85714286,33825066.666666664,-178317.3800113052,-240898.54528178636,31.118766404199476,34904162.43990763,32335337.560092367,0.003268850790447538,0.003495052238816445,0.012223460620860391,0.011415592669038108,-0.010039917892341042,-0.005486754142032418,0.0011187066440253757,0.017839034085698306,0.005820254228498455,0.0,-0.010593161348438147,-0.009626630359175688,-0.007462784106295887,0.01950811459035879,0.0030987548240414297,0.0,-0.011277978535212037,33328000.0
2024-06-07,33328000.0,603900.0,2305.199951171875,79.62000274658203,33613142.85714286,33783666.666666664,-190385.7769248262,-230795.99161039433,45.56809992793658,34902213.33126082,32323486.668739177,-0.011277978535212037,0.003317302760130402,-0.020991110904231336,0.015313835120851528,0.003268850790447538,0.003495052238816445,0.012223460620860391,-0.010039917892341042,-0.005486754142032418,0.0011187066440253757,0.017839034085698306,0.005820254228498455,0.0,0.012532197733829156,-0.02623263513950586,0.0,6.0007801032074794e-05,33330000.0
2024-06-08,33330000.0,611600.0,2305.199951171875,79.62000274658203,33560000.0,33748966.666666664,-197511.89100893587,-224139.17149010266,47.23880597014925,34899819.552173816,32311280.44782618,6.0007801032074794e-05,0.012669852741051686,0.0,0.0,-0.011277978535212037,0.003317302760130402,-0.020991110904231336,0.003268850790447538,0.003495052238816445,0.012223460620860391,-0.010039917892341042,-0.005486754142032418,0.0011187066440253757,-0.007773399864914597,0.030133176408551305,0.0096849750810076,-0.006260178152349092,33122000.0
2024-06-09,33122000.0,608500.0,2305.199951171875,79.62000274658203,33478857.14285714,33703466.666666664,-217436.77365592495,-222798.69192326712,47.028231797919766,34886092.55381116,32264907.446188837,-0.006260178152349092,-0.005081561627325402,0.0,0.0,6.0007801032074794e-05,0.012669852741051686,0.0,-0.011277978535212037,0.003317302760130402,-0.020991110904231336,0.003268850790447538,0.003495052238816445,0.012223460620860391,-0.0003561253598891392,-0.018168926016780763,-0.0063464816760843545,-0.00426607608861766,32981000.0
2024-06-10,32981000.0,609900.0,2307.699951171875,81.62999725341797,33428285.714285713,33681833.333333336,-241817.38799580187,-226602.43113777408,46.487148102815176,34879061.02872349,32205838.971276507,-0.00426607608861766,0.002298096874828785,0.0010839169709689002,0.02493145574823807,-0.006260178152349092,-0.005081561627325402,0.0,6.0007801032074794e-05,0.012669852741051686,0.0,-0.011277978535212037,0.003317302760130402,-0.020991110904231336,-0.010593161348438147,-0.009626630359175688,-0.007462784106295887,0.0071903633053994505,33219000.0
2024-06-11,33219000.0,608300.0,2307.5,81.91999816894531,33326000.0,33623566.666666664,-239177.5002222471,-229117.4449546687,55.75267414557787,34876724.955118455,32224275.04488154,0.0071903633053994505,-0.0026268279757509405,-8.664897474244984e-05,0.003546331122914942,-0.00426607608861766,0.002298096874828785,0.0010839169709689002,-0.006260178152349092,-0.005081561627325402,0.0,6.0007801032074794e-05,0.012669852741051686,0.0,0.017839034085698306,0.005820254228498455,0.0,-0.003196046862147132,33113000.0
2024-06-12,33113000.0,615900.0,2336.0,82.5999984741211,33257000.0,33584700.0,-242839.38301821798,-231861.8325673786,52.86424274130265,34068708.87782292,32742791.122177083,-0.003196046862147132,0.012416431366337962,0.012275377571110555,0.008266523114366264,0.0071903633053994505,-0.0026268279757509405,-8.664897474244984e-05,-0.00426607608861766,0.002298096874828785,0.0010839169709689002,-0.006260178152349092,-0.005081561627325402,0.0,-0.010039917892341042,-0.005486754142032418,0.0011187066440253757,0.011589633117275896,33499000.0
2024-06-14,33499000.0,596500.0,2331.39990234375,82.62000274658203,33227428.57142857,33562333.333333336,-212148.95634248853,-227919.25732240058,49.39623701207526,34046291.55852209,32745408.441477913,0.011589633117275896,-0.03200537115502682,-0.0019711613497718147,0.0002421531583450398,-0.003196046862147132,0.012416431366337962,0.012275377571110555,0.0071903633053994505,-0.0026268279757509405,-8.664897474244984e-05,-0.00426607608861766,0.002298096874828785,0.0010839169709689002,0.003268850790447538,0.003495052238816445,0.012223460620860391,0.004735181651671875,33658000.0
2024-06-15,33658000.0,602600.0,2331.39990234375,82.62000274658203,33274571.42857143,33548100.0,-173002.33764962852,-216935.87338784616,45.34425235062178,34058638.130771406,32743661.869228598,0.004735181651671875,0.010174385158229968,0.0,0.0,0.011589633117275896,-0.03200537115502682,-0.0019711613497718147,-0.003196046862147132,0.012416431366337962,0.012275377571110555,0.0071903633053994505,-0.0026268279757509405,-8.664897474244984e-05,-0.011277978535212037,0.003317302760130402,-0.020991110904231336,-0.002945685513657579,33559000.0
2024-06-17,33559000.0,604700.0,2312.39990234375,84.25,33307285.714285713,33531733.333333332,-148257.8091848567,-203200.2605472483,47.71784232365145,34071912.28815296,32750087.711847033,-0.002945685513657579,0.0034788405829662876,-0.008182999621581656,0.01953675402030398,0.004735181651671875,0.010174385158229968,0.0,0.011589633117275896,-0.03200537115502682,-0.0019711613497718147,-0.003196046862147132,0.012416431366337962,0.012275377571110555,6.0007801032074794e-05,0.012669852741051686,0.0,0.0018844535230010282,33622300.0
2024-06-18,33622300.0,596100.0,2330.39990234375,85.33000183105469,33378757.14285714,33527543.333333332,-122131.9500265792,-186986.5984431145,48.93697201896806,34092475.620372966,32764954.379627034,0.0018844535230010282,-0.014324029053286337,0.007753980763100305,0.012737544774532372,-0.002945685513657579,0.0034788405829662876,-0.008182999621581656,0.004735181651671875,0.010174385158229968,0.0,0.011589633117275896,-0.03200537115502682,-0.0019711613497718147,-0.006260178152349092,-0.005081561627325402,0.0,0.001387995402003401,33669000.0
2024-06-19,33669000.0,614800.0,2330.39990234375,85.33000183105469,33477042.85714286,33534310.0,-96545.7988338992,-168898.43852127143,55.80667593880389,34069279.67405108,32877250.325948916,0.001387995402003401,0.030888573438559982,0.0,0.0,0.0018844535230010282,-0.014324029053286337,0.007753980763100305,-0.002945685513657579,0.0034788405829662876,-0.008182999621581656,0.004735181651671875,0.010174385158229968,0.0,-0.00426607608861766,0.002298096874828785,0.0010839169709689002,-0.0009508811223704713,33637000.0
2024-06-21,33637000.0,601200.0,2316.39990234375,85.23999786376953,33536757.14285714,33539676.666666668,-77952.13851103932,-150709.178519225,43.54419410745234,34043729.92532926,32977100.07467074,-0.0009508811223704713,-0.022369353785621403,-0.006025670546860245,-0.0010553318379491908,0.001387995402003401,0.030888573438559982,0.0,0.0018844535230010282,-0.014324029053286337,0.007753980763100305,-0.002945685513657579,0.0034788405829662876,-0.008182999621581656,0.0071903633053994505,-0.0026268279757509405,-8.664897474244984e-05,0.013582752299860864,34097000.0
2024-06-22,34097000.0,602700.0,2316.39990234375,85.23999786376953,33677328.571428575,33552143.333333332,-25800.955767937005,-125727.53396896741,60.31288596130094,34132648.57872058,32943681.42127942,0.013582752299860864,0.0024919026101788964,0.0,0.0,-0.0009508811223704713,-0.022369353785621403,-0.006025670546860245,0.001387995402003401,0.030888573438559982,0.0,0.0018844535230010282,-0.014324029053286337,0.007753980763100305,-0.003196046862147132,0.012416431366337962,0.012275377571110555,0.014759878438409006,34604000.0
2024-06-23,34604000.0,604500.0,2316.39990234375,85.23999786376953,33835185.71428572,33584210.0,55796.70542131364,-89422.6860909112,65.88818117480538,34311678.21737828,32828551.78262172,0.014759878438409006,0.0029821095658488866,0.0,0.0,0.013582752299860864,0.0024919026101788964,0.0,-0.0009508811223704713,-0.022369353785621403,-0.006025670546860245,0.001387995402003401,0.030888573438559982,0.0,0.011589633117275896,-0.03200537115502682,-0.0019711613497718147,-0.006465196108132505,34381000.0
2024-06-25,34381000.0,601200.0,2316.60009765625,85.01000213623047,33938471.428571425,33628310.0,101301.46327133477,-51277.85621846201,69.71171845750655,34428582.69704285,32779547.302957147,-0.006465196108132505,-0.005474012176027902,8.64214602308624e-05,-0.0027018604106204985,0.014759878438409006,0.0029821095658488866,0.0,0.013582752299860864,0.0024919026101788964,0.0,-0.0009508811223704713,-0.022369353785621403,-0.006025670546860245,0.004735181651671875,0.010174385158229968,0.0,0.017300970736275186,34981000.0
2024-06-26,34981000.0,603200.0,2299.199951171875,85.25,34141614.28571428,33594076.666666664,183662.15431313217,-4289.854112143177,75.25237075558275,34698118.807462096,32639111.192537904,0.017300970736275186,0.0033211588149269795,-0.0075394205654809275,0.0028191944051921738,-0.006465196108132505,-0.005474012176027902,8.64214602308624e-05,0.014759878438409006,0.0029821095658488866,0.0,0.013582752299860864,0.0024919026101788964,0.0,-0.002945685513657579,0.0034788405829662876,-0.008182999621581656,0.004079600551478618,35124000.0
2024-06-28,35124000.0,610200.0,2327.699951171875,86.41000366210938,34356142.85714286,33641643.333333336,257504.15265855193,48068.94724199585,81.2421972534332,34961677.230395615,32554452.76960439,0.004079600551478618,0.011537955588822925,0.012319419503275478,0.013515336070300806,0.017300970736275186,0.0033211588149269795,-0.0075394205654809275,-0.006465196108132505,-0.005474012176027902,8.64214602308624e-05,0.014759878438409006,0.0029821095658488866,0.0,0.0018844535230010282,-0.014324029053286337,0.007753980763100305,0.010140868140707726,35482000.0
2024-06-29,35482000.0,616910.0,2327.699951171875,86.41000366210938,34615142.85714286,33705976.666666664,340981.4544658363,106651.44868676394,86.55363928675825,35264601.507330954,32406228.492669046,0.010140868140707726,0.010936373884313068,0.0,0.0,0.004079600551478618,0.011537955588822925,0.012319419503275478,0.017300970736275186,0.0033211588149269795,-0.0075394205654809275,-0.006465196108132505,-0.005474012176027902,8.64214602308624e-05,0.001387995402003401,0.030888573438559982,0.0,-0.0049726044713656265,35306000.0
2024-06-30,35306000.0,613620.0,2327.699951171875,86.41000366210938,34853571.428571425,33770776.666666664,388458.18432092667,163012.7958135965,81.06579339089015,35487763.835317835,32354066.16468217,-0.0049726044713656265,-0.0053473021209059545,0.0,0.0,0.010140868140707726,0.010936373884313068,0.0,0.004079600551478618,0.011537955588822925,0.012319419503275478,0.017300970736275186,0.0033211588149269795,-0.0075394205654809275,-0.0009508811223704713,-0.022369353785621403,-0.006025670546860245,-0.014866661791486584,34785000.0
2024-07-01,34785000.0,608140.0,2327.60009765625,86.5999984741211,34951857.14285714,33821343.333333336,379666.9249843657,206343.62164775032,72.15156332803392,35584282.34638412,32365447.653615877,-0.014866661791486584,-0.008970725428406698,-4.2898852745440194e-05,0.0021963457146134883,-0.0049726044713656265,-0.0053473021209059545,0.0,0.010140868140707726,0.010936373884313068,0.0,0.004079600551478618,0.011537955588822925,0.012319419503275478,0.013582752299860864,0.0024919026101788964,0.0,0.0007184424477429251,34810000.0
2024-07-02,34810000.0,603750.0,2323.0,86.23999786376953,34981285.71428572,33889076.666666664,370446.79957841337,239164.25723388296,69.20597714620568,35669410.998742975,32428519.001257025,0.0007184424477429251,-0.007244913650787304,-0.0019782819678747557,-0.00416571555861527,-0.014866661791486584,-0.008970725428406698,-4.2898852745440194e-05,-0.0049726044713656265,-0.0053473021209059545,0.0,0.010140868140707726,0.010936373884313068,0.0,0.014759878438409006,0.0029821095658488866,0.0,0.003698981980716507,34939000.0
2024-07-03,34939000.0,608760.0,2359.800048828125,87.33999633789062,35061000.0,33957243.333333336,369292.0369432196,265189.8131757503,68.93289979308307,35759305.04766386,32499524.952336144,0.003698981980716507,0.00826389639981644,0.01571743658704651,0.012674423738139335,0.0007184424477429251,-0.007244913650787304,-0.0019782819678747557,-0.014866661791486584,-0.008970725428406698,-4.2898852745440194e-05,-0.0049726044713656265,-0.0053473021209059545,0.0,-0.006465196108132505,-0.005474012176027902,8.64214602308624e-05,-0.017846272079654394,34321000.0
2024-07-05,34321000.0,598300.0,2388.5,86.54000091552734,34966714.28571428,33983210.0,314879.7068222761,275127.79190505546,59.76422347514095,35749966.24887814,32628763.75112186,-0.017846272079654394,-0.017331800970612807,0.012088663472560882,-0.009201760752087007,0.003698981980716507,0.00826389639981644,0.01571743658704651,0.0007184424477429251,-0.007244913650787304,-0.0019782819678747557,-0.014866661791486584,-0.008970725428406698,-4.2898852745440194e-05,0.017300970736275186,0.0033211588149269795,-0.0075394205654809275,-0.0019540655142323226,34254000.0
2024-07-06,34254000.0,588510.0,2388.5,86.54000091552734,34842428.571428575,33992843.333333336,263315.8617779836,272765.4058796411,58.086898635327856,35706252.22013992,32799777.77986008,-0.0019540655142323226,-0.016498381486582205,0.0,0.0,-0.017846272079654394,-0.017331800970612807,0.012088663472560882,0.003698981980716507,0.00826389639981644,0.01571743658704651,0.0007184424477429251,-0.007244913650787304,-0.0019782819678747557,0.004079600551478618,0.011537955588822925,0.012319419503275478,-0.013105885336476282,33808000.0
2024-07-07,33808000.0,588520.0,2388.5,86.54000091552734,34603285.71428572,33996376.666666664,184337.73974295706,255079.87265230433,51.61440185830429,35669853.51732311,32895076.482676893,-0.013105885336476282,1.6991920342238093e-05,0.0,0.0,-0.0019540655142323226,-0.016498381486582205,0.0,-0.017846272079654394,-0.017331800970612807,0.012088663472560882,0.003698981980716507,0.00826389639981644,0.01571743658704651,0.010140868140707726,0.010936373884313068,0.0,-0.0118721361113176,33409000.0
2024-07-08,33409000.0,588790.0,2355.199951171875,85.75,34332285.71428572,33987010.0,88530.51889223605,221770.00190029066,47.55993150684932,35637644.73295866,32956885.26704134,-0.0118721361113176,0.00045867274504351893,-0.01403992502750996,-0.009170659329928407,-0.013105885336476282,1.6991920342238093e-05,0.0,-0.0019540655142323226,-0.016498381486582205,0.0,-0.017846272079654394,-0.017331800970612807,0.012088663472560882,-0.0049726044713656265,-0.0053473021209059545,0.0,0.004807486229560343,33570000.0
2024-07-09,33570000.0,585100.0,2360.10009765625,84.66000366210938,34158714.28571428,33994843.333333336,25302.29151469469,182476.45982317146,43.97438829179053,35632641.60523848,32968988.394761518,0.004807486229560343,-0.00628681078059928,0.002078403578812869,-0.012792807696606224,-0.0118721361113176,0.00045867274504351893,-0.01403992502750996,-0.013105885336476282,1.6991920342238093e-05,0.0,-0.0019540655142323226,-0.016498381486582205,0.0,-0.014866661791486584,-0.008970725428406698,-4.2898852745440194e-05,0.004547286155826122,33723000.0
2024-07-10,33723000.0,579650.0,2372.199951171875,85.08000183105469,34003428.571428575,33987776.666666664,-12318.710465036333,143517.42576552992,39.03956208011943,35629589.1509841,32978540.849015903,0.004547286155826122,-0.009358299677779947,0.00511374163037859,0.00494873350415741,0.004807486229560343,-0.00628681078059928,0.002078403578812869,-0.0118721361113176,0.00045867274504351893,-0.01403992502750996,-0.013105885336476282,1.6991920342238093e-05,0.0,0.0007184424477429251,-0.007244913650787304,-0.0019782819678747557,0.0036111808128012632,33845000.0
2024-07-12,33845000.0,579900.0,2414.0,85.02999877929688,33847142.85714286,33996076.666666664,-31921.276569202542,108429.68529858343,43.159775395610005,35615921.15033153,33020808.849668477,0.0036111808128012632,0.00043120176598438685,0.017467348645779028,-0.0005878908120458062,0.004547286155826122,-0.009358299677779947,0.00511374163037859,0.004807486229560343,-0.00628681078059928,0.002078403578812869,-0.0118721361113176,0.00045867274504351893,-0.01403992502750996,0.003698981980716507,0.00826389639981644,0.01571743658704651,0.004157397151342796,33986000.0
2024-07-13,33986000.0,579170.0,2414.0,85.02999877929688,33799285.71428572,34005410.0,-35667.77392638475,79610.19345358979,35.617230413414276,35602849.45323496,33070250.546765037,0.004157397151342796,-0.0012596307324361275,0.0,0.0,0.0036111808128012632,0.00043120176598438685,0.017467348645779028,0.004547286155826122,-0.009358299677779947,0.00511374163037859,0.004807486229560343,-0.00628681078059928,0.002078403578812869,-0.017846272079654394,-0.017331800970612807,0.012088663472560882,-0.0006769783478317175,33963000.0
2024-07-16,33963000.0,573300.0,2462.39990234375,83.7300033569336,33757714.28571428,34026576.666666664,-40031.3513552174,55681.88449182835,32.61455525606469,35591478.14115197,33111021.858848028,-0.0006769783478317175,-0.010186904235621635,0.01985132176816632,-0.015406744732851517,0.004157397151342796,-0.0012596307324361275,0.0,0.0036111808128012632,0.00043120176598438685,0.017467348645779028,0.004547286155826122,-0.009358299677779947,0.00511374163037859,-0.0019540655142323226,-0.016498381486582205,0.0,-0.0023877968453273903,33882000.0
2024-07-17,33882000.0,572200.0,2454.800048828125,85.08000183105469,33768285.71428572,34044976.666666664,-49455.449325323105,34654.41772839806,23.87328543435663,35578609.17854713,33148390.82145287,-0.0023877968453273903,-0.0019205592983271849,-0.0030911330198242796,0.015994635544897266,-0.0006769783478317175,-0.010186904235621635,0.01985132176816632,0.004157397151342796,-0.0012596307324361275,0.0,0.0036111808128012632,0.00043120176598438685,0.017467348645779028,-0.013105885336476282,1.6991920342238093e-05,0.0,-0.007733028180754046,33621000.0
2024-07-19,33621000.0,575770.0,2395.5,82.62999725341797,33798571.428571425,34061610.0,-77095.9198224172,12304.35021823501,23.22847156021608,35594776.781044014,33084623.21895599,-0.007733028180754046,0.006219694780633768,-0.024453334082641946,-0.029219234380034063,-0.0023877968453273903,-0.0019205592983271849,-0.0030911330198242796,-0.0006769783478317175,-0.010186904235621635,0.01985132176816632,0.004157397151342796,-0.0012596307324361275,0.0,-0.0118721361113176,0.00045867274504351893,-0.01403992502750996,-0.0026804876664164286,33531000.0
2024-07-20,33531000.0,576110.0,2395.5,82.62999725341797,33793000.0,34079943.333333336,-105052.46029936522,-11167.011885285037,26.914580265095722,35584539.725958996,32987560.27404101,-0.0026804876664164286,0.0005903392885963035,0.0,0.0,-0.007733028180754046,0.006219694780633768,-0.024453334082641946,-0.0023877968453273903,-0.0019205592983271849,-0.0030911330198242796,-0.0006769783478317175,-0.010186904235621635,0.01985132176816632,0.004807486229560343,-0.00628681078059928,0.002078403578812869,-0.0028372202346744306,33436000.0
2024-07-21,33436000.0,575960.0,2395.5,82.62999725341797,33752000.0,34087176.666666664,-133336.90129640698,-35600.989767509425,25.340990667623828,35590428.81855852,32887171.18144148,-0.0028372202346744306,-0.000260400845170189,0.0,0.0,-0.0026804876664164286,0.0005903392885963035,0.0,-0.007733028180754046,0.006219694780633768,-0.024453334082641946,-0.0023877968453273903,-0.0019205592983271849,-0.0030911330198242796,0.004547286155826122,-0.009358299677779947,0.00511374163037859,0.005785361915268448,33630000.0
2024-07-22,33630000.0,581760.0,2392.0,82.4000015258789,33721285.71428572,34104410.0,-138501.78354427963,-56181.14852286347,27.043142756927395,35501568.02687612,32840931.973123875,0.005785361915268448,0.010019777708989541,-0.0014621412526544951,-0.00278732204019272,-0.0028372202346744306,-0.000260400845170189,0.0,-0.0026804876664164286,0.0005903392885963035,0.0,-0.007733028180754046,0.006219694780633768,-0.024453334082641946,0.0036111808128012632,0.00043120176598438685,0.017467348645779028,0.009705941141641796,33958000.0
2024-07-23,33958000.0,584600.0,2404.60009765625,81.01000213623047,33717285.71428572,34119710.0,-114804.73364111036,-67905.86554651285,42.91292463881297,35367504.56133579,32858395.438664213,0.009705941141641796,0.0048698611280861785,0.005253774082549602,-0.01701282522101405,0.005785361915268448,0.010019777708989541,-0.0014621412526544951,-0.0028372202346744306,-0.000260400845170189,0.0,-0.0026804876664164286,0.0005903392885963035,0.0,0.004157397151342796,-0.0012596307324361275,0.0,-0.006618236057997317,33734000.0
2024-07-24,33734000.0,587610.0,2413.300048828125,81.70999908447266,33684571.428571425,34122243.333333336,-112799.29871821404,-76884.55218085309,40.43414275202355,35110624.71971677,32940475.280283228,-0.006618236057997317,0.005135609857615827,0.0036115155414233003,0.008603751979662684,0.009705941141641796,0.0048698611280861785,0.005253774082549602,0.005785361915268448,0.010019777708989541,-0.0014621412526544951,-0.0028372202346744306,-0.000260400845170189,0.0,-0.0006769783478317175,-0.010186904235621635,0.01985132176816632,0.004377669082931876,33882000.0
2024-07-26,33882000.0,586460.0,2380.0,81.12999725341797,33684571.428571425,34133010.0,-98136.35912086815,-81134.91356885611,51.528925619834716,34857240.62693691,33051459.373063084,0.004377669082931876,-0.001958997960559377,-0.013894638028974896,-0.007123609639135777,-0.006618236057997317,0.005135609857615827,0.0036115155414233003,0.009705941141641796,0.0048698611280861785,0.005253774082549602,0.005785361915268448,0.010019777708989541,-0.0014621412526544951,-0.0023877968453273903,-0.0019205592983271849,-0.0030911330198242796,0.005298493497889425,34062000.0
2024-07-27,34062000.0,590840.0,2380.0,81.12999725341797,33747571.428571425,34147666.666666664,-71170.96360590309,-79142.1235762655,64.83416628805088,34734833.29398336,33101566.70601664,0.005298493497889425,0.007440788598196831,0.0,0.0,0.004377669082931876,-0.001958997960559377,-0.013894638028974896,-0.006618236057997317,0.005135609857615827,0.0036115155414233003,0.009705941141641796,0.0048698611280861785,0.005253774082549602,-0.007733028180754046,0.006219694780633768,-0.024453334082641946,0.006350528358849491,34279000.0
2024-07-28,34279000.0,589400.0,2380.0,81.12999725341797,33854428.571428575,34168000.0,-31922.62280521542,-69698.22342205548,65.70669029685423,34615455.52055021,33167844.479449794,0.006350528358849491,-0.0024401828688047204,0.0,0.0,0.005298493497889425,0.007440788598196831,0.0,0.004377669082931876,-0.001958997960559377,-0.013894638028974896,-0.006618236057997317,0.005135609857615827,0.0036115155414233003,-0.0026804876664164286,0.0005903392885963035,0.0,0.00978308114708997,34616000.0
2024-07-29,34616000.0,593500.0,2377.300048828125,79.77999877929688,34023000.0,34200633.333333336,26074.48321019858,-50543.68209560467,68.2916837361737,34509787.49915078,33241212.500849217,0.00978308114708997,0.00693214374612845,-0.0011350772219737724,-0.016779941376492632,0.006350528358849491,-0.0024401828688047204,0.0,0.005298493497889425,0.007440788598196831,0.0,0.004377669082931876,-0.001958997960559377,-0.013894638028974896,-0.0028372202346744306,-0.000260400845170189,0.0,0.028787774441297685,35627000.0
2024-07-30,35627000.0,600400.0,2405.0,78.62999725341797,34308285.71428572,34251633.333333336,151866.23882671446,-10061.697911140844,76.75675675675676,34934996.125944026,32946603.87405597,0.028787774441297685,0.011558885709584056,0.011584493096314897,-0.014519560103429422,0.00978308114708997,0.00693214374612845,-0.0011350772219737724,0.006350528358849491,-0.0024401828688047204,0.0,0.005298493497889425,0.007440788598196831,0.0,0.005785361915268448,0.010019777708989541,-0.0014621412526544951,0.014739132572283193,36156000.0
2024-07-31,36156000.0,606000.0,2426.5,80.72000122070312,34622285.71428572,34303366.666666664,290889.7939242497,50128.60045593727,79.18235610543303,35436889.10924052,32634910.890759483,0.014739132572283193,0.009283886310007658,0.008899986305409351,0.026233120095073805,0.028787774441297685,0.011558885709584056,0.011584493096314897,0.00978308114708997,0.00693214374612845,-0.0011350772219737724,0.006350528358849491,-0.0024401828688047204,0.0,0.009705941141641796,0.0048698611280861785,0.005253774082549602,0.02239909866069892,36975000.0
2024-08-02,36975000.0,615270.0,2425.699951171875,76.80999755859375,35085285.71428572,34389833.333333336,461829.7326026708,132468.82688528398,83.3628710677891,36108629.698904835,32279870.301095165,0.02239909866069892,0.015181209784436532,-0.00032976746359427193,-0.049651582942453476,0.014739132572283193,0.009283886310007658,0.008899986305409351,0.028787774441297685,0.011558885709584056,0.011584493096314897,0.00978308114708997,0.00693214374612845,-0.0011350772219737724,-0.006618236057997317,0.005135609857615827,0.0036115155414233003,-0.026750848304340862,35999000.0
2024-08-03,35999000.0,609000.0,2425.699951171875,76.80999755859375,35387714.28571428,34423766.666666664,512636.46823274344,208502.3551547759,69.5692364577556,36360937.72873422,32286562.271265782,-0.026750848304340862,-0.010242928143854003,0.0,0.0,0.02239909866069892,0.015181209784436532,-0.00032976746359427193,0.014739132572283193,0.009283886310007658,0.008899986305409351,0.028787774441297685,0.011558885709584056,0.011584493096314897,0.004377669082931876,-0.001958997960559377,-0.013894638028974896,-0.011089344237281393,35602000.0
2024-08-04,35602000.0,614900.0,2425.699951171875,76.80999755859375,35607714.28571428,34439700.0,514930.7885328531,269788.0418303914,67.8629395852119,36506466.52978066,32344233.470219333,-0.011089344237281393,0.009641385249527084,0.0,0.0,-0.026750848304340862,-0.010242928143854003,0.0,0.02239909866069892,0.015181209784436532,-0.00032976746359427193,0.014739132572283193,0.009283886310007658,0.008899986305409351,0.005298493497889425,0.007440788598196831,0.0,-0.011412553247221992,35198000.0
2024-08-05,35198000.0,611400.0,2401.699951171875,76.30000305175781,35739000.0,34430233.333333336,478632.2555653304,311556.8845773792,64.22597712920293,36579959.1241929,32418240.8758071,-0.011412553247221992,-0.0057082435026899365,-0.00994332279261066,-0.006661829938348533,-0.011089344237281393,0.009641385249527084,0.0,-0.026750848304340862,-0.010242928143854003,0.0,0.02239909866069892,0.015181209784436532,-0.00032976746359427193,0.006350528358849491,-0.0024401828688047204,0.0,0.017684623984891127,35826000.0
2024-08-06,35826000.0,614010.0,2389.10009765625,76.4800033569336,35911857.14285714,34447566.666666664,494835.60146752,348212.62795540737,68.69524405506884,36735732.42931244,32460567.57068756,0.017684623984891127,0.004259805202733564,-0.005260032745343863,0.0023563343488685966,-0.011412553247221992,-0.0057082435026899365,-0.00994332279261066,-0.011089344237281393,0.009641385249527084,0.0,-0.026750848304340862,-0.010242928143854003,0.0,0.00978308114708997,0.00693214374612845,-0.0011350772219737724,-0.005963147053403719,35613000.0
2024-08-07,35613000.0,610000.0,2390.5,78.33000183105469,35909857.14285714,34475166.666666664,484899.92544823885,375550.08745397365,65.4656059897052,36842675.78427742,32516324.215722583,-0.005963147053403719,-0.006552257492110661,0.0005857822224360302,0.02390138211920286,0.017684623984891127,0.004259805202733564,-0.005260032745343863,-0.011412553247221992,-0.0057082435026899365,-0.00994332279261066,-0.011089344237281393,0.009641385249527084,0.0,0.028787774441297685,0.011558885709584056,0.011584493096314897,-0.0110682441159727,35221000.0
2024-08-09,35221000.0,597700.0,2432.10009765625,79.66000366210938,35776285.71428572,34488866.666666664,440318.9835476801,388503.86667271494,59.75289575289575,36890963.133082695,32593836.86691731,-0.0110682441159727,-0.020370001337148474,0.017252572748669273,0.016836928969936434,-0.005963147053403719,-0.006552257492110661,0.0005857822224360302,0.017684623984891127,0.004259805202733564,-0.005260032745343863,-0.011412553247221992,-0.0057082435026899365,-0.00994332279261066,0.014739132572283193,0.009283886310007658,0.008899986305409351,-0.01539284226223966,34683000.0
2024-08-10,34683000.0,594100.0,2432.10009765625,79.66000366210938,35448857.14285714,34480333.333333336,357455.6360922903,382294.22055663,56.98924731182796,36893009.76361474,32671890.236385267,-0.01539284226223966,-0.0060413004685127775,0.0,0.0,-0.0110682441159727,-0.020370001337148474,0.017252572748669273,-0.005963147053403719,-0.006552257492110661,0.0005857822224360302,0.017684623984891127,0.004259805202733564,-0.005260032745343863,0.02239909866069892,0.015181209784436532,-0.00032976746359427193,0.02108344267314613,35422000.0
2024-08-11,35422000.0,600250.0,2432.10009765625,79.66000366210938,35366428.571428575,34517033.333333336,347412.20847233385,375317.81813977077,60.43360433604336,36927356.89090634,32817643.10909366,0.02108344267314613,0.010298579739666915,0.0,0.0,-0.01539284226223966,-0.0060413004685127775,0.0,-0.0110682441159727,-0.020370001337148474,0.017252572748669273,-0.005963147053403719,-0.006552257492110661,0.0005857822224360302,-0.026750848304340862,-0.010242928143854003,0.0,-0.012613803607440936,34978000.0
2024-08-12,34978000.0,595700.0,2462.39990234375,82.30000305175781,35277285.71428572,34541166.666666664,300165.5092433393,360287.3563604845,55.991627420198846,36900322.351067506,32989377.648932494,-0.012613803607440936,-0.007609050466720857,0.012381322610815695,0.03260352103867598,0.02108344267314613,0.010298579739666915,0.0,-0.01539284226223966,-0.0060413004685127775,0.0,-0.0110682441159727,-0.020370001337148474,0.017252572748669273,-0.011089344237281393,0.009641385249527084,0.0,-0.006482168115529261,34752000.0
2024-08-13,34752000.0,588350.0,2466.699951171875,80.69000244140625,35213571.428571425,34572633.333333336,241699.68495574594,336569.8220795368,53.09029138899778,36836624.148084715,33184675.851915285,-0.006482168115529261,-0.012415175724703856,0.0017447607257966857,-0.019756462646890717,-0.012613803607440936,-0.007609050466720857,0.012381322610815695,0.02108344267314613,0.010298579739666915,0.0,-0.01539284226223966,-0.0060413004685127775,0.0,-0.011412553247221992,-0.0057082435026899365,-0.00994332279261066,-0.0023335216500563268,34671000.0
2024-08-14,34671000.0,587650.0,2439.39990234375,79.76000213623047,35048571.428571425,34614700.0,186677.17663975805,306591.2929915811,50.371772340137895,36779020.801813245,33346379.198186755,-0.0023335216500563268,-0.0011904763310748134,-0.011129137775200023,-0.011592529680216504,-0.006482168115529261,-0.012415175724703856,0.0017447607257966857,-0.012613803607440936,-0.007609050466720857,0.012381322610815695,0.02108344267314613,0.010298579739666915,0.0,0.017684623984891127,0.004259805202733564,-0.005260032745343863,0.002995135148092637,34775000.0
2024-08-16,34775000.0,577050.0,2498.60009765625,79.68000030517578,34928857.14285714,34654866.666666664,149737.29489202052,275220.49337166897,43.43605546995377,36746485.81576909,33460614.18423091,0.002995135148092637,-0.01820261471244934,0.023978546705875764,-0.0010035353304529786,-0.0023335216500563268,-0.0011904763310748134,-0.011129137775200023,-0.006482168115529261,-0.012415175724703856,0.0017447607257966857,-0.012613803607440936,-0.007609050466720857,0.012381322610815695,-0.005963147053403719,-0.006552257492110661,0.0005857822224360302,0.022322672836197117,35560000.0
2024-08-18,35560000.0,583100.0,2498.60009765625,79.68000030517578,34977285.71428572,34716100.0,181710.46680029482,256518.48805739416,45.58256744737622,36715746.31121707,33673953.68878293,0.022322672836197117,0.010429780361696596,0.0,0.0,0.002995135148092637,-0.01820261471244934,0.023978546705875764,-0.0023335216500563268,-0.0011904763310748134,-0.011129137775200023,-0.006482168115529261,-0.012415175724703856,0.0017447607257966857,-0.0110682441159727,-0.020370001337148474,0.017252572748669273,-0.0051877865306133265,35376000.0
2024-08-19,35376000.0,579850.0,2501.800048828125,77.66000366210938,35076285.71428572,34767133.333333336,190011.83548283577,243217.15754248248,36.91703485517919,36660118.60388306,33878981.39611694,-0.0051877865306133265,-0.005589248825398013,0.0012798782157230325,-0.02567824564716948,0.022322672836197117,0.010429780361696596,0.0,0.002995135148092637,-0.01820261471244934,0.023978546705875764,-0.0023335216500563268,-0.0011904763310748134,-0.011129137775200023,-0.01539284226223966,-0.0060413004685127775,0.0,0.010768361593400595,35759000.0
2024-08-20,35759000.0,581600.0,2511.300048828125,77.19999694824219,35124428.571428575,34826233.333333336,224903.08632548898,239554.3432990838,47.82529902138456,36637683.51874155,34071116.48125845,0.010768361593400595,0.0030134768165972744,0.0037900744796478744,-0.005940953959002638,-0.0051877865306133265,-0.005589248825398013,0.0012798782157230325,0.022322672836197117,0.010429780361696596,0.0,0.002995135148092637,-0.01820261471244934,0.023978546705875764,0.02108344267314613,0.010298579739666915,0.0,0.0019277249044576644,35828000.0
2024-08-21,35828000.0,584100.0,2508.39990234375,76.05000305175781,35245857.14285714,34888400.0,255180.811785385,242679.63699634405,52.177263969171484,36625713.30435008,34237986.69564992,0.0019277249044576644,0.004289274826954069,-0.0011555060403106994,-0.015008358666579147,0.010768361593400595,0.0030134768165972744,0.0037900744796478744,-0.0051877865306133265,-0.005589248825398013,0.0012798782157230325,0.022322672836197117,0.010429780361696596,0.0,-0.012613803607440936,-0.007609050466720857,0.012381322610815695,0.0012273362768006058,35872000.0
2024-08-23,35872000.0,582650.0,2508.39990234375,79.0199966430664,35405857.14285714,34954733.333333336,279504.6045327708,250044.6305036294,56.97722567287785,36638923.11333211,34350376.88666789,0.0012273362768006058,-0.0024855380269914094,0.0,0.03830988366755958,0.0019277249044576644,0.004289274826954069,-0.0011555060403106994,0.010768361593400595,0.0030134768165972744,0.0037900744796478744,-0.0051877865306133265,-0.005589248825398013,0.0012798782157230325,-0.006482168115529261,-0.012415175724703856,0.0017447607257966857,0.008466510899815843,36177000.0
2024-08-25,36177000.0,593200.0,2508.39990234375,79.0199966430664,35621000.0,35039933.333333336,319706.9537846148,263977.0951598265,53.89394275571334,36705581.63367343,34338718.36632657,0.008466510899815843,0.017944947244504635,0.0,0.0,0.0012273362768006058,-0.0024855380269914094,0.0,0.0019277249044576644,0.004289274826954069,-0.0011555060403106994,0.010768361593400595,0.0030134768165972744,0.0037900744796478744,-0.0023335216500563268,-0.0011904763310748134,-0.011129137775200023,-0.008159912054127784,35883000.0
2024-08-26,35883000.0,591250.0,2517.699951171875,81.43000030517578,35779285.71428572,35118333.333333336,324108.14532057196,276003.3051919756,52.94245858761988,36667187.551544964,34349812.448455036,-0.008159912054127784,-0.003292670457634306,0.003700706198852698,0.03004281672557846,0.008466510899815843,0.017944947244504635,0.0,0.0012273362768006058,-0.0024855380269914094,0.0,0.0019277249044576644,0.004289274826954069,-0.0011555060403106994,0.002995135148092637,-0.01820261471244934,0.023978546705875764,0.007330311873811781,36147000.0
2024-08-27,36147000.0,590000.0,2516.0,79.55000305175781,35863142.85714286,35208700.0,344922.66124964505,289787.1764035095,60.381165919282516,36451175.92775098,34483024.07224902,0.007330311873811781,-0.0021164029063776126,-0.0006754281156969496,-0.02335796608018862,-0.008159912054127784,-0.003292670457634306,0.003700706198852698,0.008466510899815843,0.017944947244504635,0.0,0.0012273362768006058,-0.0024855380269914094,0.0,0.022322672836197117,0.010429780361696596,0.0,0.004774596123843461,36320000.0
2024-08-28,36320000.0,593950.0,2501.0,78.6500015258789,35998000.0,35298366.666666664,371100.15764707327,306049.77265222225,69.98778998779,36513151.99795412,34453148.00204588,0.004774596123843461,0.00667260383578347,-0.005979686942712076,-0.011378144241395544,0.007330311873811781,-0.0021164029063776126,-0.0006754281156969496,-0.008159912054127784,-0.003292670457634306,0.003700706198852698,0.008466510899815843,0.017944947244504635,0.0,-0.0051877865306133265,-0.005589248825398013,0.0012798782157230325,-0.002094703373278335,36244000.0
2024-08-30,36244000.0,594800.0,2493.800048828125,78.80000305175781,36067285.71428572,35374566.666666664,381317.8524581939,321103.3886134166,61.97552447552447,36599438.15127654,34431061.84872346,-0.002094703373278335,0.001430073850451392,-0.002882980735325567,0.0019053866865609078,0.004774596123843461,0.00667260383578347,-0.005979686942712076,0.007330311873811781,-0.0021164029063776126,-0.0006754281156969496,-0.008159912054127784,-0.003292670457634306,0.003700706198852698,0.010768361593400595,0.0030134768165972744,0.0037900744796478744,0.01397321291341849,36754000.0
2024-08-31,36754000.0,599000.0,2493.800048828125,78.80000305175781,36199571.428571425,35475233.333333336,425661.42699730396,342014.9962901941,75.38593481989709,36797974.19067059,34388125.80932941,0.01397321291341849,0.007036383529449298,0.0,0.0,-0.002094703373278335,0.001430073850451392,-0.002882980735325567,0.004774596123843461,0.00667260383578347,-0.005979686942712076,0.007330311873811781,-0.0021164029063776126,-0.0006754281156969496,0.0019277249044576644,0.004289274826954069,-0.0011555060403106994,-0.008772105931535523,36433000.0
2024-09-02,36433000.0,598900.0,2493.800048828125,78.80000305175781,36279714.28571428,35560266.666666664,429945.863721706,359601.1697764965,73.39270804341776,36882395.32209323,34364404.67790677,-0.008772105931535523,-0.000166958845032585,0.0,0.0,0.01397321291341849,0.007036383529449298,0.0,-0.002094703373278335,0.001430073850451392,-0.002882980735325567,0.004774596123843461,0.00667260383578347,-0.005979686942712076,0.0012273362768006058,-0.0024855380269914094,0.0,0.0005762344610445478,36454000.0
2024-09-04,36454000.0,599000.0,2493.39990234375,72.69999694824219,36319285.71428572,35640000.0,430078.161853686,373696.5681919344,75.23351259552788,36978021.03667413,34352878.96332587,0.0005762344610445478,0.00016695884503268902,-0.0001604693973176908,-0.0805716930296623,-0.008772105931535523,-0.000166958845032585,0.0,0.01397321291341849,0.007036383529449298,0.0,-0.002094703373278335,0.001430073850451392,-0.002882980735325567,0.008466510899815843,0.017944947244504635,0.0,-0.011477254498119262,36038000.0
2024-09-06,36038000.0,597500.0,2493.5,71.05999755859375,36341428.571428575,35698633.333333336,392095.45341744274,377376.3452370361,66.42392717815345,37011462.720244415,34401137.279755585,-0.011477254498119262,-0.002507314309783607,4.014424120140146e-05,-0.022816786326150397,0.0005762344610445478,0.00016695884503268902,-0.0001604693973176908,-0.008772105931535523,-0.000166958845032585,0.0,0.01397321291341849,0.007036383529449298,0.0,-0.008159912054127784,-0.003292670457634306,0.003700706198852698,0.0007766559804573962,36066000.0
2024-09-07,36066000.0,594500.0,2493.5,71.05999755859375,36329857.14285714,35746966.666666664,360102.215144977,373921.51921862434,58.193005181347154,36996148.07034638,34554751.92965362,0.0007766559804573962,-0.005033567674829179,0.0,0.0,-0.011477254498119262,-0.002507314309783607,4.014424120140146e-05,0.0005762344610445478,0.00016695884503268902,-0.0001604693973176908,-0.008772105931535523,-0.000166958845032585,0.0,0.007330311873811781,-0.0021164029063776126,-0.0006754281156969496,0.006246738022302575,36292000.0
2024-09-08,36292000.0,596750.0,2493.5,71.05999755859375,36325857.14285714,35769133.333333336,348961.0488044992,368929.42513579933,64.63258785942492,37048587.939866,34589312.060134,0.006246738022302575,0.0037775490881028894,0.0,0.0,0.0007766559804573962,-0.005033567674829179,0.0,-0.011477254498119262,-0.002507314309783607,4.014424120140146e-05,0.0005762344610445478,0.00016695884503268902,-0.0001604693973176908,0.004774596123843461,0.00667260383578347,-0.005979686942712076,0.006344867814418006,36523000.0
2024-09-09,36523000.0,596150.0,2501.800048828125,71.83999633789062,36365714.28571428,35781366.666666664,354682.80111546814,366080.1003317331,62.827400940228344,37097180.581814185,34695219.418185815,0.006344867814418006,-0.0010059519667984925,0.0033231463116611603,0.010916816782121917,0.006246738022302575,0.0037775490881028894,0.0,0.0007766559804573962,-0.005033567674829179,0.0,-0.011477254498119262,-0.002507314309783607,4.014424120140146e-05,-0.002094703373278335,0.001430073850451392,-0.002882980735325567,0.0028980772689701194,36629000.0
2024-09-10,36629000.0,597500.0,2512.300048828125,69.19000244140625,36347857.14285714,35769833.333333336,363579.52670252323,365579.98560589115,63.28358208955224,37104814.9221154,34875285.0778846,0.0028980772689701194,0.0022619705535247433,0.004188195346663044,-0.037584994221777565,0.006344867814418006,-0.0010059519667984925,0.0033231463116611603,0.006246738022302575,0.0037775490881028894,0.0,0.0007766559804573962,-0.005033567674829179,0.0,0.01397321291341849,0.007036383529449298,0.0,0.011778891001301202,37063000.0
2024-09-13,37063000.0,593900.0,2581.300048828125,71.61000061035156,36437857.14285714,35805300.0,401027.6219436228,372669.51287343755,67.48898678414096,37138504.70817134,35080795.29182866,0.011778891001301202,-0.006043328783851242,0.027094479253383333,0.03437835874586576,0.0028980772689701194,0.0022619705535247433,0.004188195346663044,0.006344867814418006,-0.0010059519667984925,0.0033231463116611603,0.006246738022302575,0.0037775490881028894,0.0,-0.008772105931535523,-0.000166958845032585,0.0,-0.004543126881741702,36895000.0
2024-09-14,36895000.0,590400.0,2581.300048828125,71.61000061035156,36500857.14285714,35848400.0,412395.47295083106,380614.7048889163,60.985312117503064,37090904.97638358,35340395.02361642,-0.004543126881741702,-0.005910681735551772,0.0,0.0,0.011778891001301202,-0.006043328783851242,0.027094479253383333,0.0028980772689701194,0.0022619705535247433,0.004188195346663044,0.006344867814418006,-0.0010059519667984925,0.0033231463116611603,0.0005762344610445478,0.00016695884503268902,-0.0001604693973176908,0.0053522320556083575,37093000.0
2024-09-15,37093000.0,591000.0,2581.300048828125,71.61000061035156,36651571.428571425,35911566.666666664,432397.1172105968,390971.18735325243,69.07313997477932,37193900.938681625,35390699.061318375,0.0053522320556083575,0.0010157441198354218,0.0,0.0,-0.004543126881741702,-0.005910681735551772,0.0,0.011778891001301202,-0.006043328783851242,0.027094479253383333,0.0028980772689701194,0.0022619705535247433,0.004188195346663044,-0.011477254498119262,-0.002507314309783607,4.014424120140146e-05,0.006395808107840198,37331000.0
2024-09-16,37331000.0,595150.0,2580.39990234375,72.75,36832285.71428572,35961733.333333336,462126.0736282468,405202.1646082513,68.81754609027337,37297259.82891733,35482840.17108267,0.006395808107840198,0.006997457207790636,-0.0003487790851909712,0.015794168509480788,0.0053522320556083575,0.0010157441198354218,0.0,-0.004543126881741702,-0.005910681735551772,0.0,0.011778891001301202,-0.006043328783851242,0.027094479253383333,0.0007766559804573962,-0.005033567674829179,0.0,-0.0004822892757329567,37313000.0
2024-09-17,37313000.0,592350.0,2564.300048828125,73.69999694824219,36978142.85714286,36018400.0,478715.6996121183,419904.8716090247,66.59979939819459,37412793.329555236,35522706.670444764,-0.0004822892757329567,-0.004715798213120653,-0.006258831894957139,0.012973851735848209,0.006395808107840198,0.006997457207790636,-0.0003487790851909712,0.0053522320556083575,0.0010157441198354218,0.0,-0.004543126881741702,-0.005910681735551772,0.0,0.006246738022302575,0.0037775490881028894,0.0,0.0018475137459405954,37382000.0
2024-09-18,37382000.0,592300.0,2570.699951171875,73.6500015258789,37100857.14285714,36090433.333333336,491762.09376344085,434276.3160399079,69.06836461126005,37523964.98119398,35566935.01880602,0.0018475137459405954,-8.441311784863231e-05,0.00249266043134922,-0.0006785941608353138,-0.0004822892757329567,-0.004715798213120653,-0.006258831894957139,0.006395808107840198,0.006997457207790636,-0.0003487790851909712,0.0053522320556083575,0.0010157441198354218,0.0,0.006344867814418006,-0.0010059519667984925,0.0033231463116611603,0.017816898474222825,38054000.0
2024-09-21,38054000.0,595500.0,2570.699951171875,73.6500015258789,37304428.571428575,36202800.0,549986.3388248682,457418.3205969,70.66115702479338,37790768.74747131,35518331.25252869,0.017816898474222825,0.005388125512435324,0.0,0.0,0.0018475137459405954,-8.441311784863231e-05,0.00249266043134922,-0.0004822892757329567,-0.004715798213120653,-0.006258831894957139,0.006395808107840198,0.006997457207790636,-0.0003487790851909712,0.0028980772689701194,0.0022619705535247433,0.004188195346663044,0.011574112561524755,38497000.0
2024-09-22,38497000.0,597800.0,2570.699951171875,73.6500015258789,37509285.71428572,36305300.0,624675.0055957958,490869.6575966792,81.57894736842105,38149311.07238957,35391788.92761043,0.011574112561524755,0.003854861054482692,0.0,0.0,0.017816898474222825,0.005388125512435324,0.0,0.0018475137459405954,-8.441311784863231e-05,0.00249266043134922,-0.0004822892757329567,-0.004715798213120653,-0.006258831894957139,0.011778891001301202,-0.006043328783851242,0.027094479253383333,0.01482578174856057,39072000.0
2024-09-23,39072000.0,604850.0,2626.5,73.9000015258789,37820285.71428572,36441766.666666664,721941.9096972793,537084.1080167992,84.24908424908425,38586254.8748687,35273745.1251313,0.01482578174856057,0.011724243556019713,0.02147394504493059,0.0033886849754289935,0.011574112561524755,0.003854861054482692,0.0,0.017816898474222825,0.005388125512435324,0.0,0.0018475137459405954,-8.441311784863231e-05,0.00249266043134922,-0.004543126881741702,-0.005910681735551772,0.0,-0.00747566195837387,38781000.0
2024-09-24,38781000.0,597150.0,2651.199951171875,75.16999816894531,38061428.571428575,36576066.666666664,766707.2401506081,583008.7344435609,87.09764674060048,38867906.85415597,35255493.14584403,-0.00747566195837387,-0.012812155291421335,0.009360187860914403,0.017039342228484397,0.01482578174856057,0.011724243556019713,0.02147394504493059,0.011574112561524755,0.003854861054482692,0.0,0.017816898474222825,0.005388125512435324,0.0,0.0053522320556083575,0.0010157441198354218,0.0,0.006938048182512777,39051000.0
2024-09-25,39051000.0,600300.0,2659.199951171875,73.45999908447266,38307142.85714286,36722066.666666664,814580.8495923877,629323.1574733263,87.89032749428789,39173390.11494988,35223109.88505012,0.006938048182512777,0.0052611921433615375,0.0030129580442378743,-0.023011162901943768,-0.00747566195837387,-0.012812155291421335,0.009360187860914403,0.01482578174856057,0.011724243556019713,0.02147394504493059,0.011574112561524755,0.003854861054482692,0.0,0.006395808107840198,0.006997457207790636,-0.0003487790851909712,0.03051477430016943,40261000.0
2024-09-27,40261000.0,607000.0,2644.300048828125,71.9800033569336,38728285.71428572,36904933.333333336,939329.9071368799,691324.5074060371,90.31078610603291,39747386.17461645,35050813.82538355,0.03051477430016943,0.011099260801700872,-0.005618908850963419,-0.020352678640668264,0.006938048182512777,0.0052611921433615375,0.0030129580442378743,-0.00747566195837387,-0.012812155291421335,0.009360187860914403,0.01482578174856057,0.011724243556019713,0.02147394504493059,-0.0004822892757329567,-0.004715798213120653,-0.006258831894957139,-0.011843032684271044,39787000.0
2024-09-28,39787000.0,606100.0,2644.300048828125,71.9800033569336,39071857.14285714,37045833.333333336,988551.1925961077,750769.8444440513,81.59117305458768,40106222.38397584,34995277.61602416,-0.011843032684271044,-0.001483802102258934,0.0,0.0,0.03051477430016943,0.011099260801700872,-0.005618908850963419,0.006938048182512777,0.0052611921433615375,0.0030129580442378743,-0.00747566195837387,-0.012812155291421335,0.009360187860914403,0.0018475137459405954,-8.441311784863231e-05,0.00249266043134922,-0.010383732119631409,39376000.0
2024-09-29,39376000.0,603750.0,2644.300048828125,71.9800033569336,39260714.28571428,37179166.666666664,983063.0123422742,797228.4780236959,75.10509961615793,40320421.719342105,35075378.280657895,-0.010383732119631409,-0.0038847839904568686,0.0,0.0,-0.011843032684271044,-0.001483802102258934,0.0,0.03051477430016943,0.011099260801700872,-0.005618908850963419,0.006938048182512777,0.0052611921433615375,0.0030129580442378743,0.017816898474222825,0.005388125512435324,0.0,0.028170171516991502,40501000.0
2024-09-30,40501000.0,614950.0,2636.10009765625,71.7699966430664,39547000.0,37337233.333333336,1057303.7484699786,849243.5321129524,77.89678675754625,40734620.54183483,35065879.45816517,0.028170171516991502,0.018380758721637157,-0.0031058092325682647,-0.0029218346194295696,-0.010383732119631409,-0.0038847839904568686,0.0,-0.011843032684271044,-0.001483802102258934,0.0,0.03051477430016943,0.011099260801700872,-0.005618908850963419,0.011574112561524755,0.003854861054482692,0.0,0.006987701586852078,40785000.0
2024-10-01,40785000.0,622550.0,2667.300048828125,73.55999755859375,39791714.28571428,37502466.666666664,1126075.792462118,904609.9841827856,80.98120420516088,41107164.02258152,35168035.97741848,0.006987701586852078,0.01228298271000195,0.01176615388576509,0.02463485187831503,0.028170171516991502,0.018380758721637157,-0.0031058092325682647,-0.010383732119631409,-0.0038847839904568686,0.0,-0.011843032684271044,-0.001483802102258934,0.0,0.01482578174856057,0.011724243556019713,0.02147394504493059,0.0064764691458934365,41050000.0
2024-10-02,41050000.0,626900.0,2647.10009765625,73.9000015258789,40115857.14285714,37675066.666666664,1188263.8520860225,961340.757763433,81.18203309692672,41459104.43941043,35314495.56058957,0.0064764691458934365,0.006963091881501301,-0.007602005078805537,0.004611482055242054,0.006987701586852078,0.01228298271000195,0.01176615388576509,0.028170171516991502,0.018380758721637157,-0.0031058092325682647,-0.010383732119631409,-0.0038847839904568686,0.0,-0.00747566195837387,-0.012812155291421335,0.009360187860914403,-0.0029275453941256225,40930000.0
2024-10-04,40930000.0,623900.0,2645.800048828125,78.05000305175781,40384285.71428572,37833500.0,1213872.572850205,1011847.1207807874,78.89834591295968,41725217.298570186,35512182.701429814,-0.0029275453941256225,-0.004796939163182181,-0.0004912425393600222,0.0546368374594326,0.0064764691458934365,0.006963091881501301,-0.007602005078805537,0.006987701586852078,0.01228298271000195,0.01176615388576509,0.028170171516991502,0.018380758721637157,-0.0031058092325682647,0.006938048182512777,0.0052611921433615375,0.0030129580442378743,0.01165910705316421,41410000.0
2024-10-05,41410000.0,634550.0,2645.800048828125,78.05000305175781,40548428.571428575,38017733.333333336,1258393.6780318245,1061156.432230995,80.62490656301391,42043413.92985391,35682686.07014609,0.01165910705316421,0.016925987139432767,0.0,0.0,-0.0029275453941256225,-0.004796939163182181,-0.0004912425393600222,0.0064764691458934365,0.006963091881501301,-0.007602005078805537,0.006987701586852078,0.01228298271000195,0.01176615388576509,0.03051477430016943,0.011099260801700872,-0.005618908850963419,-0.009974721394517366,40999000.0
2024-10-06,40999000.0,628450.0,2645.800048828125,78.05000305175781,40721571.428571425,38179466.666666664,1246147.8923133612,1098154.7242474684,75.72180344190015,42215787.184119254,35947312.815880746,-0.009974721394517366,-0.00965961588532687,0.0,0.0,0.01165910705316421,0.016925987139432767,0.0,-0.0029275453941256225,-0.004796939163182181,-0.0004912425393600222,0.0064764691458934365,0.006963091881501301,-0.007602005078805537,-0.011843032684271044,-0.001483802102258934,0.0,-0.016055418950799597,40346000.0
2024-10-07,40346000.0,625450.0,2644.800048828125,80.93000030517578,40860142.85714286,38313666.666666664,1170261.3320802301,1112576.0458140208,66.34341129492299,42277001.2040168,36214398.7959832,-0.016055418950799597,-0.004785079710096139,-0.00037802895454220627,0.036234901216995165,-0.009974721394517366,-0.00965961588532687,0.0,0.01165910705316421,0.016925987139432767,0.0,-0.0029275453941256225,-0.004796939163182181,-0.0004912425393600222,-0.010383732119631409,-0.0038847839904568686,0.0,0.00809681046472456,40674000.0
2024-10-08,40674000.0,629350.0,2615.0,77.18000030517578,40884857.14285714,38461333.333333336,1123634.9805348366,1114787.832758184,65.7822241554299,42316423.815953605,36552876.184046395,0.00809681046472456,0.006216150076763714,-0.011331369029670978,-0.04744422721492032,-0.016055418950799597,-0.004785079710096139,-0.00037802895454220627,-0.009974721394517366,-0.00965961588532687,0.0,0.01165910705316421,0.016925987139432767,0.0,0.028170171516991502,0.018380758721637157,-0.0031058092325682647,0.006225357719548538,40928000.0
2024-10-09,40928000.0,635500.0,2606.0,76.58000183105469,40905285.71428572,38600466.666666664,1094561.5144461691,1110742.569095781,64.11192214111922,42358599.992679894,36894200.007320106,0.006225357719548538,0.00972454989199478,-0.0034476188142327953,-0.007804390104051903,0.00809681046472456,0.006216150076763714,-0.011331369029670978,-0.016055418950799597,-0.004785079710096139,-0.00037802895454220627,-0.009974721394517366,-0.00965961588532687,0.0,0.006987701586852078,0.01228298271000195,0.01176615388576509,-0.01385135254945332,40365000.0
2024-10-11,40365000.0,624950.0,2657.60009765625,79.04000091552734,40807428.571428575,38731533.333333336,1014397.8414200395,1091473.6235606328,61.56542056074767,42302705.891077496,37253494.108922504,-0.01385135254945332,-0.01674044409327792,0.01960701792026948,0.03161809506320179,0.006225357719548538,0.00972454989199478,-0.0034476188142327953,0.00809681046472456,0.006216150076763714,-0.011331369029670978,-0.016055418950799597,-0.004785079710096139,-0.00037802895454220627,0.0064764691458934365,0.006963091881501301,-0.007602005078805537,0.011184586439445646,40819000.0
2024-10-12,40819000.0,628450.0,2657.60009765625,79.04000091552734,40791571.428571425,38877033.333333336,976247.9797452092,1068428.494797548,62.57110352673492,42232223.2789846,37674576.7210154,0.011184586439445646,0.005584823834615721,0.0,0.0,-0.01385135254945332,-0.01674044409327792,0.01960701792026948,0.006225357719548538,0.00972454989199478,-0.0034476188142327953,0.00809681046472456,0.006216150076763714,-0.011331369029670978,-0.0029275453941256225,-0.004796939163182181,-0.0004912425393600222,0.006325039097032481,41078000.0
2024-10-13,41078000.0,631500.0,2657.60009765625,79.04000091552734,40744142.85714286,39045033.333333336,955894.1225384921,1045921.6203457369,56.71764512415721,42118977.36999232,38157422.63000768,0.006325039097032481,0.004841471419699263,0.0,0.0,0.011184586439445646,0.005584823834615721,0.0,-0.01385135254945332,-0.01674044409327792,0.01960701792026948,0.006225357719548538,0.00972454989199478,-0.0034476188142327953,0.01165910705316421,0.016925987139432767,0.0,-0.0006818624850197528,41050000.0
2024-10-14,41050000.0,627650.0,2647.800048828125,77.45999908447266,40751428.571428575,39211166.666666664,926820.3697692603,1022101.3702304416,61.20674356699202,42045702.68727169,38530297.31272831,-0.0006818624850197528,-0.006115255526328395,-0.0036943716604866234,-0.02019240275545151,0.006325039097032481,0.004841471419699263,0.0,0.011184586439445646,0.005584823834615721,0.0,-0.01385135254945332,-0.01674044409327792,0.01960701792026948,-0.009974721394517366,-0.00965961588532687,0.0,0.013910112402170577,41625000.0
2024-10-15,41625000.0,633350.0,2661.39990234375,74.25,40934142.85714286,39388933.333333336,939348.6789127961,1005550.8319669126,69.39127435764787,42083776.184310436,38805023.815689564,0.013910112402170577,0.009040505665424178,0.0051231384715043505,-0.042323884584440724,-0.0006818624850197528,-0.006115255526328395,-0.0036943716604866234,0.006325039097032481,0.004841471419699263,0.0,0.011184586439445646,0.005584823834615721,0.0,-0.016055418950799597,-0.004785079710096139,-0.00037802895454220627,0.0040518402572983095,41794000.0
2024-10-16,41794000.0,636600.0,2674.0,74.22000122070312,41094142.85714286,39564633.333333336,951940.9589664191,994828.8573668139,63.34916374148255,42191864.70438146,38969135.29561854,0.0040518402572983095,0.005118322918350952,0.004723215245810717,-0.0004041056032662,0.013910112402170577,0.009040505665424178,0.0051231384715043505,-0.0006818624850197528,-0.006115255526328395,-0.0036943716604866234,0.006325039097032481,0.004841471419699263,0.0,0.00809681046472456,0.006216150076763714,-0.011331369029670978,0.017574477869941346,42535000.0
2024-10-18,42535000.0,639600.0,2713.699951171875,73.05999755859375,41323714.28571428,39761500.0,1010069.4865415841,997876.983201768,66.50943396226415,42371525.57024784,39164874.42975216,0.017574477869941346,0.004701466111806801,0.014737520678601023,-0.015752684128862576,0.0040518402572983095,0.005118322918350952,0.004723215245810717,0.013910112402170577,0.009040505665424178,0.0051231384715043505,-0.0006818624850197528,-0.006115255526328395,-0.0036943716604866234,0.006225357719548538,0.00972454989199478,-0.0034476188142327953,0.005252433113156063,42759000.0
2024-10-19,42759000.0,641950.0,2713.699951171875,73.05999755859375,41665714.28571428,39951366.666666664,1061969.96271538,1010695.5791044903,66.24833618558662,42578255.22172359,39328944.77827641,0.005252433113156063,0.0036674380772935343,0.0,0.0,0.017574477869941346,0.004701466111806801,0.014737520678601023,0.0040518402572983095,0.005118322918350952,0.004723215245810717,0.013910112402170577,0.009040505665424178,0.0051231384715043505,-0.01385135254945332,-0.01674044409327792,0.01960701792026948,0.011533134091333871,43255000.0
2024-10-20,43255000.0,648550.0,2713.699951171875,73.05999755859375,42013714.28571428,40163366.666666664,1130097.4587180316,1034575.9550271987,70.62999112688553,42989883.77971792,39216716.22028208,0.011533134091333871,0.010228682749589503,0.0,0.0,0.005252433113156063,0.0036674380772935343,0.0,0.017574477869941346,0.004701466111806801,0.014737520678601023,0.0040518402572983095,0.005118322918350952,0.004723215245810717,0.011184586439445646,0.005584823834615721,0.0,0.025405655241084596,44368000.0
2024-10-21,44368000.0,661500.0,2723.10009765625,74.29000091552734,42483714.28571428,40405866.666666664,1259381.4232931286,1079537.0486803846,73.59604339502233,43616507.545953624,39048192.454046376,0.025405655241084596,0.019770881768328315,0.0034579737223619676,0.01669537753673002,0.011533134091333871,0.010228682749589503,0.0,0.005252433113156063,0.0036674380772935343,0.0,0.017574477869941346,0.004701466111806801,0.014737520678601023,0.006325039097032481,0.004841471419699263,0.0,0.029076400061992497,45677000.0
2024-10-22,45677000.0,677300.0,2744.199951171875,76.04000091552734,43144714.28571428,40684066.666666664,1450742.0060993358,1153778.040164175,82.64024560424225,44470093.10746801,38824706.89253199,0.029076400061992497,0.02360432266584755,0.007718602631013913,0.023283164172893424,0.025405655241084596,0.019770881768328315,0.0034579737223619676,0.011533134091333871,0.010228682749589503,0.0,0.005252433113156063,0.0036674380772935343,0.0,-0.0006818624850197528,-0.006115255526328395,-0.0036943716604866234,0.006394120882721986,45970000.0
2024-10-23,45970000.0,679500.0,2714.39990234375,74.95999908447266,43765428.571428575,40972633.333333336,1607508.935578853,1244524.2192471107,91.31648545401117,45283844.359667875,38557855.640332125,0.006394120882721986,0.0032429273703403856,-0.01091867720094922,-0.01430490394368236,0.029076400061992497,0.02360432266584755,0.007718602631013913,0.025405655241084596,0.019770881768328315,0.0034579737223619676,0.011533134091333871,0.010228682749589503,0.0,0.013910112402170577,0.009040505665424178,0.0051231384715043505,-0.04908605305661179,43768000.0
2024-10-25,43768000.0,655300.0,2740.89990234375,76.05000305175781,44047428.571428575,41185500.0,1536354.718668744,1302890.3191314375,67.82258064516128,45485078.51493314,38654921.48506686,-0.04908605305661179,-0.03626408754574724,0.0097153994796943,0.01443643311698739,0.006394120882721986,0.0032429273703403856,-0.01091867720094922,0.029076400061992497,0.02360432266584755,0.007718602631013913,0.025405655241084596,0.019770881768328315,0.0034579737223619676,0.0040518402572983095,0.005118322918350952,0.004723215245810717,0.01615917494247391,44481000.0
2024-10-26,44481000.0,660850.0,2740.89990234375,76.05000305175781,44325428.571428575,41399733.333333336,1519976.2898227125,1346307.5132696927,69.43866943866944,45783242.992430545,38699857.007569455,0.01615917494247391,0.008433739158364475,0.0,0.0,-0.04908605305661179,-0.03626408754574724,0.0097153994796943,0.006394120882721986,0.0032429273703403856,-0.01091867720094922,0.029076400061992497,0.02360432266584755,0.007718602631013913,0.017574477869941346,0.004701466111806801,0.014737520678601023,0.019634663094643078,45363000.0
2024-10-27,45363000.0,674800.0,2740.89990234375,76.05000305175781,44697428.571428575,41628600.0,1560181.494688958,1389082.309553546,76.42207654895327,46208309.40603314,38718090.59396686,0.019634663094643078,0.0208894654679976,0.0,0.0,0.01615917494247391,0.008433739158364475,0.0,-0.04908605305661179,-0.03626408754574724,0.0097153994796943,0.006394120882721986,0.0032429273703403856,-0.01091867720094922,0.005252433113156063,0.0036674380772935343,0.0,0.019753782634513228,46268000.0
2024-10-28,46268000.0,684000.0,2742.89990234375,71.41999816894531,45127857.14285714,41868466.666666664,1646095.1851717532,1440484.8846771875,77.49520637804017,46779376.86009034,38632823.13990966,0.019753782634513228,0.013541566950737178,0.00072942126259476,-0.06281314230514903,0.019634663094643078,0.0208894654679976,0.0,0.01615917494247391,0.008433739158364475,0.0,-0.04908605305661179,-0.03626408754574724,0.0097153994796943,0.011533134091333871,0.010228682749589503,0.0,0.026447540478838766,47508000.0
2024-10-29,47508000.0,692400.0,2768.39990234375,71.12000274658203,45576428.571428575,42159366.666666664,1793564.9405623004,1511100.8958542102,79.52249770431588,47546687.69563303,38516412.30436697,0.026447540478838766,0.012205905679503764,0.009253781457162933,-0.0042092867038290025,0.019753782634513228,0.013541566950737178,0.00072942126259476,0.019634663094643078,0.0208894654679976,0.0,0.01615917494247391,0.008433739158364475,0.0,0.025405655241084596,0.019770881768328315,0.0034579737223619676,-0.029499656057734726,46127000.0
2024-10-30,46127000.0,682300.0,2788.5,72.55000305175781,45640714.28571428,42395233.333333336,1778499.1940385103,1564580.5554910703,70.7342971493915,47851995.946179576,38789204.053820424,-0.029499656057734726,-0.01469437948067627,0.007234316137240295,0.01990739156976662,0.026447540478838766,0.012205905679503764,0.009253781457162933,0.019753782634513228,0.013541566950737178,0.00072942126259476,0.019634663094643078,0.0208894654679976,0.0,0.029076400061992497,0.02360432266584755,0.007718602631013913,0.010051853401724433,46593000.0
2024-11-01,46593000.0,694800.0,2738.60009765625,73.0999984741211,45729714.28571428,42606300.0,1783601.5385678634,1608384.7521064288,70.47140267018295,48193074.55932505,39040025.44067495,0.010051853401724433,0.018154590545571822,-0.018056940272288522,0.00755232448747882,-0.029499656057734726,-0.01469437948067627,0.007234316137240295,0.026447540478838766,0.012205905679503764,0.009253781457162933,0.019753782634513228,0.013541566950737178,0.00072942126259476,0.006394120882721986,0.0032429273703403856,-0.01091867720094922,0.00421918962214119,46790000.0
2024-11-02,46790000.0,693250.0,2738.60009765625,73.0999984741211,46161428.571428575,42839733.333333336,1782988.2582012042,1643305.453325384,70.53938496957737,48511962.291835375,39307337.708164625,0.00421918962214119,-0.002233349871062471,0.0,0.0,0.010051853401724433,0.018154590545571822,-0.018056940272288522,-0.029499656057734726,-0.01469437948067627,0.007234316137240295,0.026447540478838766,0.012205905679503764,0.009253781457162933,-0.04908605305661179,-0.03626408754574724,0.0097153994796943,-0.013014434833551575,46185000.0
2024-11-03,46185000.0,689600.0,2738.60009765625,73.0999984741211,46404857.14285714,43066700.0,1713926.7051139176,1657429.7036830909,65.17545318476634,48590353.89961736,39810946.10038264,-0.013014434833551575,-0.00527896514640406,0.0,0.0,0.00421918962214119,-0.002233349871062471,0.0,0.010051853401724433,0.018154590545571822,-0.018056940272288522,-0.029499656057734726,-0.01469437948067627,0.007234316137240295,0.01615917494247391,0.008433739158364475,0.0,-0.001907198081409159,46097000.0
2024-11-04,46097000.0,688900.0,2736.10009765625,75.08000183105469,46509714.28571428,43253233.333333336,1633266.7794174552,1652597.1188299637,64.03700588730025,48626984.73664659,40302115.26335341,-0.001907198081409159,-0.0010155967503331742,-0.0009132920834320161,0.02672589022448022,-0.013014434833551575,-0.00527896514640406,0.0,0.00421918962214119,-0.002233349871062471,0.0,0.010051853401724433,0.018154590545571822,-0.018056940272288522,0.019634663094643078,0.0208894654679976,0.0,-0.008452656909790964,45709000.0
2024-11-05,45709000.0,696250.0,2740.300048828125,75.52999877929688,46429857.14285714,43417366.666666664,1520507.3871547878,1626179.1724949286,60.41419113902563,48570590.82019683,40821609.17980317,-0.008452656909790964,0.01061266864234362,0.0015338367843668287,0.005975676057168695,-0.001907198081409159,-0.0010155967503331742,-0.0009132920834320161,-0.013014434833551575,-0.00527896514640406,0.0,0.00421918962214119,-0.002233349871062471,0.0,0.019753782634513228,0.013541566950737178,0.00072942126259476,-0.006078512478241835,45432000.0
2024-11-06,45432000.0,690450.0,2667.60009765625,74.91999816894531,46133285.71428572,43563433.333333336,1392738.5483489335,1579491.0476657297,54.86022291247945,48397270.86599189,41433129.13400811,-0.006078512478241835,-0.008365232310133652,-0.02688819289182318,-0.00810905902776955,-0.008452656909790964,0.01061266864234362,0.0015338367843668287,-0.001907198081409159,-0.0010155967503331742,-0.0009132920834320161,-0.013014434833551575,-0.00527896514640406,0.0,0.026447540478838766,0.012205905679503764,0.009253781457162933,0.0007700855175453916,45467000.0
2024-11-08,45467000.0,692200.0,2687.5,73.87000274658203,46039000.0,43714666.666666664,1279555.1156851053,1519503.8612696049,48.91439205955335,48230520.40949976,41984079.59050024,0.0007700855175453916,0.002531372269883643,0.007432165069486802,-0.014114024413817898,-0.006078512478241835,-0.008365232310133652,-0.02688819289182318,-0.008452656909790964,0.01061266864234362,0.0015338367843668287,-0.001907198081409159,-0.0010155967503331742,-0.0009132920834320161,-0.029499656057734726,-0.01469437948067627,0.007234316137240295,-0.022441864823958702,44458000.0
2024-11-09,44458000.0,682650.0,2687.5,73.87000274658203,45734000.0,43816266.666666664,1095806.7839321345,1434764.4458021107,42.722371967654986,47971325.63185184,42509674.36814816,-0.022441864823958702,-0.013892648070483229,0.0,0.0,0.0007700855175453916,0.002531372269883643,0.007432165069486802,-0.006078512478241835,-0.008365232310133652,-0.02688819289182318,-0.008452656909790964,0.01061266864234362,0.0015338367843668287,0.010051853401724433,0.018154590545571822,-0.018056940272288522,-0.04591181475566888,42463000.0
2024-11-10,42463000.0,669200.0,2687.5,73.87000274658203,45115857.14285714,43865066.666666664,780211.2900067866,1303853.814643046,43.59100284844318,47982890.67733306,42490909.32266694,-0.04591181475566888,-0.019899314018091738,0.0,0.0,-0.022441864823958702,-0.013892648070483229,0.0,0.0007700855175453916,0.002531372269883643,0.007432165069486802,-0.006078512478241835,-0.008365232310133652,-0.02688819289182318,0.00421918962214119,-0.002233349871062471,0.0,0.017739652465884225,43223000.0
2024-11-11,43223000.0,678200.0,2611.199951171875,71.83000183105469,44692714.28571428,43960966.666666664,584685.3470167741,1160020.1211177916,43.8502150958154,47924573.79222873,42595626.20777127,0.017739652465884225,0.013359260578869377,-0.0288015263656269,-0.028004587143724242,-0.04591181475566888,-0.019899314018091738,0.0,-0.022441864823958702,-0.013892648070483229,0.0,0.0007700855175453916,0.002531372269883643,0.007432165069486802,-0.013014434833551575,-0.00527896514640406,0.0,0.011981699562605887,43744000.0
2024-11-12,43744000.0,684400.0,2600.0,71.88999938964844,44356571.428571425,44063300.0,466393.6783263907,1021294.8325595115,41.795885274146144,47879623.26536875,42689476.73463125,0.011981699562605887,0.009100312326500251,-0.00429842206071789,0.0008349229274907661,0.017739652465884225,0.013359260578869377,-0.0288015263656269,-0.04591181475566888,-0.019899314018091738,0.0,-0.022441864823958702,-0.013892648070483229,0.0,-0.001907198081409159,-0.0010155967503331742,-0.0009132920834320161,-0.01754977185614136,42983000.0
2024-11-13,42983000.0,683300.0,2580.800048828125,72.27999877929688,43967142.85714286,44131800.0,307693.440140754,878574.5540757601,33.107065720456646,47981623.12303764,42448976.87696236,-0.01754977185614136,-0.0016085402313058572,-0.00741199771886598,0.005410284329790983,0.011981699562605887,0.009100312326500251,-0.00429842206071789,0.017739652465884225,0.013359260578869377,-0.0288015263656269,-0.04591181475566888,-0.019899314018091738,0.0,-0.008452656909790964,0.01061266864234362,0.0015338367843668287,-0.00048868463361273,42962000.0
2024-11-15,42962000.0,682400.0,2565.699951171875,71.04000091552734,43614285.71428572,44218366.666666664,178173.95506493002,738494.4342735941,23.271401693320797,48011953.898008026,42147146.101991974,-0.00048868463361273,-0.0013180056092632715,-0.005868120465174277,-0.01730433726408984,-0.01754977185614136,-0.0016085402313058572,-0.00741199771886598,0.011981699562605887,0.009100312326500251,-0.00429842206071789,0.017739652465884225,0.013359260578869377,-0.0288015263656269,-0.006078512478241835,-0.008365232310133652,-0.02688819289182318,-0.002097071859235888,42872000.0
2024-11-16,42872000.0,681750.0,2565.699951171875,71.04000091552734,43243571.428571425,44286800.0,67488.6154178828,604293.2705024518,27.436572854568155,47983570.02097748,41865729.97902252,-0.002097071859235888,-0.0009529744517714661,0.0,0.0,-0.00048868463361273,-0.0013180056092632715,-0.005868120465174277,-0.01754977185614136,-0.0016085402313058572,-0.00741199771886598,0.011981699562605887,0.009100312326500251,-0.00429842206071789,0.0007700855175453916,0.002531372269883643,0.007432165069486802,0.016126956101227607,43569000.0
2024-11-17,43569000.0,684450.0,2565.699951171875,71.04000091552734,43116571.428571425,44369833.333333336,35601.37078937143,490554.89055983577,29.688339602364323,47990708.288264796,41838691.711735204,0.016126956101227607,0.003952574315823342,0.0,0.0,-0.002097071859235888,-0.0009529744517714661,0.0,-0.00048868463361273,-0.0013180056092632715,-0.005868120465174277,-0.01754977185614136,-0.0016085402313058572,-0.00741199771886598,-0.022441864823958702,-0.013892648070483229,0.0,0.01801481676568345,44361000.0
2024-11-18,44361000.0,689050.0,2610.60009765625,73.30000305175781,43387714.28571428,44480200.0,73392.26037342101,407122.3645225528,34.89239955218311,47988735.755089805,41828664.244910195,0.01801481676568345,0.00669824127963251,0.01734879053674383,0.03131753895500344,0.016126956101227607,0.003952574315823342,0.0,-0.002097071859235888,-0.0009529744517714661,0.0,-0.00048868463361273,-0.0013180056092632715,-0.005868120465174277,-0.04591181475566888,-0.019899314018091738,0.0,0.013190055858169222,44950000.0
2024-11-19,44950000.0,689300.0,2627.10009765625,73.30999755859375,43634428.571428575,44591033.333333336,149149.88314869255,355527.8682477808,42.303377788857034,47960790.41755633,41815309.58244367,0.013190055858169222,0.0003627525704522131,0.006300496006653572,0.0001363414065864249,0.01801481676568345,0.00669824127963251,0.01734879053674383,0.016126956101227607,0.003952574315823342,0.0,-0.002097071859235888,-0.0009529744517714661,0.0,0.017739652465884225,0.013359260578869377,-0.0288015263656269,0.005479952036442777,45197000.0
2024-11-20,45197000.0,692250.0,2648.199951171875,72.80999755859375,43842000.0,44704466.666666664,226508.13594243675,329723.921786712,44.50012221950623,47842631.821019754,41826368.178980246,0.005479952036442777,0.004270572159465189,0.007999532098494133,-0.006843717057570064,0.013190055858169222,0.0003627525704522131,0.006300496006653572,0.01801481676568345,0.00669824127963251,0.01734879053674383,0.016126956101227607,0.003952574315823342,0.0,0.011981699562605887,0.009100312326500251,-0.00429842206071789,0.03067711855904841,46605000.0
2024-11-22,46605000.0,699050.0,2709.89990234375,75.16999816894531,44359428.571428575,44840133.333333336,396854.25267893076,343149.98796515574,54.86850684633776,47652118.94116978,41926581.05883022,0.03067711855904841,0.00977510838276242,0.02303155231963594,0.0318989159551031,0.005479952036442777,0.004270572159465189,0.007999532098494133,0.013190055858169222,0.0003627525704522131,0.006300496006653572,0.01801481676568345,0.00669824127963251,0.01734879053674383,-0.01754977185614136,-0.0016085402313058572,-0.00741199771886598,-0.020112942577705795,45677000.0
2024-11-23,45677000.0,689600.0,2709.89990234375,75.16999816894531,44747285.71428572,44937400.0,451765.2643365413,364873.04323943285,51.24327615954531,47592181.22604097,41941518.77395903,-0.020112942577705795,-0.013610551084350287,0.0,0.0,0.03067711855904841,0.00977510838276242,0.02303155231963594,0.005479952036442777,0.004270572159465189,0.007999532098494133,0.013190055858169222,0.0003627525704522131,0.006300496006653572,-0.00048868463361273,-0.0013180056092632715,-0.005868120465174277,-0.02083869593585533,44735000.0
2024-11-24,44735000.0,693700.0,2709.89990234375,75.16999816894531,45013428.571428575,44986733.333333336,414493.0909704417,374797.05278563465,46.59851301115242,47365474.355805606,41982425.644194394,-0.02083869593585533,0.00592787104177226,0.0,0.0,-0.020112942577705795,-0.013610551084350287,0.0,0.03067711855904841,0.00977510838276242,0.02303155231963594,0.005479952036442777,0.004270572159465189,0.007999532098494133,-0.002097071859235888,-0.0009529744517714661,0.0,-0.000715579538126477,44703000.0
2024-11-25,44703000.0,695950.0,2616.800048828125,73.01000213623047,45175428.571428575,44997900.0,378014.97119960934,375440.6364684296,51.252172135336814,47070792.92801614,42068407.07198386,-0.000715579538126477,0.0032382282821540004,-0.03495948190340737,-0.02915574350311125,-0.02083869593585533,0.00592787104177226,0.0,-0.020112942577705795,-0.013610551084350287,0.0,0.03067711855904841,0.00977510838276242,0.02303155231963594,0.016126956101227607,0.003952574315823342,0.0,0.00908550574685993,45111000.0
2024-11-26,45111000.0,699050.0,2620.300048828125,72.80999755859375,45282571.428571425,44979033.333333336,377674.3933597952,375887.3878467027,66.1542215714983,46915099.94559591,42116700.05440409,0.00908550574685993,0.004444451760423976,0.001336617767776714,-0.002743172451991986,-0.000715579538126477,0.0032382282821540004,-0.03495948190340737,-0.02083869593585533,0.00592787104177226,0.0,-0.020112942577705795,-0.013610551084350287,0.0,0.01801481676568345,0.00669824127963251,0.01734879053674383,0.011461190897410134,45631000.0
2024-11-27,45631000.0,701400.0,2639.89990234375,72.83000183105469,45379857.14285714,44967733.333333336,414585.05866067857,383626.9220094979,65.1332327802916,46835538.991051525,42149661.008948475,0.011461190897410134,0.00335606727224418,0.007452166991228204,0.0002747084958880715,0.00908550574685993,0.004444451760423976,0.001336617767776714,-0.000715579538126477,0.0032382282821540004,-0.03495948190340737,-0.02083869593585533,0.00592787104177226,0.0,0.013190055858169222,0.0003627525704522131,0.006300496006653572,0.003587604749247903,45795000.0
2024-11-29,45795000.0,704000.0,2657.0,72.94000244140625,45465285.71428572,45035300.0,451861.67610540986,397273.87282868027,63.49519673641269,46849534.438241534,42144265.561758466,0.003587604749247903,0.0037000184519646743,0.006456666117155565,0.0015092354806524578,0.011461190897410134,0.00335606727224418,0.007452166991228204,0.00908550574685993,0.004444451760423976,0.001336617767776714,-0.000715579538126477,0.0032382282821540004,-0.03495948190340737,0.005479952036442777,0.004270572159465189,0.007999532098494133,-0.0031932138589473398,45649000.0
2024-11-30,45649000.0,699000.0,2657.0,72.94000244140625,45328714.28571428,45074233.333333336,464270.85870619863,410673.270004184,69.0864833906071,46880458.412453234,42135041.587546766,-0.0031932138589473398,-0.007127613924232124,0.0,0.0,0.003587604749247903,0.0037000184519646743,0.006456666117155565,0.011461190897410134,0.00335606727224418,0.007452166991228204,0.00908550574685993,0.004444451760423976,0.001336617767776714,0.03067711855904841,0.00977510838276242,0.02303155231963594,0.005897273774700785,45919000.0
2024-12-01,45919000.0,704150.0,2657.0,72.94000244140625,45363285.71428572,45092766.666666664,490240.7783084512,426586.77166503744,70.44103414903913,46949681.81510495,42111018.18489505,0.005897273774700785,0.007340659410249064,0.0,0.0,-0.0031932138589473398,-0.007127613924232124,0.0,0.003587604749247903,0.0037000184519646743,0.006456666117155565,0.011461190897410134,0.00335606727224418,0.007452166991228204,-0.020112942577705795,-0.013610551084350287,0.0,0.006468721002301094,46217000.0
2024-12-02,46217000.0,710950.0,2634.89990234375,71.83000183105469,45575000.0,45091066.666666664,528772.8716913238,447023.9916702947,72.4768176320387,47151755.730191894,42084844.269808106,0.006468721002301094,0.00961070219832417,-0.008352473231234763,-0.015334977273752324,0.005897273774700785,0.007340659410249064,0.0,-0.0031932138589473398,-0.007127613924232124,0.0,0.003587604749247903,0.0037000184519646743,0.006456666117155565,-0.02083869593585533,0.00592787104177226,0.0,0.013944770083209965,46866000.0
2024-12-03,46866000.0,714800.0,2644.699951171875,73.62000274658203,45884000.0,45069666.666666664,604708.0118438229,478560.7957050004,72.29811984309481,47348426.17728264,42328473.82271736,0.013944770083209965,0.005400679442889425,0.003712425318383127,0.02461452368021376,0.006468721002301094,0.00961070219832417,-0.008352473231234763,0.005897273774700785,0.007340659410249064,0.0,-0.0031932138589473398,-0.007127613924232124,0.0,-0.000715579538126477,0.0032382282821540004,-0.03495948190340737,-0.015395504907354064,46150000.0
2024-12-06,46150000.0,715600.0,2638.60009765625,71.12000274658203,46032428.571428575,45070433.333333336,600193.2867570966,502887.29391541966,62.22495558288916,47438884.680905014,42530715.319094986,-0.015395504907354064,0.0011185683492910977,-0.0023091083866556062,-0.034548135433796215,0.013944770083209965,0.005400679442889425,0.003712425318383127,0.006468721002301094,0.00961070219832417,-0.008352473231234763,0.005897273774700785,0.007340659410249064,0.0,0.00908550574685993,0.004444451760423976,0.001336617767776714,0.009252834835492232,46579000.0
2024-12-07,46579000.0,719200.0,2638.60009765625,71.12000274658203,46167857.14285714,45069966.666666664,624038.5216691196,527117.5394661597,61.38046667598156,47606238.13616382,42646861.86383618,0.009252834835492232,0.005018131522846332,0.0,0.0,-0.015395504907354064,0.0011185683492910977,-0.0023091083866556062,0.013944770083209965,0.005400679442889425,0.003712425318383127,0.006468721002301094,0.00961070219832417,-0.008352473231234763,0.011461190897410134,0.00335606727224418,0.007452166991228204,0.007763001314996607,46942000.0
2024-12-08,46942000.0,718850.0,2638.60009765625,71.12000274658203,46331714.28571428,45075033.333333336,664566.4006267637,554607.3116982805,61.996425134057475,47714145.250042915,42934854.749957085,0.007763001314996607,-0.0004867702888090474,0.0,0.0,0.009252834835492232,0.005018131522846332,0.0,-0.015395504907354064,0.0011185683492910977,-0.0023091083866556062,0.013944770083209965,0.005400679442889425,0.003712425318383127,0.003587604749247903,0.0037000184519646743,0.006456666117155565,0.013478690320464259,47579000.0
2024-12-09,47579000.0,723200.0,2664.89990234375,72.13999938964844,46607428.571428575,45121500.0,739560.4208855778,591597.93353574,57.490003075976624,47875057.356769964,43235642.643230036,0.013478690320464259,0.006033096209365219,0.00991798633808684,0.014240037190108341,0.007763001314996607,-0.0004867702888090474,0.0,0.009252834835492232,0.005018131522846332,0.0,-0.015395504907354064,0.0011185683492910977,-0.0023091083866556062,-0.0031932138589473398,-0.007127613924232124,0.0,0.021499497429573168,48613000.0
2024-12-10,48613000.0,731950.0,2697.60009765625,72.19000244140625,46992285.71428572,45205366.666666664,872372.7111637294,647752.8890613379,72.21549636803874,48184726.90423772,43500073.09576228,0.021499497429573168,0.01202639653945414,0.012196028210303023,0.0006928989555049538,0.013478690320464259,0.006033096209365219,0.00991798633808684,0.007763001314996607,-0.0004867702888090474,0.0,0.009252834835492232,0.005018131522846332,0.0,0.005897273774700785,0.007340659410249064,0.0,-0.008905477523805029,48182000.0
2024-12-11,48182000.0,729600.0,2733.800048828125,73.5199966430664,47273000.0,45287800.0,932104.58860486,704623.2289700423,78.26800065606035,48381033.624406025,43765066.375593975,-0.008905477523805029,-0.003215766857299162,0.013330075570755336,0.018255866417045092,0.021499497429573168,0.01202639653945414,0.012196028210303023,0.013478690320464259,0.006033096209365219,0.00991798633808684,0.007763001314996607,-0.0004867702888090474,0.0,0.006468721002301094,0.00961070219832417,-0.008352473231234763,0.010200588148970836,48676000.0
2024-12-13,48676000.0,747150.0,2656.0,74.48999786376953,47531571.428571425,45395933.333333336,1007688.2009749264,765236.2233710192,80.28662905930783,48726033.8591548,43851566.1408452,0.010200588148970836,0.023769529427280355,-0.02887136898312678,0.013107427122811415,-0.008905477523805029,-0.003215766857299162,0.013330075570755336,0.021499497429573168,0.01202639653945414,0.012196028210303023,0.013478690320464259,0.006033096209365219,0.00991798633808684,0.013944770083209965,0.005400679442889425,0.003712425318383127,-0.0029009083103640368,48535000.0
2024-12-14,48535000.0,747100.0,2656.0,74.48999786376953,47872285.71428572,45498200.0,1044174.6414246932,821023.9069817541,77.20915448188175,49015533.17281774,43920566.82718226,-0.0029009083103640368,-6.692320564652994e-05,0.0,0.0,0.010200588148970836,0.023769529427280355,-0.02887136898312678,-0.008905477523805029,-0.003215766857299162,0.013330075570755336,0.021499497429573168,0.01202639653945414,0.012196028210303023,-0.015395504907354064,0.0011185683492910977,-0.0023091083866556062,0.018009307385348998,49417000.0
2024-12-15,49417000.0,759500.0,2656.0,74.48999786376953,48277714.28571428,45663500.0,1131220.4321881905,883063.2120230414,78.44905320108205,49470625.784014255,43887474.215985745,0.018009307385348998,0.016461277054071927,0.0,0.0,-0.0029009083103640368,-6.692320564652994e-05,0.0,0.010200588148970836,0.023769529427280355,-0.02887136898312678,-0.008905477523805029,-0.003215766857299162,0.013330075570755336,0.009252834835492232,0.005018131522846332,0.0,-0.005946780801400892,49124000.0
2024-12-16,49124000.0,766300.0,2651.39990234375,73.91000366210938,48589428.571428575,45885533.333333336,1163154.080995053,939081.3858174438,74.53928939997051,49802236.69226735,43807763.30773265,-0.005946780801400892,0.008913415940531135,-0.0017334660635325901,-0.007816673165080567,0.018009307385348998,0.016461277054071927,0.0,-0.0029009083103640368,-6.692320564652994e-05,0.0,0.010200588148970836,0.023769529427280355,-0.02887136898312678,0.007763001314996607,-0.0004867702888090474,0.0,0.011536487720598405,49694000.0
2024-12-17,49694000.0,773650.0,2644.39990234375,73.19000244140625,48891571.428571425,46101233.333333336,1220388.089820996,995342.7266181543,78.06299431108644,50215650.93004634,43796049.06995366,0.011536487720598405,0.009545836959322911,-0.0026436060028242497,-0.009789353374783484,-0.005946780801400892,0.008913415940531135,-0.0017334660635325901,0.018009307385348998,0.016461277054071927,0.0,-0.0029009083103640368,-6.692320564652994e-05,0.0,0.013478690320464259,0.006033096209365219,0.00991798633808684,-0.019999853650284928,48710000.0
2024-12-18,48710000.0,767550.0,2636.5,73.38999938964844,48905428.571428575,46266766.666666664,1172826.2666524723,1030839.434625018,67.61772503471784,50313017.80027278,44096182.19972722,-0.019999853650284928,-0.007915951016471126,-0.0029918795594432402,0.00272884527018541,0.011536487720598405,0.009545836959322911,-0.0026436060028242497,-0.005946780801400892,0.008913415940531135,-0.0017334660635325901,0.018009307385348998,0.016461277054071927,0.0,0.021499497429573168,0.01202639653945414,0.012196028210303023,0.004261079090377373,48918000.0
2024-12-20,48918000.0,762400.0,2628.699951171875,72.94000244140625,49010571.428571425,46464600.0,1138789.7810742632,1052429.503914867,67.2455625079811,50377751.81893715,44452948.18106285,0.004261079090377373,-0.0067322715792181,-0.0029628711564951156,-0.006150459388456316,-0.019999853650284928,-0.007915951016471126,-0.0029918795594432402,0.011536487720598405,0.009545836959322911,-0.0026436060028242497,-0.005946780801400892,0.008913415940531135,-0.0017334660635325901,-0.008905477523805029,-0.003215766857299162,0.013330075570755336,0.0031228020356694644,49071000.0
2024-12-21,49071000.0,762800.0,2628.699951171875,72.94000244140625,49067000.0,46668233.333333336,1111350.4857514575,1064213.700282185,65.03067484662577,50454114.706164435,44772585.293835565,0.0031228020356694644,0.0005245213862715416,0.0,0.0,0.004261079090377373,-0.0067322715792181,-0.0029628711564951156,-0.019999853650284928,-0.007915951016471126,-0.0029918795594432402,0.011536487720598405,0.009545836959322911,-0.0026436060028242497,0.010200588148970836,0.023769529427280355,-0.02887136898312678,0.016191494080482958,49872000.0
2024-12-22,49872000.0,778800.0,2628.699951171875,72.94000244140625,49258000.0,46901566.666666664,1141084.9354472458,1079587.9473151974,75.08086253369272,50676243.59813945,44974556.40186055,0.016191494080482958,0.020758399771780556,0.0,0.0,0.0031228020356694644,0.0005245213862715416,0.0,0.004261079090377373,-0.0067322715792181,-0.0029628711564951156,-0.019999853650284928,-0.007915951016471126,-0.0029918795594432402,-0.0029009083103640368,-6.692320564652994e-05,0.0,0.012374989787157552,50493000.0
2024-12-23,50493000.0,786600.0,2612.300048828125,72.62999725341797,49411714.28571428,47132366.666666664,1200915.8013291582,1103853.5181179896,75.70940620073569,50980095.385765396,45140504.614234604,0.012374989787157552,0.009965586499664551,-0.006258330803749558,-0.004259197049971501,0.016191494080482958,0.020758399771780556,0.0,0.0031228020356694644,0.0005245213862715416,0.0,0.004261079090377373,-0.0067322715792181,-0.0029628711564951156,0.018009307385348998,0.016461277054071927,0.0,0.005608783341883635,50777000.0
2024-12-24,50777000.0,785950.0,2620.0,73.58000183105469,49647857.14285714,47346233.333333336,1256761.4563497007,1134435.105764332,75.45466613566973,51245540.122498654,45387859.877501346,0.005608783341883635,-0.000826682823462153,0.00294323974486273,0.012995252759856623,0.012374989787157552,0.009965586499664551,-0.006258330803749558,0.016191494080482958,0.020758399771780556,0.0,0.0031228020356694644,0.0005245213862715416,0.0,-0.005946780801400892,0.008913415940531135,-0.0017334660635325901,0.012817050685363261,51432000.0
2024-12-25,51432000.0,793850.0,2620.0,73.58000183105469,49896142.85714286,47562300.0,1338443.81904272,1175236.8484200097,75.51317706264071,51607486.081418835,45577213.918581165,0.012817050685363261,0.010001349349273582,0.0,0.0,0.005608783341883635,-0.000826682823462153,0.00294323974486273,0.012374989787157552,0.009965586499664551,-0.006258330803749558,0.016191494080482958,0.020758399771780556,0.0,0.011536487720598405,0.009545836959322911,-0.0026436060028242497,0.02302575252630203,52630000.0
2024-12-27,52630000.0,810600.0,2617.199951171875,74.16999816894531,50456142.85714286,47810066.666666664,1482754.0027020127,1236740.2792764104,76.03370058327933,52214880.42118268,45611119.57881732,0.02302575252630203,0.020880187670687594,-0.0010692924161863156,0.00798645649934733,0.012817050685363261,0.010001349349273582,0.0,0.005608783341883635,-0.000826682823462153,0.00294323974486273,0.012374989787157552,0.009965586499664551,-0.006258330803749558,-0.019999853650284928,-0.007915951016471126,-0.0029918795594432402,-0.019532095776088013,51612000.0
2024-12-28,51612000.0,797150.0,2617.199951171875,74.16999816894531,50841000.0,47976966.666666664,1497712.0781877562,1288934.6390586796,70.65767284991568,52514339.996007316,45786260.003992684,-0.019532095776088013,-0.016731847340833887,0.0,0.0,0.02302575252630203,0.020880187670687594,-0.0010692924161863156,0.012817050685363261,0.010001349349273582,0.0,0.005608783341883635,-0.000826682823462153,0.00294323974486273,0.004261079090377373,-0.0067322715792181,-0.0029628711564951156,0.01333776520612458,52305000.0
2024-12-29,52305000.0,813200.0,2617.199951171875,74.16999816894531,51303000.0,48197900.0,1547645.475469321,1340676.8063408078,71.34454770027055,52792424.87078874,46123675.12921126,0.01333776520612458,0.019934214900817322,0.0,0.0,-0.019532095776088013,-0.016731847340833887,0.0,0.02302575252630203,0.020880187670687594,-0.0010692924161863156,0.012817050685363261,0.010001349349273582,0.0,0.0031228020356694644,0.0005245213862715416,0.0,0.0020626833646929395,52413000.0
2024-12-30,52413000.0,813050.0,2606.10009765625,74.38999938964844,51666000.0,48453833.333333336,1577745.4821660519,1388090.5415058567,72.89796882380728,53044140.375679314,46455359.624320686,0.0020626833646929395,-0.00018447348246010238,-0.004250136932791706,0.0029617849372990854,0.01333776520612458,0.019934214900817322,0.0,-0.019532095776088013,-0.016731847340833887,0.0,0.02302575252630203,0.020880187670687594,-0.0010692924161863156,0.016191494080482958,0.020758399771780556,0.0,-0.004359554888402094,52185000.0
2024-12-31,52185000.0,812300.0,2629.199951171875,74.63999938964844,51907714.28571428,48703233.333333336,1565160.0688125938,1423504.446967204,67.71179933452777,53198196.9036006,46825603.0963994,-0.004359554888402094,-0.0009228782148233103,0.008824710411780469,0.003355032363319517,0.0020626833646929395,-0.00018447348246010238,-0.004250136932791706,0.01333776520612458,0.019934214900817322,0.0,-0.019532095776088013,-0.016731847340833887,0.0,0.012374989787157552,0.009965586499664551,-0.006258330803749558,-0.0043978907269774485,51956000.0
2025-01-01,51956000.0,806350.0,2629.199951171875,74.63999938964844,52076142.85714286,48931400.0,1519195.313976556,1442642.6203690746,68.2709677419355,53313023.04197133,47148476.95802867,-0.0043978907269774485,-0.007351838630383483,0.0,0.0,-0.004359554888402094,-0.0009228782148233103,0.008824710411780469,0.0020626833646929395,-0.00018447348246010238,-0.004250136932791706,0.01333776520612458,0.019934214900817322,0.0,0.005608783341883635,-0.000826682823462153,0.00294323974486273,-0.007573451964179122,51564000.0
2025-01-03,51564000.0,798350.0,2645.0,76.51000213623047,52095000.0,49129166.666666664,1434599.619287625,1441034.0201527847,62.348124669836245,53416719.05567596,47339880.94432404,-0.007573451964179122,-0.00997079364081436,0.005991466474454993,0.024744930802875036,-0.0043978907269774485,-0.007351838630383483,0.0,-0.004359554888402094,-0.0009228782148233103,0.008824710411780469,0.0020626833646929395,-0.00018447348246010238,-0.004250136932791706,0.012817050685363261,0.010001349349273582,0.0,-0.006967041901314921,51206000.0
2025-01-04,51206000.0,795450.0,2645.0,76.51000213623047,51891571.428571425,49309533.333333336,1323413.8229440078,1417509.9807110294,67.967175352721,53404293.50288165,47654706.49711835,-0.006967041901314921,-0.003639105534461609,0.0,0.0,-0.007573451964179122,-0.00997079364081436,0.005991466474454993,-0.0043978907269774485,-0.007351838630383483,0.0,-0.004359554888402094,-0.0009228782148233103,0.008824710411780469,0.02302575252630203,0.020880187670687594,-0.0010692924161863156,-0.0006251221145160157,51174000.0
2025-01-05,51174000.0,793450.0,2645.0,76.51000213623047,51829000.0,49493700.0,1218668.0984817073,1377741.604265165,66.66174298375185,53404481.216025606,47904318.783974394,-0.0006251221145160157,-0.002517466242397347,0.0,0.0,-0.006967041901314921,-0.003639105534461609,0.0,-0.007573451964179122,-0.00997079364081436,0.005991466474454993,-0.0043978907269774485,-0.007351838630383483,0.0,-0.019532095776088013,-0.016731847340833887,0.0,0.02061689440314813,52240000.0
2025-01-06,52240000.0,800800.0,2638.39990234375,76.30000305175781,51819714.28571428,49704400.0,1207751.4414416477,1343743.5717004617,70.62345437979955,53485795.81887259,48193504.18112741,0.02061689440314813,0.009220701992159444,-0.0024984295005021796,-0.0027485008774552544,-0.0006251221145160157,-0.002517466242397347,0.0,-0.006967041901314921,-0.003639105534461609,0.0,-0.007573451964179122,-0.00997079364081436,0.005991466474454993,0.01333776520612458,0.019934214900817322,0.0,0.009108468239406418,52718000.0
2025-01-07,52718000.0,804100.0,2656.699951171875,77.05000305175781,51863285.71428572,49921100.0,1223566.0099550784,1319708.059351385,69.33423913043478,53688740.63817381,48320659.36182619,0.009108468239406418,0.0041124115530925195,0.006912096917743294,0.009781623086386816,0.02061689440314813,0.009220701992159444,-0.0024984295005021796,-0.0006251221145160157,-0.002517466242397347,0.0,-0.006967041901314921,-0.003639105534461609,0.0,0.0020626833646929395,-0.00018447348246010238,-0.004250136932791706,0.0025007591086644732,52850000.0
2025-01-08,52850000.0,813900.0,2664.5,76.16000366210938,51958285.71428572,50120566.666666664,1232542.4837481752,1302274.9442307432,67.15179740940184,53842446.39772333,48539553.60227667,0.0025007591086644732,0.012113868778892395,0.0029316900271960217,-0.011618162806095103,0.009108468239406418,0.0041124115530925195,0.006912096917743294,0.02061689440314813,0.009220701992159444,-0.0024984295005021796,-0.0006251221145160157,-0.002517466242397347,0.0,-0.004359554888402094,-0.0009228782148233103,0.008824710411780469,0.01287793329398662,53535000.0
2025-01-10,53535000.0,819500.0,2708.5,79.76000213623047,52183857.14285714,50366733.333333336,1280173.1400390863,1297854.583392412,68.96314631463147,54132555.6378614,48633544.3621386,0.01287793329398662,0.0068568898508886075,0.016378553361116682,0.0461857138692851,0.0025007591086644732,0.012113868778892395,0.0029316900271960217,0.009108468239406418,0.0041124115530925195,0.006912096917743294,0.02061689440314813,0.009220701992159444,-0.0024984295005021796,-0.0043978907269774485,-0.007351838630383483,0.0,-0.013180722744087766,52834000.0
2025-01-11,52834000.0,806650.0,2708.5,79.76000213623047,52365285.71428572,50575233.333333336,1246981.5101810917,1287679.968750148,59.5791199781361,54103154.56419785,49075345.43580215,-0.013180722744087766,-0.015804529071731476,0.0,0.0,0.01287793329398662,0.0068568898508886075,0.016378553361116682,0.0025007591086644732,0.012113868778892395,0.0029316900271960217,0.009108468239406418,0.0041124115530925195,0.006912096917743294,-0.007573451964179122,-0.00997079364081436,0.005991466474454993,0.008481175623070861,53284000.0
2025-01-12,53284000.0,814600.0,2708.5,79.76000213623047,52662142.85714286,50786633.333333336,1242663.4923700541,1278676.6734741293,54.97716894977169,54092611.553933114,49522488.446066886,0.008481175623070861,0.009807326102159225,0.0,0.0,-0.013180722744087766,-0.015804529071731476,0.0,0.01287793329398662,0.0068568898508886075,0.016378553361116682,0.0025007591086644732,0.012113868778892395,0.0029316900271960217,-0.006967041901314921,-0.003639105534461609,0.0,-0.013167157580696965,52587000.0
2025-01-14,52587000.0,804850.0,2677.5,79.91999816894531,52864000.0,50953566.666666664,1169517.8830608875,1256844.915391481,57.80124819971195,53891938.81734235,50074761.18265765,-0.013167157580696965,-0.012041270562073771,-0.011511452776049678,0.002003958992389936,0.008481175623070861,0.009807326102159225,0.0,-0.013180722744087766,-0.015804529071731476,0.0,0.01287793329398662,0.0068568898508886075,0.016378553361116682,-0.0006251221145160157,-0.002517466242397347,0.0,-0.005510811486626692,52298000.0
2025-01-15,52298000.0,800700.0,2712.5,82.02999877929688,52872285.71428572,51076400.0,1075828.0993222445,1220641.5521776336,49.94011976047904,53736556.25053229,50472743.74946771,-0.005510811486626692,-0.005169579573650328,0.012987195526811112,0.026058907704276036,-0.013167157580696965,-0.012041270562073771,-0.011511452776049678,0.008481175623070861,0.009807326102159225,0.0,-0.013180722744087766,-0.015804529071731476,0.0,0.02061689440314813,0.009220701992159444,-0.0024984295005021796,0.004578587875714313,52538000.0
2025-01-17,52538000.0,805300.0,2744.300048828125,80.79000091552734,52846571.428571425,51221600.0,1009309.5724692121,1178375.1562359494,51.045675087836706,53660105.95128225,50753694.04871775,0.004578587875714313,0.005728533722911094,0.011655332259657359,-0.015231812309675625,-0.005510811486626692,-0.005169579573650328,0.012987195526811112,-0.013167157580696965,-0.012041270562073771,-0.011511452776049678,0.008481175623070861,0.009807326102159225,0.0,0.009108468239406418,0.0041124115530925195,0.006912096917743294,-0.0011426831440661082,52478000.0
2025-01-18,52478000.0,806700.0,2744.300048828125,80.79000091552734,52793428.571428575,51348333.333333336,940905.4893510863,1130881.2228589768,52.521948700292654,53582832.762013346,51001067.237986654,-0.0011426831440661082,0.0017369731414293855,0.0,0.0,0.004578587875714313,0.005728533722911094,0.011655332259657359,-0.005510811486626692,-0.005169579573650328,0.012987195526811112,-0.013167157580696965,-0.012041270562073771,-0.011511452776049678,0.0025007591086644732,0.012113868778892395,0.0029316900271960217,0.006060336762642833,52797000.0
2025-01-19,52797000.0,810200.0,2744.300048828125,80.79000091552734,52688000.0,51490400.0,902037.2705052495,1085112.4323882314,57.12832683505679,53603091.128737666,51117308.871262334,0.006060336762642833,0.004329278825661491,0.0,0.0,-0.0011426831440661082,0.0017369731414293855,0.0,0.004578587875714313,0.005728533722911094,0.011655332259657359,-0.005510811486626692,-0.005169579573650328,0.012987195526811112,0.01287793329398662,0.0068568898508886075,0.016378553361116682,0.024693998477467526,54117000.0
2025-01-20,54117000.0,823350.0,2744.300048828125,80.79000091552734,52871285.71428572,51647066.666666664,966604.4805775434,1061410.8420260937,68.6978174893804,53902860.37519143,50966239.62480857,0.024693998477467526,0.016100252895417708,0.0,0.0,0.006060336762642833,0.004329278825661491,0.0,-0.0011426831440661082,0.0017369731414293855,0.0,0.004578587875714313,0.005728533722911094,0.011655332259657359,-0.013180722744087766,-0.015804529071731476,0.0,0.012979684889871551,54824000.0
2025-01-21,54824000.0,825700.0,2755.0,79.29000091552734,53091285.71428572,51837066.666666664,1062574.7507985383,1061643.6237805826,75.20903010033445,54357787.29140532,50832512.70859468,0.012979684889871551,0.0028501277593750525,0.003891391478642485,-0.018741177992928564,0.024693998477467526,0.016100252895417708,0.0,0.006060336762642833,0.004329278825661491,0.0,-0.0011426831440661082,0.0017369731414293855,0.0,0.008481175623070861,0.009807326102159225,0.0,0.006164384399774638,55163000.0
2025-01-22,55163000.0,839050.0,2767.60009765625,79.0,53459285.71428572,52019366.666666664,1152698.754523836,1079854.6499292334,76.65374849659227,54833608.558877386,50642491.441122614,0.006164384399774638,0.016038788023787852,0.004563111323176753,-0.0036641763638535544,0.012979684889871551,0.0028501277593750525,0.003891391478642485,0.024693998477467526,0.016100252895417708,0.0,0.006060336762642833,0.004329278825661491,0.0,-0.013167157580696965,-0.012041270562073771,-0.011511452776049678,0.007638932305508176,55586000.0
2025-01-24,55586000.0,833900.0,2777.300048828125,78.5,53929000.0,52248566.666666664,1243916.1505533457,1112666.950054056,74.45906432748538,55340198.44969958,50453201.55030042,0.007638932305508176,-0.006156808354231154,0.003498696391379218,-0.00634922767865878,0.006164384399774638,0.016038788023787852,0.004563111323176753,0.012979684889871551,0.0028501277593750525,0.003891391478642485,0.024693998477467526,0.016100252895417708,0.0,-0.005510811486626692,-0.005169579573650328,0.012987195526811112,0.00925791604588721,56103000.0
2025-01-25,56103000.0,838800.0,2777.300048828125,78.5,54438285.71428572,52488066.666666664,1342449.2539889738,1158623.4108410396,74.60386684111063,55897372.57920365,50287827.42079635,0.00925791604588721,0.005858807934825294,0.0,0.0,0.007638932305508176,-0.006156808354231154,0.003498696391379218,0.006164384399774638,0.016038788023787852,0.004563111323176753,0.012979684889871551,0.0028501277593750525,0.003891391478642485,0.004578587875714313,0.005728533722911094,0.011655332259657359,-0.0020161836738907097,55990000.0
2025-01-26,55990000.0,839300.0,2777.300048828125,78.5,54940000.0,52718700.0,1395334.7423902228,1205965.6771508763,72.8862973760933,56325939.06336595,50262660.93663405,-0.0020161836738907097,0.0005959120610170748,0.0,0.0,0.00925791604588721,0.005858807934825294,0.0,0.007638932305508176,-0.006156808354231154,0.003498696391379218,0.006164384399774638,0.016038788023787852,0.004563111323176753,-0.0011426831440661082,0.0017369731414293855,0.0,-0.011586782523214637,55345000.0
2025-01-28,55345000.0,832300.0,2766.800048828125,77.48999786376953,55304000.0,52901133.333333336,1369414.999771379,1238655.5416749767,63.26979472140763,56532184.20515553,50434515.79484447,-0.011586782523214637,-0.008375258336732383,-0.0037878149272719363,-0.012949756580325612,-0.0020161836738907097,0.0005959120610170748,0.0,0.00925791604588721,0.005858807934825294,0.0,0.007638932305508176,-0.006156808354231154,0.003498696391379218,0.006060336762642833,0.004329278825661491,0.0,0.008689214808810632,55828000.0
2025-01-29,55828000.0,835100.0,2769.10009765625,76.58000183105469,55548428.571428575,53078966.666666664,1372031.5547022372,1265330.7442804289,72.67494698576189,56737032.337914675,50691867.662085325,0.008689214808810632,0.003358525407134224,0.000830957531606674,-0.011812898248537868,-0.011586782523214637,-0.008375258336732383,-0.0037878149272719363,-0.0020161836738907097,0.0005959120610170748,0.0,0.00925791604588721,0.005858807934825294,0.0,0.024693998477467526,0.016100252895417708,0.0,0.01660916937133565,56763000.0
2025-01-31,56763000.0,837650.0,2812.5,76.76000213623047,55825428.571428575,53278500.0,1433032.769480519,1298871.149320447,74.54494144207703,57060663.89700936,50927136.10299064,0.01660916937133565,0.0030488739803576858,0.015551374606769967,0.0023477290099952345,0.008689214808810632,0.003358525407134224,0.000830957531606674,-0.011586782523214637,-0.008375258336732383,-0.0037878149272719363,-0.0020161836738907097,0.0005959120610170748,0.0,0.012979684889871551,0.0028501277593750525,0.003891391478642485,-0.002080982692281636,56645000.0
2025-02-01,56645000.0,840500.0,2812.5,76.76000213623047,56037142.85714286,53452266.666666664,1455081.7808369473,1330113.2756237471,81.17701290719114,57381613.157265075,51046686.842734925,-0.002080982692281636,0.0033966007091290355,0.0,0.0,0.01660916937133565,0.0030488739803576858,0.015551374606769967,0.008689214808810632,0.003358525407134224,0.000830957531606674,-0.011586782523214637,-0.008375258336732383,-0.0037878149272719363,0.006164384399774638,0.016038788023787852,0.004563111323176753,0.007036707722880681,57045000.0
2025-02-02,57045000.0,838650.0,2812.5,76.76000213623047,56245571.428571425,53599433.333333336,1487683.350636579,1361627.2906263138,85.85889107115878,57754891.8003306,51106108.1996694,0.007036707722880681,-0.0022034967079062663,0.0,0.0,-0.002080982692281636,0.0033966007091290355,0.0,0.01660916937133565,0.0030488739803576858,0.015551374606769967,0.008689214808810632,0.003358525407134224,0.000830957531606674,0.007638932305508176,-0.006156808354231154,0.003498696391379218,0.011624694112850581,57712000.0
2025-02-03,57712000.0,845950.0,2833.89990234375,75.95999908447266,56475428.571428575,53802766.666666664,1549480.2118683457,1399197.8748747201,86.71586715867159,58215330.73362075,51131869.26637925,0.011624694112850581,0.008666800064041299,0.007580052840268373,-0.010476825078165336,0.007036707722880681,-0.0022034967079062663,0.0,-0.002080982692281636,0.0033966007091290355,0.0,0.01660916937133565,0.0030488739803576858,0.015551374606769967,0.00925791604588721,0.005858807934825294,0.0,0.022462074288839548,59023000.0
2025-02-04,59023000.0,852700.0,2853.300048828125,76.19999694824219,56908714.28571428,54026700.0,1684819.8585670963,1456322.2716131955,89.44196697601542,58940052.15660475,50955947.84339525,0.022462074288839548,0.007947529543198488,0.006822415916365941,0.003154548751955607,0.011624694112850581,0.008666800064041299,0.007580052840268373,0.007036707722880681,-0.0022034967079062663,0.0,-0.002080982692281636,0.0033966007091290355,0.0,-0.0020161836738907097,0.0005959120610170748,0.0,0.010432825424821544,59642000.0
2025-02-05,59642000.0,854600.0,2871.60009765625,74.61000061035156,57522571.428571425,54267666.666666664,1821033.8853702024,1529264.594364597,89.81039897638712,59664061.84587815,50912738.15412185,0.010432825424821544,0.002225737461920763,0.006393163440626415,-0.02108686797930193,0.022462074288839548,0.007947529543198488,0.006822415916365941,0.011624694112850581,0.008666800064041299,0.007580052840268373,0.007036707722880681,-0.0022034967079062663,0.0,-0.011586782523214637,-0.008375258336732383,-0.0037878149272719363,0.05909867399674279,63273000.0
2025-02-07,63273000.0,889600.0,2867.300048828125,74.66000366210938,58586142.85714286,54637266.666666664,2196654.17548237,1662742.5105881516,91.96919691969197,61326093.88944252,50249606.11055748,0.05909867399674279,0.040138400286393386,-0.0014985622760742684,0.0006699678729411242,0.010432825424821544,0.002225737461920763,0.006393163440626415,0.022462074288839548,0.007947529543198488,0.006822415916365941,0.011624694112850581,0.008666800064041299,0.007580052840268373,0.008689214808810632,0.003358525407134224,0.000830957531606674,0.04523687069746607,66201000.0
2025-02-08,66201000.0,913650.0,2867.300048828125,74.66000366210938,59934428.571428575,55112100.0,2699483.130123168,1870090.634495155,93.32774773402392,63496522.57505958,49440577.42494042,0.04523687069746607,0.026675642454285366,0.0,0.0,0.05909867399674279,0.040138400286393386,-0.0014985622760742684,0.010432825424821544,0.002225737461920763,0.006393163440626415,0.022462074288839548,0.007947529543198488,0.006822415916365941,0.01660916937133565,0.0030488739803576858,0.015551374606769967,-0.03462531546640778,63948000.0
2025-02-10,63948000.0,881500.0,2914.300048828125,75.87000274658203,60977714.28571428,55524900.0,2882947.6030739546,2072662.028210915,79.19962773382969,64539658.23201692,49562441.76798308,-0.03462531546640778,-0.03582256411267841,0.01625883304656851,0.016076863014219258,0.04523687069746607,0.026675642454285366,0.0,0.05909867399674279,0.040138400286393386,-0.0014985622760742684,0.010432825424821544,0.002225737461920763,0.006393163440626415,-0.002080982692281636,0.0033966007091290355,0.0,-0.0018939547825406952,63827000.0
2025-02-11,63827000.0,883500.0,2912.5,77.0,61946571.428571425,55945600.0,2984181.0493678898,2254965.83244231,77.95264907401126,65368940.73027548,49862059.26972452,-0.0018939547825406952,0.002266289921826131,-0.0006178516064746903,0.014784036302540793,-0.03462531546640778,-0.03582256411267841,0.01625883304656851,0.04523687069746607,0.026675642454285366,0.0,0.05909867399674279,0.040138400286393386,-0.0014985622760742684,0.007036707722880681,-0.0022034967079062663,0.0,0.025934911158774217,65504000.0
2025-02-12,65504000.0,890600.0,2909.0,75.18000030517578,63059714.28571428,56423266.666666664,3163265.0195484012,2436625.6698635286,79.56103389723917,66383072.766550705,50150527.233449295,0.025934911158774217,0.008004101127850969,-0.0012024393787544148,-0.023920179658383733,-0.0018939547825406952,0.002266289921826131,-0.0006178516064746903,-0.03462531546640778,-0.03582256411267841,0.01625883304656851,0.04523687069746607,0.026675642454285366,0.0,0.011624694112850581,0.008666800064041299,0.007580052840268373,-0.0011303405972316904,65430000.0
2025-02-14,65430000.0,906150.0,2883.60009765625,74.73999786376953,63975000.0,56862933.333333336,3261621.2352790236,2601624.7829466276,79.75665111587442,67186857.05856204,50610042.94143796,-0.0011303405972316904,0.017309462365257922,-0.008769832098691125,-0.005869846720120414,0.025934911158774217,0.008004101127850969,-0.0012024393787544148,-0.0018939547825406952,0.002266289921826131,-0.0006178516064746903,-0.03462531546640778,-0.03582256411267841,0.01625883304656851,0.022462074288839548,0.007947529543198488,0.006822415916365941,-0.0052099412973514786,65090000.0
2025-02-15,65090000.0,907050.0,2883.60009765625,74.73999786376953,64753285.71428572,57275333.333333336,3274388.9685690627,2736177.620071115,81.32030597158835,67854699.64242877,51039500.35757123,-0.0052099412973514786,0.0009927201344717472,0.0,0.0,-0.0011303405972316904,0.017309462365257922,-0.008769832098691125,0.025934911158774217,0.008004101127850969,-0.0012024393787544148,-0.0018939547825406952,0.002266289921826131,-0.0006178516064746903,0.010432825424821544,0.002225737461920763,0.006393163440626415,-0.005468914073685354,64735000.0
2025-02-16,64735000.0,908200.0,2883.60009765625,74.73999786376953,64962142.85714286,57671500.0,3218758.11609181,2832693.7192752543,78.86447598677815,68371224.98787998,51514075.01212003,-0.005468914073685354,0.0012670432765191518,0.0,0.0,-0.0052099412973514786,0.0009927201344717472,0.0,-0.0011303405972316904,0.017309462365257922,-0.008769832098691125,0.025934911158774217,0.008004101127850969,-0.0012024393787544148,0.05909867399674279,0.040138400286393386,-0.0014985622760742684,0.016652115443883026,65822000.0
2025-02-17,65822000.0,919950.0,2883.60009765625,74.73999786376953,64908000.0,58081066.666666664,3225203.9369020313,2911195.7628006097,79.07066298697131,68979285.27911963,51971914.720880374,0.016652115443883026,0.012854702076251641,0.0,0.0,-0.005468914073685354,0.0012670432765191518,0.0,-0.0052099412973514786,0.0009927201344717472,0.0,-0.0011303405972316904,0.017309462365257922,-0.008769832098691125,0.04523687069746607,0.026675642454285366,0.0,0.026135968535555745,67565000.0
2025-02-18,67565000.0,921700.0,2931.60009765625,75.83999633789062,65424714.28571428,58572100.0,3332542.355634801,2995465.081367448,81.73311635475997,69812389.46498157,52336710.53501842,0.026135968535555745,0.001900470259516015,0.016508834966771475,0.01461041418427828,0.016652115443883026,0.012854702076251641,0.0,-0.005468914073685354,0.0012670432765191518,0.0,-0.0052099412973514786,0.0009927201344717472,0.0,-0.03462531546640778,-0.03582256411267841,0.01625883304656851,0.021509039367198196,69034000.0
2025-02-19,69034000.0,930700.0,2919.39990234375,76.04000091552734,66168571.428571425,59097100.0,3495846.901871197,3095541.4454681976,82.8016415868673,70816358.7972786,52625841.2027214,0.021509039367198196,0.009717200192046313,-0.004170300117599673,0.0026337200008458993,0.026135968535555745,0.001900470259516015,0.016508834966771475,0.016652115443883026,0.012854702076251641,0.0,-0.005468914073685354,0.0012670432765191518,0.0,-0.0018939547825406952,0.002266289921826131,-0.0006178516064746903,-0.016224426218296988,67923000.0
2025-02-21,67923000.0,935800.0,2937.60009765625,74.43000030517578,66514142.85714286,59608300.0,3495326.5674196854,3175498.4698584955,77.27442705272718,71395611.58160262,53239888.418397374,-0.016224426218296988,0.0054647872404512245,0.0062148724240374065,-0.021400439188312807,0.021509039367198196,0.009717200192046313,-0.004170300117599673,0.026135968535555745,0.001900470259516015,0.016508834966771475,0.016652115443883026,0.012854702076251641,0.0,0.025934911158774217,0.008004101127850969,-0.0012024393787544148,-0.007507165552912838,67415000.0
2025-02-22,67415000.0,927400.0,2937.60009765625,74.43000030517578,66797714.28571428,60112200.0,3414561.9000583217,3223311.1558984607,73.42040634070105,71645257.18827379,54197242.81172621,-0.007507165552912838,-0.009016806474755513,0.0,0.0,-0.016224426218296988,0.0054647872404512245,0.0062148724240374065,0.021509039367198196,0.009717200192046313,-0.004170300117599673,0.026135968535555745,0.001900470259516015,0.016508834966771475,-0.0011303405972316904,0.017309462365257922,-0.008769832098691125,-0.012643563487909145,66568000.0
2025-02-23,66568000.0,913150.0,2937.60009765625,74.43000030517578,67008857.14285714,60579866.666666664,3244805.401127808,3227610.0049443305,69.08619929453263,71649794.31491144,55266705.68508856,-0.012643563487909145,-0.015484811319309667,0.0,0.0,-0.007507165552912838,-0.009016806474755513,0.0,-0.016224426218296988,0.0054647872404512245,0.0062148724240374065,0.021509039367198196,0.009717200192046313,-0.004170300117599673,-0.0052099412973514786,0.0009927201344717472,0.0,-0.011512962013659775,65806000.0
2025-02-24,65806000.0,918300.0,2947.89990234375,74.77999877929688,67161857.14285715,61024133.333333336,3014041.1310127005,3184896.230158005,58.291325695581016,71523801.02160588,56296998.97839411,-0.011512962013659775,0.005623973981425742,0.003500064634192458,0.004691362753051228,-0.012643563487909145,-0.015484811319309667,0.0,-0.007507165552912838,-0.009016806474755513,0.0,-0.016224426218296988,0.0054647872404512245,0.0062148724240374065,-0.005468914073685354,0.0012670432765191518,0.0,0.020724104357368482,67184000.0
2025-02-25,67184000.0,925950.0,2904.5,73.0199966430664,67356428.57142857,61503700.0,2908820.79253491,3129681.142633386,53.58105646630237,71361074.28758731,57513625.71241269,0.020724104357368482,0.008296102888538149,-0.01483176087132524,-0.02381712297034897,-0.011512962013659775,0.005623973981425742,0.003500064634192458,-0.012643563487909145,-0.015484811319309667,0.0,-0.007507165552912838,-0.009016806474755513,0.0,0.016652115443883026,0.012854702076251641,0.0,-0.01324522675002068,66300000.0
2025-02-26,66300000.0,925200.0,2916.800048828125,72.52999877929688,67175714.28571428,61909800.0,2722715.7319892347,3048288.0605045557,59.5176432502428,70921905.56591494,58878294.43408505,-0.01324522675002068,-0.0008103071507304971,0.0042258832321174136,-0.006733077709692673,0.020724104357368482,0.008296102888538149,-0.01483176087132524,-0.011512962013659775,0.005623973981425742,0.003500064634192458,-0.012643563487909145,-0.015484811319309667,0.0,0.026135968535555745,0.001900470259516015,0.016508834966771475,-0.02972865075246723,64358000.0
2025-02-28,64358000.0,921600.0,2836.800048828125,73.18000030517578,66507714.28571428,62227600.0,2390961.44544217,2916822.737492079,51.87275163998026,70230542.82982874,60234257.17017126,-0.02972865075246723,-0.003898640415657309,-0.027810468132365304,0.008921911216267462,-0.01324522675002068,-0.0008103071507304971,0.0042258832321174136,0.020724104357368482,0.008296102888538149,-0.01483176087132524,-0.011512962013659775,0.005623973981425742,0.003500064634192458,0.021509039367198196,0.009717200192046313,-0.004170300117599673,0.011632259315346009,65111000.0
2025-03-01,65111000.0,922300.0,2836.800048828125,73.18000030517578,66106000.0,62559200.0,2163860.9480569586,2766230.379605055,48.51731683392439,69596011.82912204,61477588.17087796,0.011632259315346009,0.000759260300046449,0.0,0.0,-0.02972865075246723,-0.003898640415657309,-0.027810468132365304,-0.01324522675002068,-0.0008103071507304971,0.0042258832321174136,0.020724104357368482,0.008296102888538149,-0.01483176087132524,-0.016224426218296988,0.0054647872404512245,0.0062148724240374065,-0.020747921975195947,63774000.0
2025-03-02,63774000.0,907350.0,2836.800048828125,73.18000030517578,65585857.14285714,62832133.333333336,1854618.5532616302,2583908.0143363704,44.29594929732709,68847618.82028484,62639181.179715164,-0.020747921975195947,-0.0163422870206403,0.0,0.0,0.011632259315346009,0.000759260300046449,0.0,-0.02972865075246723,-0.003898640415657309,-0.027810468132365304,-0.01324522675002068,-0.0008103071507304971,0.0042258832321174136,-0.007507165552912838,-0.009016806474755513,0.0,0.00905350839293958,64354000.0
2025-03-03,64354000.0,904800.0,2890.199951171875,71.62000274658203,65269571.428571425,63107166.666666664,1637467.1778150126,2394619.847032099,47.5060992138791,68754723.17322102,62840176.826778986,0.00905350839293958,-0.0028143384191222165,0.018649013437514753,-0.02154776084161021,-0.020747921975195947,-0.0163422870206403,0.0,0.011632259315346009,0.000759260300046449,0.0,-0.02972865075246723,-0.003898640415657309,-0.027810468132365304,-0.012643563487909145,-0.015484811319309667,0.0,-0.006845016552454097,63915000.0
2025-03-04,63915000.0,884900.0,2909.60009765625,71.04000091552734,64999428.571428575,63371333.333333336,1413653.796165198,2198426.636858719,47.237196765498645,68749450.10375956,62616849.89624045,-0.006845016552454097,-0.022239280528606166,0.00668996126638687,-0.008131291348252717,0.00905350839293958,-0.0028143384191222165,0.018649013437514753,-0.020747921975195947,-0.0163422870206403,0.0,0.011632259315346009,0.000759260300046449,0.0,-0.011512962013659775,0.005623973981425742,0.003500064634192458,-0.0020203450854618817,63786000.0
2025-03-05,63786000.0,891700.0,2915.300048828125,69.30000305175781,64514000.0,63652700.0,1211900.818563044,2001121.473199584,42.666762714306294,68761439.57700624,62588660.42299377,-0.0020203450854618817,0.007655108867529209,0.001957098953760298,-0.02479816133863946,-0.006845016552454097,-0.022239280528606166,0.00668996126638687,0.00905350839293958,-0.0028143384191222165,0.018649013437514753,-0.020747921975195947,-0.0163422870206403,0.0,0.020724104357368482,0.008296102888538149,-0.01483176087132524,0.03953059569580906,66358000.0
2025-03-07,66358000.0,912200.0,2904.699951171875,70.36000061035156,64522285.71428572,64003700.0,1245195.2000022456,1849936.2185601166,45.897627625586296,68774402.56925844,62828797.43074157,0.03953059569580906,0.022729511136766342,-0.0036426492705193695,0.015179978311286917,-0.0020203450854618817,0.007655108867529209,0.001957098953760298,-0.006845016552454097,-0.022239280528606166,0.00668996126638687,0.00905350839293958,-0.0028143384191222165,0.018649013437514753,-0.01324522675002068,-0.0008103071507304971,0.0042258832321174136,0.012341028275782654,67182000.0
2025-03-08,67182000.0,922100.0,2904.699951171875,70.36000061035156,64925714.28571428,64351000.0,1322822.4766283631,1744513.4701737661,43.41674960898621,68917072.1472877,62853927.852712296,0.012341028275782654,0.010794413267495516,0.0,0.0,0.03953059569580906,0.022729511136766342,-0.0036426492705193695,-0.0020203450854618817,0.007655108867529209,0.001957098953760298,-0.006845016552454097,-0.022239280528606166,0.00668996126638687,-0.02972865075246723,-0.003898640415657309,-0.027810468132365304,0.0023639091314031496,67341000.0
2025-03-09,67341000.0,923850.0,2904.699951171875,70.36000061035156,65244285.71428572,64707533.333333336,1381250.428667307,1671860.8618724744,47.780997407350924,69072053.75282852,62890046.24717147,0.0023639091314031496,0.0018960432560664359,0.0,0.0,0.012341028275782654,0.010794413267495516,0.0,0.03953059569580906,0.022729511136766342,-0.0036426492705193695,-0.0020203450854618817,0.007655108867529209,0.001957098953760298,0.011632259315346009,0.000759260300046449,0.0,-0.008874893246372214,66746000.0
2025-03-10,66746000.0,922850.0,2891.0,69.27999877929688,65668857.14285714,65030900.0,1363822.181077674,1610253.1257135144,47.466101052950535,69143050.39347197,62984649.60652803,-0.008874893246372214,-0.0010830130478616609,-0.004727634903135915,-0.01546868190972197,0.0023639091314031496,0.0018960432560664359,0.0,0.012341028275782654,0.010794413267495516,0.0,0.03953059569580906,0.022729511136766342,-0.0036426492705193695,-0.020747921975195947,-0.0163422870206403,0.0,0.007641600123535849,67258000.0
2025-03-11,67258000.0,926800.0,2912.89990234375,69.55999755859375,66083714.28571428,65349100.0,1375468.7428683937,1563296.2491444903,52.681486087362046,69246619.4605014,63133380.539498605,0.007641600123535849,0.0042710848049209325,0.007546651957820141,0.0040334077539037365,-0.008874893246372214,-0.0010830130478616609,-0.004727634903135915,0.0023639091314031496,0.0018960432560664359,0.0,0.012341028275782654,0.010794413267495516,0.0,0.00905350839293958,-0.0028143384191222165,0.018649013437514753,0.012588074738545462,68110000.0
2025-03-12,68110000.0,923050.0,2939.10009765625,70.94999694824219,66683000.0,65652000.0,1436884.4964893982,1538013.898613472,58.89163322012968,69472268.64427307,63136531.355726935,0.012588074738545462,-0.004054388341642694,0.008954330271122598,0.0197857062050212,0.007641600123535849,0.0042710848049209325,0.007546651957820141,-0.008874893246372214,-0.0010830130478616609,-0.004727634903135915,0.0023639091314031496,0.0018960432560664359,0.0,-0.006845016552454097,-0.022239280528606166,0.00668996126638687,0.008814364603456654,68713000.0
2025-03-14,68713000.0,911350.0,2994.5,70.58000183105469,67386857.14285715,65954366.666666664,1516730.0641811937,1533757.1317270165,56.27616780231508,69664572.58965062,63059027.410349384,0.008814364603456654,-0.012756387545636006,0.01867382745922832,-0.005228516403163927,0.012588074738545462,-0.004054388341642694,0.008954330271122598,0.007641600123535849,0.0042710848049209325,0.007546651957820141,-0.008874893246372214,-0.0010830130478616609,-0.004727634903135915,-0.0020203450854618817,0.007655108867529209,0.001957098953760298,0.07133901763164485,73794000.0
2025-03-15,73794000.0,931300.0,2994.5,70.58000183105469,68449142.85714285,66305066.666666664,1967324.3971114382,1620470.584803901,72.8782513127366,71160005.93256143,62039594.067438565,0.07133901763164485,0.021654442856669676,0.0,0.0,0.008814364603456654,-0.012756387545636006,0.01867382745922832,0.012588074738545462,-0.004054388341642694,0.008954330271122598,0.007641600123535849,0.0042710848049209325,0.007546651957820141,0.03953059569580906,0.022729511136766342,-0.0036426492705193695,0.0422422392555384,76978000.0
2025-03-16,76978000.0,943200.0,2994.5,70.58000183105469,69848571.42857143,66664300.0,2551928.795878887,1806762.2270188984,85.81157775255392,73551700.5023835,60553399.49761651,0.0422422392555384,0.012696889695548996,0.0,0.0,0.07133901763164485,0.021654442856669676,0.0,0.008814364603456654,-0.012756387545636006,0.01867382745922832,0.012588074738545462,-0.004054388341642694,0.008954330271122598,0.012341028275782654,0.010794413267495516,0.0,0.05208930890328141,81094000.0
2025-03-17,81094000.0,977800.0,3000.0,71.06999969482422,71813285.71428572,67235833.33333333,3309212.2559288293,2107252.2328008846,88.08559309917553,76778044.38368276,58694955.616317235,0.05208930890328141,0.036026800921384015,0.0018350159457296321,0.006918458354695154,0.0422422392555384,0.012696889695548996,0.0,0.07133901763164485,0.021654442856669676,0.0,0.008814364603456654,-0.012756387545636006,0.01867382745922832,0.0023639091314031496,0.0018960432560664359,0.0,-0.021261752317136083,79388000.0
2025-03-24,79388000.0,1017850.0,3013.10009765625,73.0,73619285.71428572,67754533.33333333,3728722.5194331557,2431546.290127339,86.56331959535407,78784832.2634624,57970167.736537606,-0.021261752317136083,0.040142688368510024,0.004357192851965804,0.026794138603604335,0.05208930890328141,0.036026800921384015,0.0018350159457296321,0.0422422392555384,0.012696889695548996,0.0,0.07133901763164485,0.021654442856669676,0.0,-0.008874893246372214,-0.0010830130478616609,-0.004727634903135915,0.0070417080543418165,79949000.0
2025-03-25,79949000.0,1019200.0,3023.699951171875,73.0199966430664,75432285.71428572,68236033.33333333,4059658.2242364585,2757168.676949163,86.5513523648807,80617399.34628385,57551900.65371615,0.0070417080543418165,0.0013254463048435632,0.0035117493782604987,0.00027388910630211086,-0.021261752317136083,0.040142688368510024,0.004357192851965804,0.05208930890328141,0.036026800921384015,0.0018350159457296321,0.0422422392555384,0.012696889695548996,0.0,0.007641600123535849,0.0042710848049209325,0.007546651957820141,0.014811774845409537,81142000.0
2025-03-26,81142000.0,1021900.0,3020.89990234375,73.79000091552734,77294000.0,68759766.66666667,4367842.514618114,3079303.4444829533,88.99805315343868,82463214.02835435,57101885.971645646,0.014811774845409537,0.0026456338002644048,-0.0009264629905246514,0.010489903222782648,0.0070417080543418165,0.0013254463048435632,0.0035117493782604987,-0.021261752317136083,0.040142688368510024,0.004357192851965804,0.05208930890328141,0.036026800921384015,0.0018350159457296321,0.012588074738545462,-0.004054388341642694,0.008954330271122598,0.020396422994282938,82814000.0
2025-03-28,82814000.0,1038950.0,3086.5,73.62999725341797,79308428.57142857,69350566.66666667,4692900.377286166,3402022.8310435964,90.26237833262802,84433104.16883208,56783395.83116792,0.020396422994282938,0.016546948127725704,0.021482994944002225,-0.002170719399337056,0.014811774845409537,0.0026456338002644048,-0.0009264629905246514,0.0070417080543418165,0.0013254463048435632,0.0035117493782604987,-0.021261752317136083,0.040142688368510024,0.004357192851965804,0.008814364603456654,-0.012756387545636006,0.01867382745922832,-0.012112083246872553,81817000.0
2025-03-29,81817000.0,1027800.0,3086.5,73.62999725341797,80454571.42857143,69919966.66666667,4814562.231202319,3684530.711075341,85.0464747222852,85838893.21158154,57123506.78841846,-0.012112083246872553,-0.010789992187759832,0.0,0.0,0.020396422994282938,0.016546948127725704,0.021482994944002225,0.014811774845409537,0.0026456338002644048,-0.0009264629905246514,0.0070417080543418165,0.0013254463048435632,0.0035117493782604987,0.07133901763164485,0.021654442856669676,0.0,0.006881920473376317,82382000.0
2025-04-02,82382000.0,1027800.0,3139.89990234375,74.94999694824219,81226571.42857143,70471966.66666667,4900085.766536027,3927641.7221674784,84.86878326298404,87159497.65758415,57530002.34241586,0.006881920473376317,0.0,0.01715315832575217,0.01776866975321802,-0.012112083246872553,-0.010789992187759832,0.0,0.020396422994282938,0.016546948127725704,0.021482994944002225,0.014811774845409537,0.0026456338002644048,-0.0009264629905246514,0.0422422392555384,0.012696889695548996,0.0,-0.06619883714093036,77105000.0
2025-04-04,77105000.0,1025650.0,3012.0,65.58000183105469,80656714.28571428,70789966.66666667,4490292.687193081,4040171.9151725993,68.13925837853904,87395728.71704641,58626871.28295359,-0.06619883714093036,-0.0020940376299833086,-0.04158661123991857,-0.1335503844939236,0.006881920473376317,0.0,0.01715315832575217,-0.012112083246872553,-0.010789992187759832,0.0,0.020396422994282938,0.016546948127725704,0.021482994944002225,0.05208930890328141,0.036026800921384015,0.0018350159457296321,0.035144537359925794,79863000.0
2025-04-05,79863000.0,1045200.0,3012.0,65.58000183105469,80724571.42857143,71150933.33333333,4338069.702668622,4099751.472671804,72.55562815971386,87875203.62064455,59698296.379355446,0.035144537359925794,0.018881696718311455,0.0,0.0,-0.06619883714093036,-0.0020940376299833086,-0.04158661123991857,0.006881920473376317,0.0,0.01715315832575217,-0.012112083246872553,-0.010789992187759832,0.0,-0.021261752317136083,0.040142688368510024,0.004357192851965804,-0.02058276699427422,78236000.0
2025-04-06,78236000.0,1055550.0,3012.0,65.58000183105469,80479857.14285715,71494700.0,4039580.8150478303,4087717.3411470097,68.18031266560678,87918355.16006072,61087244.83993928,-0.02058276699427422,0.009853703434210185,0.0,0.0,0.035144537359925794,0.018881696718311455,0.0,-0.06619883714093036,-0.0020940376299833086,-0.04158661123991857,0.006881920473376317,0.0,0.01715315832575217,0.0070417080543418165,0.0013254463048435632,0.0035117493782604987,-0.06048722648031111,73644000.0
2025-04-07,73644000.0,997950.0,2951.300048828125,64.20999908447266,79408714.28571428,71702333.33333333,3393373.5006435364,3948848.5730463155,58.154544382883415,87442809.56259155,62548590.43740845,-0.06048722648031111,-0.05611406222466145,-0.02035854214521939,-0.021111851789805954,-0.02058276699427422,0.009853703434210185,0.0,0.035144537359925794,0.018881696718311455,0.0,-0.06619883714093036,-0.0020940376299833086,-0.04158661123991857,0.014811774845409537,0.0026456338002644048,-0.0009264629905246514,0.023975657907373497,75431000.0
2025-04-08,75431000.0,999700.0,2968.39990234375,62.81999969482422,78354000.0,71997766.66666667,2990967.502171293,3757272.358871311,59.56544025515435,87213557.14710516,63685142.85289484,0.023975657907373497,0.0017520591171288292,0.0057772864227977104,-0.021885458295066693,-0.06048722648031111,-0.05611406222466145,-0.02035854214521939,-0.02058276699427422,0.009853703434210185,0.0,0.035144537359925794,0.018881696718311455,0.0,0.020396422994282938,0.016546948127725704,0.021482994944002225,0.012738186717019576,76398000.0
2025-04-09,76398000.0,1008900.0,3056.5,65.4800033569336,77579857.14285715,72350833.33333333,2718746.648642659,3549567.216825581,54.19972904973873,87014324.98108375,64805975.01891625,0.012738186717019576,0.009160673441198666,0.02924741627141751,0.04147131451692063,0.023975657907373497,0.0017520591171288292,0.0057772864227977104,-0.06048722648031111,-0.05611406222466145,-0.02035854214521939,-0.02058276699427422,0.009853703434210185,0.0,-0.012112083246872553,-0.010789992187759832,0.0,-0.03484171840098832,73782000.0
2025-04-11,73782000.0,962150.0,3222.199951171875,64.76000213623047,76351285.71428572,72570766.66666667,2265801.573671311,3292814.0881947274,44.749293553262795,86641833.20249693,65822566.79750308,-0.03484171840098832,-0.04744554374776562,0.05279387043444554,-0.01105664197316557,0.012738186717019576,0.009160673441198666,0.02924741627141751,0.023975657907373497,0.0017520591171288292,0.0057772864227977104,-0.06048722648031111,-0.05611406222466145,-0.02035854214521939,0.006881920473376317,0.0,0.01715315832575217,-0.10493593131499647,66432000.0
2025-04-12,66432000.0,859900.0,3222.199951171875,64.76000213623047,74826571.42857143,72575166.66666667,1298784.1893071681,2894008.1084172158,28.22561482713556,86687142.6787119,65745857.321288094,-0.10493593131499647,-0.11235426024971722,0.0,0.0,-0.03484171840098832,-0.04744554374776562,0.05279387043444554,0.012738186717019576,0.009160673441198666,0.02924741627141751,0.023975657907373497,0.0017520591171288292,0.0057772864227977104,-0.06619883714093036,-0.0020940376299833086,-0.04158661123991857,0.017118415795993325,67579000.0
2025-04-13,67579000.0,880800.0,3222.199951171875,64.76000213623047,73071714.28571428,72682533.33333333,617847.1025340408,2438775.907240581,32.16648041318071,86646202.30383956,65818897.69616043,0.017118415795993325,0.024014481991619277,0.0,0.0,-0.10493593131499647,-0.11235426024971722,0.0,-0.03484171840098832,-0.04744554374776562,0.05279387043444554,0.012738186717019576,0.009160673441198666,0.02924741627141751,0.035144537359925794,0.018881696718311455,0.0,-0.0036616773425269095,67332000.0
2025-04-14,67332000.0,879800.0,3204.800048828125,64.87999725341797,71514000.0,72756566.66666667,57604.68865159154,1962541.6635227832,30.76383595060223,86740023.1910174,65647276.808982596,-0.0036616773425269095,-0.0011359764938508132,-0.00541463975573675,0.001851205677578929,0.017118415795993325,0.024014481991619277,0.0,-0.10493593131499647,-0.11235426024971722,0.0,-0.03484171840098832,-0.04744554374776562,0.05279387043444554,-0.02058276699427422,0.009853703434210185,0.0,0.035339160170575944,69754000.0
2025-04-15,69754000.0,877000.0,3218.699951171875,64.66999816894531,70958285.71428572,72955900.0,-188780.16198170185,1532277.2984218863,33.264754291088636,86645884.45382985,65845515.54617014,0.035339160170575944,-0.0031876165424363154,0.004327834993182707,-0.003241980329212837,-0.0036616773425269095,-0.0011359764938508132,-0.00541463975573675,0.017118415795993325,0.024014481991619277,0.0,-0.10493593131499647,-0.11235426024971722,0.0,-0.06048722648031111,-0.05611406222466145,-0.02035854214521939,-0.015080017684426482,68710000.0
2025-04-16,68710000.0,855950.0,3326.60009765625,65.8499984741211,69998142.85714285,73101100.0,-462947.4362729341,1133232.3514829222,28.883698646544488,86881010.28815298,65101989.71184702,-0.015080017684426482,-0.024295029151395666,0.032973254571937116,0.01808201787256694,0.035339160170575944,-0.0031876165424363154,0.004327834993182707,-0.0036616773425269095,-0.0011359764938508132,-0.00541463975573675,0.017118415795993325,0.024014481991619277,0.0,0.023975657907373497,0.0017520591171288292,0.0057772864227977104,-0.045648546225603215,65644000.0
2025-04-18,65644000.0,831900.0,3326.60009765625,65.8499984741211,68461857.14285715,73158733.33333333,-917056.2986233681,723174.6214616641,27.198646552939522,87238586.85399306,63611013.14600695,-0.045648546225603215,-0.028499721930945326,0.0,0.0,-0.015080017684426482,-0.024295029151395666,0.032973254571937116,0.035339160170575944,-0.0031876165424363154,0.004327834993182707,-0.0036616773425269095,-0.0011359764938508132,-0.00541463975573675,0.012738186717019576,0.009160673441198666,0.02924741627141751,-0.0015397870209006535,65543000.0
2025-04-19,65543000.0,827900.0,3326.60009765625,65.8499984741211,67284857.14285715,73217300.0,-1270445.791363746,324450.5388965821,25.944973000771398,86927785.4910675,62366714.5089325,-0.0015397870209006535,-0.004819867145081806,0.0,0.0,-0.045648546225603215,-0.028499721930945326,0.0,-0.015080017684426482,-0.024295029151395666,0.032973254571937116,0.035339160170575944,-0.0031876165424363154,0.004327834993182707,-0.03484171840098832,-0.04744554374776562,0.05279387043444554,0.011935867740983805,66330000.0
2025-04-20,66330000.0,819750.0,3326.60009765625,65.8499984741211,67270285.71428572,73216366.66666667,-1470059.259563595,-34451.420795453334,32.3424338763069,86597868.64445214,61390831.35554786,0.011935867740983805,-0.009892958420002564,0.0,0.0,-0.0015397870209006535,-0.004819867145081806,0.0,-0.045648546225603215,-0.028499721930945326,0.0,-0.015080017684426482,-0.024295029151395666,0.032973254571937116,-0.10493593131499647,-0.11235426024971722,0.0,-0.00964990862427637,65693000.0
2025-04-21,65693000.0,808350.0,3406.199951171875,66.26000213623047,67000857.14285714,73166733.33333333,-1660513.5806938112,-359663.8527751249,25.044029587883045,86078129.46854302,60484970.53145698,-0.00964990862427637,-0.014004282677142247,0.023646495357054,0.006207024094622287,0.011935867740983805,-0.009892958420002564,0.0,-0.0015397870209006535,-0.004819867145081806,0.0,-0.045648546225603215,-0.028499721930945326,0.0,0.017118415795993325,0.024014481991619277,0.0,-0.009605604684467615,65065000.0
2025-04-22,65065000.0,808750.0,3400.800048828125,67.44000244140625,66677000.0,73090866.66666667,-1840903.5635657161,-655911.7949332432,25.9574312730459,85214928.00711611,59740471.99288388,-0.009605604684467615,0.0004947127674950032,-0.0015865736672474797,0.017651920782888623,-0.00964990862427637,-0.014004282677142247,0.023646495357054,0.011935867740983805,-0.009892958420002564,0.0,-0.0015397870209006535,-0.004819867145081806,0.0,-0.0036616773425269095,-0.0011359764938508132,-0.00541463975573675,0.02228123422528097,66531000.0
2025-04-25,66531000.0,823600.0,3282.39990234375,66.87000274658203,66216571.428571425,73083700.0,-1844309.919792235,-893591.4199050416,35.34308675046363,83680143.62320551,59646956.376794495,0.02228123422528097,0.01819512933852411,-0.03543588002591684,-0.008487872755416863,-0.009605604684467615,0.0004947127674950032,-0.0015865736672474797,-0.00964990862427637,-0.014004282677142247,0.023646495357054,0.011935867740983805,-0.009892958420002564,0.0,0.035339160170575944,-0.0031876165424363154,0.004327834993182707,0.006128691329178997,66940000.0
2025-04-26,66940000.0,827000.0,3282.39990234375,66.87000274658203,65963714.28571428,73073100.0,-1793334.1599150896,-1073539.9679070513,31.450168217765537,82102827.34905863,59736572.650941364,0.006128691329178997,0.0041197198700569405,0.0,0.0,0.02228123422528097,0.01819512933852411,-0.03543588002591684,-0.009605604684467615,0.0004947127674950032,-0.0015865736672474797,-0.00964990862427637,-0.014004282677142247,0.023646495357054,-0.015080017684426482,-0.024295029151395666,0.032973254571937116,-0.024085163423157616,65347000.0
2025-04-27,65347000.0,812650.0,3282.39990234375,66.87000274658203,65921285.71428572,72981000.0,-1860035.9530607462,-1230839.1649377903,26.50023391315443,80112138.7356767,60023761.264323294,-0.024085163423157616,-0.01750418247450636,0.0,0.0,0.006128691329178997,0.0041197198700569405,0.0,0.02228123422528097,0.01819512933852411,-0.03543588002591684,-0.009605604684467615,0.0004947127674950032,-0.0015865736672474797,-0.045648546225603215,-0.028499721930945326,0.0,-0.006709837314645766,64910000.0
2025-04-28,64910000.0,809650.0,3332.5,65.86000061035156,65830857.14285714,72854233.33333333,-1925958.6006471068,-1369863.0520796536,29.206899784381747,79179101.8338402,59737298.166159794,-0.006709837314645766,-0.003698457029705085,0.015147940676365497,-0.015219190923715474,-0.024085163423157616,-0.01750418247450636,0.0,0.006128691329178997,0.0041197198700569405,0.0,0.02228123422528097,0.01819512933852411,-0.03543588002591684,-0.0015397870209006535,-0.004819867145081806,0.0,-0.0006318433855095718,64869000.0
2025-04-29,64869000.0,813900.0,3318.800048828125,64.25,65622142.85714286,72556733.33333333,-1958929.8077230677,-1487676.4032083366,44.42780748663102,77297545.29956007,60119454.70043994,-0.0006318433855095718,0.0052354528135159185,-0.004119486550149282,-0.024749562440298144,-0.006709837314645766,-0.003698457029705085,0.015147940676365497,-0.024085163423157616,-0.01750418247450636,0.0,0.006128691329178997,0.0041197198700569405,0.0,0.011935867740983805,-0.009892958420002564,0.0,-0.010771707415967412,64174000.0
2025-04-30,64174000.0,819450.0,3305.0,63.119998931884766,65405142.85714286,72129933.33333333,-2017879.5590478405,-1593717.0343762373,37.45671553820084,75549195.11916913,60461604.88083087,-0.010771707415967412,0.006795875176840625,-0.004166813216927875,-0.017744064159688273,-0.0006318433855095718,0.0052354528135159185,-0.004119486550149282,-0.006709837314645766,-0.003698457029705085,0.015147940676365497,-0.024085163423157616,-0.01750418247450636,0.0,-0.00964990862427637,-0.014004282677142247,0.023646495357054,0.05435914802169546,67759000.0
2025-05-02,67759000.0,856900.0,3231.89990234375,61.290000915527344,65790000.0,71685433.33333333,-1755086.5772191286,-1625990.9429448156,51.26249186919757,74772568.59238228,60649731.40761772,0.05435914802169546,0.04468784216523673,-0.022366303933889376,-0.029420947180370673,-0.010771707415967412,0.006795875176840625,-0.004166813216927875,-0.0006318433855095718,0.0052354528135159185,-0.004119486550149282,-0.006709837314645766,-0.003698457029705085,0.015147940676365497,-0.009605604684467615,0.0004947127674950032,-0.0015865736672474797,0.004549913243594658,68068000.0
2025-05-03,68068000.0,858700.0,3231.89990234375,61.290000915527344,66009571.428571425,71308100.0,-1504544.0806043819,-1601701.570476729,44.303284227598326,73407093.18078665,61278906.819213346,0.004549913243594658,0.0020983920033658624,0.0,0.0,0.05435914802169546,0.04468784216523673,-0.022366303933889376,-0.010771707415967412,0.006795875176840625,-0.004166813216927875,-0.0006318433855095718,0.0052354528135159185,-0.004119486550149282,0.02228123422528097,0.01819512933852411,-0.03543588002591684,-0.003974509523004146,67798000.0
2025-05-04,67798000.0,844400.0,3231.89990234375,61.290000915527344,66132142.85714286,70903066.66666667,-1312642.7618252635,-1543889.808746436,46.748431260695945,71246196.80216764,62579803.19783236,-0.003974509523004146,-0.016793301704273497,0.0,0.0,0.004549913243594658,0.0020983920033658624,0.0,0.05435914802169546,0.04468784216523673,-0.022366303933889376,-0.010771707415967412,0.006795875176840625,-0.004166813216927875,0.006128691329178997,0.0041197198700569405,0.0,-0.013498166885395953,66889000.0
2025-05-05,66889000.0,824650.0,3311.300048828125,60.22999954223633,66352428.571428575,70427966.66666667,-1219846.6543849334,-1479081.1778741356,55.245639167439116,69456823.15521905,63679876.844780944,-0.013498166885395953,-0.023667262080004265,0.024270706904035648,-0.0174461529799008,-0.003974509523004146,-0.016793301704273497,0.0,0.004549913243594658,0.0020983920033658624,0.0,0.05435914802169546,0.04468784216523673,-0.022366303933889376,-0.024085163423157616,-0.01750418247450636,0.0,-0.0030844812284619425,66683000.0
2025-05-06,66683000.0,820500.0,3411.39990234375,62.150001525878906,66605714.28571428,69890266.66666667,-1149674.8134628981,-1413199.9049918882,54.76110925492817,69469059.8512402,63692740.14875979,-0.0030844812284619425,-0.0050451433640156225,0.02978185932439555,0.03138028305290158,-0.013498166885395953,-0.023667262080004265,0.024270706904035648,-0.003974509523004146,-0.016793301704273497,0.0,0.004549913243594658,0.0020983920033658624,0.0,-0.006709837314645766,-0.003698457029705085,0.015147940676365497,0.004115509284561192,66958000.0
2025-05-07,66958000.0,830600.0,3381.39990234375,61.119998931884766,66904142.85714286,69394966.66666667,-1059657.846205324,-1342491.4932345755,52.73996509598604,69406004.51999806,63693695.48000194,0.004115509284561192,0.01223442066650767,-0.008832939557882192,-0.016711715125713435,-0.0030844812284619425,-0.0050451433640156225,0.02978185932439555,-0.013498166885395953,-0.023667262080004265,0.024270706904035648,-0.003974509523004146,-0.016793301704273497,0.0,-0.0006318433855095718,0.0052354528135159185,-0.004119486550149282,0.0034439864972758945,67189000.0
2025-05-09,67189000.0,835500.0,3335.39990234375,63.90999984741211,67334857.14285715,68888533.33333333,-958628.5089384913,-1265718.8963753588,56.76678125565407,69391316.29198238,63694083.708017625,0.0034439864972758945,0.005882016838795308,-0.013697213113690078,0.0446367138920895,0.004115509284561192,0.01223442066650767,-0.008832939557882192,-0.0030844812284619425,-0.0050451433640156225,0.02978185932439555,-0.013498166885395953,-0.023667262080004265,0.024270706904035648,-0.010771707415967412,0.006795875176840625,-0.004166813216927875,-0.01057830932363361,66482000.0
2025-05-10,66482000.0,831950.0,3335.39990234375,63.90999984741211,67152428.57142857,68534433.33333333,-924948.788755782,-1197564.8748514436,56.36396299290398,68793981.8343108,63964218.1656892,-0.01057830932363361,-0.004258005173932124,0.0,0.0,0.0034439864972758945,0.005882016838795308,-0.013697213113690078,0.004115509284561192,0.01223442066650767,-0.008832939557882192,-0.0030844812284619425,-0.0050451433640156225,0.02978185932439555,0.05435914802169546,0.04468784216523673,-0.022366303933889376,-0.016240794292038136,65411000.0
2025-05-11,65411000.0,834900.0,3335.39990234375,63.90999984741211,66772857.14285714,68052700.0,-973456.7140968964,-1152743.2427005342,44.78487614080834,68398318.42178823,64029981.57821176,-0.016240794292038136,0.003539614338438628,0.0,0.0,-0.01057830932363361,-0.004258005173932124,0.0,0.0034439864972758945,0.005882016838795308,-0.013697213113690078,0.004115509284561192,0.01223442066650767,-0.008832939557882192,0.004549913243594658,0.0020983920033658624,0.0,0.006263688916000357,65822000.0
2025-05-12,65822000.0,835000.0,3220.0,64.95999908447266,66490571.428571425,67638900.0,-967581.6503146142,-1115710.9242233501,44.7951582867784,68398871.05252975,64047228.947470255,0.006263688916000357,0.00011976765090070159,-0.03521122337030222,0.0162958404850662,-0.016240794292038136,0.003539614338438628,0.0,-0.01057830932363361,-0.004258005173932124,0.0,0.0034439864972758945,0.005882016838795308,-0.013697213113690078,-0.003974509523004146,-0.016793301704273497,0.0,-0.018662321780310066,64605000.0
2025-05-13,64605000.0,832100.0,3240.300048828125,66.62999725341797,66164285.71428572,67337600.0,-1049034.7296838835,-1102375.6853154567,46.4203010420687,68451836.71185786,63900463.28814215,-0.018662321780310066,-0.0034790989444712325,0.006284573623097743,0.025383203593329424,0.006263688916000357,0.00011976765090070159,-0.03521122337030222,-0.016240794292038136,0.003539614338438628,0.0,-0.01057830932363361,-0.004258005173932124,0.0,-0.013498166885395953,-0.023667262080004265,0.024270706904035648,-0.004001494265416084,64347000.0
2025-05-14,64347000.0,831100.0,3181.39990234375,66.08999633789062,65830571.428571425,66968133.333333336,-1121477.6297061443,-1106196.0741935943,47.236131566028476,68492936.91099225,63661063.08900774,-0.004001494265416084,-0.0012025013474035447,-0.018344612393290653,-0.008137491281628058,-0.018662321780310066,-0.0034790989444712325,0.006284573623097743,0.006263688916000357,0.00011976765090070159,-0.03521122337030222,-0.016240794292038136,0.003539614338438628,0.0,-0.0030844812284619425,-0.0050451433640156225,0.02978185932439555,-0.019601239584997616,63098000.0
2025-05-16,63098000.0,823350.0,3182.0,65.41000366210938,65279142.85714286,66524800.0,-1265089.8433451653,-1137974.8280239087,42.227683665408584,68704626.77588874,63189873.22411126,-0.019601239584997616,-0.009368740894972754,0.00018860912947111057,-0.010342186111299289,-0.004001494265416084,-0.0012025013474035447,-0.018344612393290653,-0.018662321780310066,-0.0034790989444712325,0.006284573623097743,0.006263688916000357,0.00011976765090070159,-0.03521122337030222,0.004115509284561192,0.01223442066650767,-0.008832939557882192,-0.014221539717882497,62207000.0
2025-05-17,62207000.0,818000.0,3182.0,65.41000366210938,64567428.571428575,66138966.666666664,-1434266.4797478765,-1197233.1583687023,41.513504185003015,69013466.89934853,62595233.10065148,-0.014221539717882497,-0.006519047061260855,0.0,0.0,-0.019601239584997616,-0.009368740894972754,0.00018860912947111057,-0.004001494265416084,-0.0012025013474035447,-0.018344612393290653,-0.018662321780310066,-0.0034790989444712325,0.006284573623097743,0.0034439864972758945,0.005882016838795308,-0.013697213113690078,0.005770448954780251,62567000.0
2025-05-18,62567000.0,818550.0,3182.0,65.41000366210938,64008142.85714286,66010133.333333336,-1521749.4116332158,-1262136.409021605,18.96221903395505,69103044.81954311,62109255.18045689,0.005770448954780251,0.0006721456976036006,0.0,0.0,-0.014221539717882497,-0.006519047061260855,0.0,-0.019601239584997616,-0.009368740894972754,0.00018860912947111057,-0.004001494265416084,-0.0012025013474035447,-0.018344612393290653,-0.01057830932363361,-0.004258005173932124,0.0,0.0522949183160084,65926000.0
2025-05-19,65926000.0,840650.0,3228.89990234375,65.54000091552734,64081714.28571428,65955033.333333336,-1304993.8806415796,-1270707.9033456,40.616786402663394,68999928.02019101,62110971.979808986,0.0522949183160084,0.026640919824586485,0.014631561796196542,0.001985449279539095,0.005770448954780251,0.0006721456976036006,0.0,-0.014221539717882497,-0.006519047061260855,0.0,-0.019601239584997616,-0.009368740894972754,0.00018860912947111057,-0.016240794292038136,0.003539614338438628,0.0,-0.01694955831377332,64818000.0
2025-05-20,64818000.0,831900.0,3280.300048828125,65.37999725341797,63938285.71428572,65871233.333333336,-1208686.910427153,-1258303.7047619107,37.83872020894548,68988310.12288807,62069689.877111934,-0.01694955831377332,-0.01046316083509515,0.01579340480163375,-0.002444297953104836,0.0522949183160084,0.026640919824586485,0.014631561796196542,0.005770448954780251,0.0006721456976036006,0.0,-0.014221539717882497,-0.006519047061260855,0.0,0.006263688916000357,0.00011976765090070159,-0.03521122337030222,0.00766899674429539,65317000.0
2025-05-21,65317000.0,827100.0,3309.300048828125,64.91000366210938,64040000.0,65723333.333333336,-1079652.2538725138,-1222573.4145840313,43.36260766762371,68998100.39306766,62100599.60693235,0.00766899674429539,-0.005786634591981324,0.008801804902702907,-0.007214607822912097,-0.01694955831377332,-0.01046316083509515,0.01579340480163375,0.0522949183160084,0.026640919824586485,0.014631561796196542,0.005770448954780251,0.0006721456976036006,0.0,-0.018662321780310066,-0.0034790989444712325,0.006284573623097743,0.005663921099289436,65688000.0
2025-05-23,65688000.0,829150.0,3363.60009765625,64.77999877929688,64231571.428571425,65622600.0,-936657.5542485341,-1165390.242516932,45.856583659531935,69024454.64814392,62156145.35185608,0.005663921099289436,0.002475472962247066,0.01627515659373019,-0.002004856564281611,0.00766899674429539,-0.005786634591981324,0.008801804902702907,-0.01694955831377332,-0.01046316083509515,0.01579340480163375,0.0522949183160084,0.026640919824586485,0.014631561796196542,-0.004001494265416084,-0.0012025013474035447,-0.018344612393290653,-0.004959911275293197,65363000.0
2025-05-24,65363000.0,823500.0,3363.60009765625,64.77999877929688,64555142.85714286,65613233.333333336,-839876.4356913045,-1100287.4811518067,43.38558513726466,69021265.659478,62278234.340522006,-0.004959911275293197,-0.006837530042412815,0.0,0.0,0.005663921099289436,0.002475472962247066,0.01627515659373019,0.00766899674429539,-0.005786634591981324,0.008801804902702907,-0.01694955831377332,-0.01046316083509515,0.01579340480163375,-0.019601239584997616,-0.009368740894972754,0.00018860912947111057,-0.008450148609971066,64813000.0
2025-05-25,64813000.0,822500.0,3363.60009765625,64.77999877929688,64927428.571428575,65588900.0,-798354.1754462868,-1039900.8200107027,40.40077569489334,68740743.21353737,62264156.786462635,-0.008450148609971066,-0.0012150669781680454,0.0,0.0,-0.004959911275293197,-0.006837530042412815,0.0,0.005663921099289436,0.002475472962247066,0.01627515659373019,0.00766899674429539,-0.005786634591981324,0.008801804902702907,-0.014221539717882497,-0.006519047061260855,0.0,-0.00324535118247042,64603000.0
2025-05-26,64603000.0,828300.0,3363.60009765625,64.77999877929688,65218285.71428572,65531333.333333336,-773476.5735398307,-986615.9707165284,42.09108510817409,68353234.64196254,62305165.35803746,-0.00324535118247042,0.007026924964691541,0.0,0.0,-0.008450148609971066,-0.0012150669781680454,0.0,-0.004959911275293197,-0.006837530042412815,0.0,0.005663921099289436,0.002475472962247066,0.01627515659373019,0.005770448954780251,0.0006721456976036006,0.0,-0.0027901371316318177,64423000.0
2025-05-27,64423000.0,826850.0,3299.10009765625,64.08999633789062,65003571.428571425,65489000.0,-759530.0014075413,-941198.776854731,45.504186385147435,67973742.69343725,62347157.306562744,-0.0027901371316318177,-0.0017521075080130502,-0.019362124406121534,-0.010708606523327707,-0.00324535118247042,0.007026924964691541,0.0,-0.008450148609971066,-0.0012150669781680454,0.0,-0.004959911275293197,-0.006837530042412815,0.0,0.0522949183160084,0.026640919824586485,0.014631561796196542,-0.0003570790968132168,64400000.0
2025-05-28,64400000.0,822700.0,3293.60009765625,64.9000015258789,64943857.14285714,65466833.333333336,-741782.345162496,-901315.4905162841,43.29245283018868,67745634.58402558,62326365.41597442,-0.0003570790968132168,-0.0050316859213207984,-0.0016685124798728683,0.012559358845247061,-0.0027901371316318177,-0.0017521075080130502,-0.019362124406121534,-0.00324535118247042,0.007026924964691541,0.0,-0.008450148609971066,-0.0012150669781680454,0.0,-0.01694955831377332,-0.01046316083509515,0.01579340480163375,0.00035707909681331973,64423000.0
2025-05-30,64423000.0,827400.0,3288.89990234375,63.900001525878906,64816142.85714286,65396566.666666664,-717589.3683874607,-864570.2660905195,49.03253242611099,67529988.50258908,62316011.49741092,0.00035707909681331973,0.005696639852426525,-0.0014280884500759755,-0.015528261958617255,-0.0003570790968132168,-0.0050316859213207984,-0.0016685124798728683,-0.0027901371316318177,-0.0017521075080130502,-0.019362124406121534,-0.00324535118247042,0.007026924964691541,0.0,0.00766899674429539,-0.005786634591981324,0.008801804902702907,-0.00409074864886213,64160000.0
2025-05-31,64160000.0,822500.0,3288.89990234375,63.900001525878906,64597857.14285714,65303900.0,-711437.1573142782,-833943.6443352713,49.00648177664435,67225374.68604687,62340825.31395313,-0.00409074864886213,-0.005939771387784171,0.0,0.0,0.00035707909681331973,0.005696639852426525,-0.0014280884500759755,-0.0003570790968132168,-0.0050316859213207984,-0.0016685124798728683,-0.0027901371316318177,-0.0017521075080130502,-0.019362124406121534,0.005663921099289436,0.002475472962247066,0.01627515659373019,0.029077486514872592,66053000.0
2025-06-01,66053000.0,823650.0,3288.89990234375,63.900001525878906,64696428.571428575,65327433.333333336,-547500.9559627697,-776655.1066607711,64.69418199900548,66978415.64627809,62474184.35372191,0.029077486514872592,0.001397199753464444,0.0,0.0,-0.00409074864886213,-0.005939771387784171,0.0,0.00035707909681331973,0.005696639852426525,-0.0014280884500759755,-0.0003570790968132168,-0.0050316859213207984,-0.0016685124798728683,-0.004959911275293197,-0.006837530042412815,0.0,0.0018150746894704324,66173000.0
2025-06-02,66173000.0,823850.0,3370.60009765625,64.62999725341797,64890714.28571428,65369533.333333336,-403248.9354627207,-701973.872421161,71.35932787591555,66916001.98425965,62505698.01574035,0.0018150746894704324,0.00024279211044913663,0.024537666358951216,0.01135927151513094,0.029077486514872592,0.001397199753464444,0.0,-0.00409074864886213,-0.005939771387784171,0.0,0.00035707909681331973,0.005696639852426525,-0.0014280884500759755,-0.008450148609971066,-0.0012150669781680454,0.0,-0.029055098254125885,64278000.0
2025-06-06,64278000.0,820700.0,3322.699951171875,66.47000122070312,64844285.71428572,65349833.333333336,-436803.63238761574,-648939.8244144521,57.90738515574453,66841761.35312459,62466638.64687541,-0.029055098254125885,-0.003830839867774482,-0.014313108298659895,0.028072079640424165,0.0018150746894704324,0.00024279211044913663,0.024537666358951216,0.029077486514872592,0.001397199753464444,0.0,-0.00409074864886213,-0.005939771387784171,0.0,-0.00324535118247042,0.007026924964691541,0.0,0.011215996168258814,65003000.0
2025-06-07,65003000.0,822850.0,3322.699951171875,66.47000122070312,64927142.85714286,65377466.666666664,-400280.34784287214,-599207.929100136,44.36163714111179,66738542.982898585,62487957.017101415,0.011215996168258814,0.002616289405725827,0.0,0.0,-0.029055098254125885,-0.003830839867774482,-0.014313108298659895,0.0018150746894704324,0.00024279211044913663,0.024537666358951216,0.029077486514872592,0.001397199753464444,0.0,-0.0027901371316318177,-0.0017521075080130502,-0.019362124406121534,0.007815173553697794,65513000.0
2025-06-08,65513000.0,824950.0,3322.699951171875,66.47000122070312,65086142.85714286,65302600.0,-326419.878779687,-544650.3190360463,54.58020297877949,66821659.236664236,62495640.763335764,0.007815173553697794,0.002548854396061585,0.0,0.0,0.011215996168258814,0.002616289405725827,0.0,-0.029055098254125885,-0.003830839867774482,-0.014313108298659895,0.0018150746894704324,0.00024279211044913663,0.024537666358951216,-0.0003570790968132168,-0.0050316859213207984,-0.0016685124798728683,-0.013879398660358694,64610000.0
2025-06-09,64610000.0,819100.0,3332.10009765625,67.04000091552734,65112857.14285714,65187333.333333336,-336866.29328825325,-503093.5138864877,45.5762733074709,66830024.18229727,62513575.81770273,-0.013879398660358694,-0.007116601915897061,0.0028250744326858415,0.008538733412048536,0.007815173553697794,0.002548854396061585,0.0,0.011215996168258814,0.002616289405725827,0.0,-0.029055098254125885,-0.003830839867774482,-0.014313108298659895,0.00035707909681331973,0.005696639852426525,-0.0014280884500759755,0.01957195588960929,65887000.0
2025-06-10,65887000.0,827400.0,3320.89990234375,66.87000274658203,65359571.428571425,65123633.333333336,-239342.9280936718,-450343.3967279245,51.118354501517366,66900627.33106756,62721872.66893244,0.01957195588960929,0.01008207750575477,-0.003366964044300687,-0.002538992690918894,-0.013879398660358694,-0.007116601915897061,0.0028250744326858415,0.007815173553697794,0.002548854396061585,0.0,0.011215996168258814,0.002616289405725827,0.0,-0.00409074864886213,-0.005939771387784171,0.0,0.027750456147522997,67741000.0
2025-06-11,67741000.0,835350.0,3321.300048828125,69.7699966430664,65600714.28571428,65152033.333333336,-12310.742507100105,-362736.8658837597,61.404181853059654,67190888.94347888,62985011.05652112,0.027750456147522997,0.00956254467647613,0.000120486130438958,0.04245359269751738,0.01957195588960929,0.01008207750575477,-0.003366964044300687,-0.013879398660358694,-0.007116601915897061,0.0028250744326858415,0.007815173553697794,0.002548854396061585,0.0,0.029077486514872592,0.001397199753464444,0.0,0.0,67741000.0
2025-06-24,67741000.0,828700.0,3317.39990234375,67.13999938964844,65824714.28571428,65187300.0,165703.7703314647,-257048.7386407148,64.82381530984205,67416541.66001764,63276758.33998235,0.0,-0.00799259084879054,-0.0011749731006854107,-0.03842408737570045,0.027750456147522997,0.00956254467647613,0.000120486130438958,0.01957195588960929,0.01008207750575477,-0.003366964044300687,-0.013879398660358694,-0.007116601915897061,0.0028250744326858415,0.0018150746894704324,0.00024279211044913663,0.024537666358951216,-0.00818206595304108,67189000.0
2025-06-25,67189000.0,836800.0,3327.10009765625,67.68000030517578,66240571.428571425,65195000.0,259251.2801584676,-153788.73488087833,62.65413975337639,67626007.9134841,63193592.0865159,-0.00818206595304108,0.009726885455661761,0.002919768892684313,0.008010737345906661,0.0,-0.00799259084879054,-0.0011749731006854107,0.027750456147522997,0.00956254467647613,0.000120486130438958,0.01957195588960929,0.01008207750575477,-0.003366964044300687,-0.029055098254125885,-0.003830839867774482,-0.014313108298659895,0.0037435979247562347,67441000.0
2025-06-27,67441000.0,845700.0,3273.699951171875,67.7699966430664,66588857.14285714,65203400.0,349691.62227184325,-53092.663450334,64.66472303206997,67914556.31462805,63167343.68537194,0.0037435979247562347,0.010579593477518119,-0.016180254241986863,0.0013288498067413727,-0.00818206595304108,0.009726885455661761,0.002919768892684313,0.0,-0.00799259084879054,-0.0011749731006854107,0.027750456147522997,0.00956254467647613,0.000120486130438958,0.011215996168258814,0.002616289405725827,0.0,0.04683876200073271,70675000.0
2025-06-28,70675000.0,881200.0,3273.699951171875,67.7699966430664,67326285.71428572,65343166.666666664,674547.2564373389,92435.32052720059,73.23901933190135,69105880.26022543,62511819.73977457,0.04683876200073271,0.04111992814001159,0.0,0.0,0.0037435979247562347,0.010579593477518119,-0.016180254241986863,-0.00818206595304108,0.009726885455661761,0.002919768892684313,0.0,-0.00799259084879054,-0.0011749731006854107,0.007815173553697794,0.002548854396061585,0.0,0.040050278359118736,73563000.0
2025-06-29,73563000.0,906950.0,3273.699951171875,67.7699966430664,68605285.71428572,65614900.0,1151758.3970919251,304299.9358401455,77.92374434803861,70985153.75076407,61420046.249235936,0.040050278359118736,0.028802706875790316,0.0,0.0,0.04683876200073271,0.04111992814001159,0.0,0.0037435979247562347,0.010579593477518119,-0.016180254241986863,-0.00818206595304108,0.009726885455661761,0.002919768892684313,-0.013879398660358694,-0.007116601915897061,0.0028250744326858415,0.0069089114938544124,74073000.0
2025-06-30,74073000.0,917200.0,3294.39990234375,67.61000061035156,69774714.28571428,65889933.333333336,1553200.0782646984,554079.9643250561,79.83506892192861,72551349.34808534,60724850.65191466,0.0069089114938544124,0.011238229179770963,0.006303198845365553,-0.002363659483687355,0.040050278359118736,0.028802706875790316,0.0,0.04683876200073271,0.04111992814001159,0.0,0.0037435979247562347,0.010579593477518119,-0.016180254241986863,0.01957195588960929,0.01008207750575477,-0.003366964044300687,0.012397019303661936,74997000.0
2025-07-01,74997000.0,913900.0,3336.699951171875,67.11000061035156,70811285.71428572,66236333.333333336,1923729.0298585743,828009.7774317598,78.58603937611863,74067073.13592228,60227526.86407772,0.012397019303661936,-0.0036043947055934525,0.012758252337171075,-0.007422836865179387,0.0069089114938544124,0.011238229179770963,0.006303198845365553,0.040050278359118736,0.028802706875790316,0.0,0.04683876200073271,0.04111992814001159,0.0,0.027750456147522997,0.00956254467647613,0.000120486130438958,-0.008382031829377764,74371000.0
2025-07-02,74371000.0,916000.0,3348.0,69.11000061035156,71758428.57142857,66570466.666666664,2142169.330624625,1090841.6880703329,75.38080495356037,75152462.65982974,60118937.340170264,-0.008382031829377764,0.0022952083959744012,0.003380872641776682,0.02936637366995736,0.012397019303661936,-0.0036043947055934525,0.012758252337171075,0.0069089114938544124,0.011238229179770963,0.006303198845365553,0.040050278359118736,0.028802706875790316,0.0,0.0,-0.00799259084879054,-0.0011749731006854107,-0.04093629291314241,71388000.0
2025-07-06,71388000.0,883700.0,3348.0,69.11000061035156,72358285.71428572,66846800.0,2050939.7163458914,1282861.2937254445,70.62304211625478,75519353.13523613,60448546.86476388,-0.04093629291314241,-0.035898726150171575,0.0,0.0,-0.008382031829377764,0.0022952083959744012,0.003380872641776682,0.012397019303661936,-0.0036043947055934525,0.012758252337171075,0.0069089114938544124,0.011238229179770963,0.006303198845365553,-0.00818206595304108,0.009726885455661761,0.002919768892684313,-0.029338621406640158,69324000.0
2025-07-07,69324000.0,870400.0,3332.199951171875,69.58000183105469,72627285.71428572,67084033.333333336,1791441.417793095,1384577.3185389747,61.62997254669753,75592281.76435938,60868018.23564061,-0.029338621406640158,-0.015164762422280528,-0.004730420767817309,0.006777749104716368,-0.04093629291314241,-0.035898726150171575,0.0,-0.008382031829377764,0.0022952083959744012,0.003380872641776682,0.012397019303661936,-0.0036043947055934525,0.012758252337171075,0.0037435979247562347,0.010579593477518119,-0.016180254241986863,0.014421502315063504,70331000.0
2025-07-08,70331000.0,878300.0,3307.0,70.1500015258789,72578142.85714285,67342833.33333333,1648045.9825418293,1437271.0513395458,62.62975778546713,75716606.30115047,61334493.69884953,0.014421502315063504,0.009035344821393492,-0.007591297859755788,0.008158632260514456,-0.029338621406640158,-0.015164762422280528,-0.004730420767817309,-0.04093629291314241,-0.035898726150171575,0.0,-0.008382031829377764,0.0022952083959744012,0.003380872641776682,0.04683876200073271,0.04111992814001159,0.0,0.0031515315258619295,70553000.0
2025-07-09,70553000.0,882850.0,3311.60009765625,70.19000244140625,72148142.85714285,67497066.66666667,1534627.3824727088,1456742.3175661785,66.15560267493068,75783084.3309379,61907315.66906209,0.0031515315258619295,0.005167089825735422,0.0013900517720019155,0.0005700572250220184,0.014421502315063504,0.009035344821393492,-0.007591297859755788,-0.029338621406640158,-0.015164762422280528,-0.004730420767817309,-0.04093629291314241,-0.035898726150171575,0.0,0.040050278359118736,0.028802706875790316,0.0,-0.012680515375917249,69664000.0
2025-07-11,69664000.0,870900.0,3356.0,70.36000061035156,71518285.71428572,67658600.0,1357360.6458661407,1436865.9832261712,60.48875312413219,75844605.00112122,62206894.998878784,-0.012680515375917249,-0.013628151050113292,0.01331830283330221,0.002419043018901525,0.0031515315258619295,0.005167089825735422,0.0013900517720019155,0.014421502315063504,0.009035344821393492,-0.007591297859755788,-0.029338621406640158,-0.015164762422280528,-0.004730420767817309,0.0069089114938544124,0.011238229179770963,0.006303198845365553,0.026810649847659716,71557000.0
2025-07-12,71557000.0,889000.0,3356.0,70.36000061035156,71026857.14285715,67866600.0,1354016.5001388788,1420296.0866087128,60.57415207271115,76064532.01228501,62525367.987715,0.026810649847659716,0.020570075815210767,0.0,0.0,-0.012680515375917249,-0.013628151050113292,0.01331830283330221,0.0031515315258619295,0.005167089825735422,0.0013900517720019155,0.014421502315063504,0.009035344821393492,-0.007591297859755788,0.012397019303661936,-0.0036043947055934525,0.012758252337171075,-0.004145141702411114,71261000.0
2025-07-14,71261000.0,894200.0,3351.5,69.20999908447266,70582571.42857143,68052366.66666667,1312353.5198666453,1398707.5732602994,59.596510359869136,76033842.50037141,63254357.49962859,-0.004145141702411114,0.005832228285975769,-0.0013417817890844313,-0.01647958091853313,0.026810649847659716,0.020570075815210767,0.0,-0.012680515375917249,-0.013628151050113292,0.01331830283330221,0.0031515315258619295,0.005167089825735422,0.0013900517720019155,-0.008382031829377764,0.0022952083959744012,0.003380872641776682,0.0001964416013500263,71275000.0
2025-07-15,71275000.0,888400.0,3329.800048828125,68.70999908447266,70566428.57142857,68249433.33333333,1265872.797204733,1372140.6180491862,61.47623862487361,75994254.78947353,63921145.21052647,0.0001964416013500263,-0.006507371779607922,-0.006495750023279325,-0.007250611907048874,-0.004145141702411114,0.005832228285975769,-0.0013417817890844313,0.026810649847659716,0.020570075815210767,0.0,-0.012680515375917249,-0.013628151050113292,0.01331830283330221,-0.04093629291314241,-0.035898726150171575,0.0,-0.006432429123748747,70818000.0
2025-07-16,70818000.0,887400.0,3352.5,68.5199966430664,70779857.14285715,68449600.0,1178574.5353219956,1333427.4015037483,59.376908979841176,75892212.96054342,64553687.03945658,-0.006432429123748747,-0.0011262530754632836,0.006794079381100563,-0.0027691112545783292,0.0001964416013500263,-0.006507371779607922,-0.006495750023279325,-0.004145141702411114,0.005832228285975769,-0.0013417817890844313,0.026810649847659716,0.020570075815210767,0.0,-0.029338621406640158,-0.015164762422280528,-0.004730420767817309,-0.013748803682225542,69851000.0
2025-07-18,69851000.0,875600.0,3353.0,69.27999877929688,70711285.71428572,68624533.33333333,1019607.8112221658,1270663.4834474318,47.38246505717916,75509724.38626188,65460275.61373813,-0.013748803682225542,-0.01338647329610119,0.0001491313103949239,0.011030622170438377,-0.006432429123748747,-0.0011262530754632836,0.006794079381100563,0.0001964416013500263,-0.006507371779607922,-0.006495750023279325,-0.004145141702411114,0.005832228285975769,-0.0013417817890844313,0.014421502315063504,0.009035344821393492,-0.007591297859755788,-0.005742934047978933,69451000.0
2025-07-19,69451000.0,867600.0,3353.0,69.27999877929688,70553857.14285715,68792133.33333333,851532.9383664876,1186837.3744312432,34.485360700271656,75233579.67327604,66092820.32672396,-0.005742934047978933,-0.00917858669598855,0.0,0.0,-0.013748803682225542,-0.01338647329610119,0.0001491313103949239,-0.006432429123748747,-0.0011262530754632836,0.006794079381100563,0.0001964416013500263,-0.006507371779607922,-0.006495750023279325,0.0031515315258619295,0.005167089825735422,0.0013900517720019155,0.01903977308874335,70786000.0
2025-07-20,70786000.0,878950.0,3353.0,69.27999877929688,70714142.85714285,69005000.0,816641.993099317,1112798.298164858,38.324927186190244,75173913.8759424,66456986.124057606,0.01903977308874335,0.012997234293180658,0.0,0.0,-0.005742934047978933,-0.00917858669598855,0.0,-0.013748803682225542,-0.01338647329610119,0.0001491313103949239,-0.006432429123748747,-0.0011262530754632836,0.006794079381100563,-0.012680515375917249,-0.013628151050113292,0.01331830283330221,0.01457136383182741,71825000.0
2025-07-21,71825000.0,881100.0,3401.89990234375,69.20999908447266,70752428.57142857,69251733.33333333,862882.511843279,1062815.1409005423,38.82468996617813,75148240.4450742,66891059.55492581,0.01457136383182741,0.0024431136267839782,0.01447860287732854,-0.0010108990088111345,0.01903977308874335,0.012997234293180658,0.0,-0.005742934047978933,-0.00917858669598855,0.0,-0.013748803682225542,-0.01338647329610119,0.0001491313103949239,0.026810649847659716,0.020570075815210767,0.0,-0.006719356980232411,71344000.0
2025-07-22,71344000.0,879900.0,3439.199951171875,68.58999633789062,70764285.71428572,69491200.0,850907.0491857827,1020433.5225575904,39.22545739303766,74941756.29614834,67513043.70385166,-0.006719356980232411,-0.0013628622211690814,0.010904801640990577,-0.008998649505592557,0.01457136383182741,0.0024431136267839782,0.01447860287732854,0.01903977308874335,0.012997234293180658,0.0,-0.005742934047978933,-0.00917858669598855,0.0,-0.004145141702411114,0.005832228285975769,-0.0013417817890844313,-0.003847941046317079,71070000.0
2025-07-23,71070000.0,884400.0,3394.10009765625,68.51000213623047,70735000.0,69658433.33333333,809970.0679106861,978340.8316282097,48.5976362674193,74671479.56750178,68146220.43249822,-0.003847941046317079,0.005101184331776213,-0.013200213092493647,-0.0011669469238256023,-0.006719356980232411,-0.0013628622211690814,0.010904801640990577,0.01457136383182741,0.0024431136267839782,0.01447860287732854,0.01903977308874335,0.012997234293180658,0.0,0.0001964416013500263,-0.006507371779607922,-0.006495750023279325,-0.013942247437189659,70086000.0
2025-07-25,70086000.0,880500.0,3334.0,68.44000244140625,70630428.57142857,69788866.66666667,690170.7798129916,920706.8212651662,53.71417430298304,74680328.76244503,68078471.23755497,-0.013942247437189659,-0.004419521047030407,-0.01786587458131455,-0.0010222664998964473,-0.003847941046317079,0.005101184331776213,-0.013200213092493647,-0.006719356980232411,-0.0013628622211690814,0.010904801640990577,0.01457136383182741,0.0024431136267839782,0.01447860287732854,-0.006432429123748747,-0.0011262530754632836,0.006794079381100563,0.0024084206566893857,70255000.0
2025-07-26,70255000.0,880000.0,3334.0,68.44000244140625,70688142.85714285,69988100.0,601927.2261203378,856950.9022362005,49.59660297239915,74383115.5664766,68044884.4335234,0.0024084206566893857,-0.0005680204640086744,0.0,0.0,-0.013942247437189659,-0.004419521047030407,-0.01786587458131455,-0.003847941046317079,0.005101184331776213,-0.013200213092493647,-0.006719356980232411,-0.0013628622211690814,0.010904801640990577,-0.013748803682225542,-0.01338647329610119,0.0001491313103949239,0.01369836021306657,71224000.0
2025-07-27,71224000.0,892050.0,3334.0,68.44000244140625,70941428.57142857,70195466.66666667,603230.1145250052,806206.7446939616,53.299891806826004,73941577.4324748,68201522.5675252,0.01369836021306657,0.013600277348460199,0.0,0.0,0.0024084206566893857,-0.0005680204640086744,0.0,-0.013942247437189659,-0.004419521047030407,-0.01786587458131455,-0.003847941046317079,0.005101184331776213,-0.013200213092493647,-0.005742934047978933,-0.00917858669598855,0.0,0.0030420939592642315,71441000.0
2025-07-28,71441000.0,892500.0,3309.10009765625,70.04000091552734,71035000.0,70393066.66666667,614687.0200896412,767902.7997730976,59.35755660874144,73104779.85054478,68682720.14945522,0.0030420939592642315,0.0005043288330816746,-0.0074965057238816635,0.023109035792938656,0.01369836021306657,0.013600277348460199,0.0,0.0024084206566893857,-0.0005680204640086744,0.0,-0.013942247437189659,-0.004419521047030407,-0.01786587458131455,0.01903977308874335,0.012997234293180658,0.0,0.0006157032504931613,71485000.0
2025-07-29,71485000.0,896000.0,3323.39990234375,72.51000213623047,70986428.57142857,70622233.33333333,620168.2193771452,738355.8836939072,49.529165576772165,72275570.70640771,69223329.29359229,0.0006157032504931613,0.003913899321136316,0.0043120472958143976,0.03465799235554146,0.0030420939592642315,0.0005043288330816746,-0.0074965057238816635,0.01369836021306657,0.013600277348460199,0.0,0.0024084206566893857,-0.0005680204640086744,0.0,0.01457136383182741,0.0024431136267839782,0.01447860287732854,0.008691225649261546,72109000.0
2025-07-30,72109000.0,905600.0,3295.800048828125,73.23999786376953,71095714.28571428,70829633.33333333,667172.9399656206,724119.2949482499,55.3172811637823,72406259.99067366,69164740.00932634,0.008691225649261546,0.010657294473987979,-0.008339380490785232,0.010017177794086625,0.0006157032504931613,0.003913899321136316,0.0043120472958143976,0.0030420939592642315,0.0005043288330816746,-0.0074965057238816635,0.01369836021306657,0.013600277348460199,0.0,-0.006719356980232411,-0.0013628622211690814,0.010904801640990577,0.02562944034936475,73981000.0
2025-08-01,73981000.0,911800.0,3347.699951171875,69.66999816894531,71511571.42857143,71037633.33333333,845730.2231621146,748441.480591023,63.761187957689174,73042855.37428933,68993844.62571067,0.02562944034936475,0.006822960330422595,0.01562458288230456,-0.04997190787856869,0.008691225649261546,0.010657294473987979,-0.008339380490785232,0.0006157032504931613,0.003913899321136316,0.0043120472958143976,0.0030420939592642315,0.0005043288330816746,-0.0074965057238816635,-0.003847941046317079,0.005101184331776213,-0.013200213092493647,0.016981021722938486,75248000.0
2025-08-02,75248000.0,924000.0,3347.699951171875,69.66999816894531,72249000.0,71287866.66666667,1077058.8043199182,814164.945336802,70.81375681262921,74004814.57571685,68523585.42428315,0.016981021722938486,0.01329140386234313,0.0,0.0,0.02562944034936475,0.006822960330422595,0.01562458288230456,0.008691225649261546,0.010657294473987979,-0.008339380490785232,0.0006157032504931613,0.003913899321136316,0.0043120472958143976,-0.013942247437189659,-0.004419521047030407,-0.01786587458131455,0.01942524165674941,76724000.0
2025-08-03,76724000.0,938000.0,3347.699951171875,69.66999816894531,73173142.85714285,71605700.0,1363768.5610182434,924085.6684730903,80.81786386871133,75216826.59951845,67928673.40048155,0.01942524165674941,0.015037877364540502,0.0,0.0,0.016981021722938486,0.01329140386234313,0.0,0.02562944034936475,0.006822960330422595,0.01562458288230456,0.008691225649261546,0.010657294473987979,-0.008339380490785232,0.0024084206566893857,-0.0005680204640086744,0.0,-0.0041009891999663145,76410000.0
2025-08-04,76410000.0,934100.0,3374.39990234375,68.76000213623047,73914000.0,71904666.66666667,1547808.7571662962,1048830.2862117316,81.44600090375056,76028222.38334525,67791877.61665475,-0.0041009891999663145,-0.004166450127421703,0.007943973509988255,-0.013147571177630796,0.01942524165674941,0.015037877364540502,0.0,0.016981021722938486,0.01329140386234313,0.0,0.02562944034936475,0.006822960330422595,0.01562458288230456,0.01369836021306657,0.013600277348460199,0.0,-0.006341225289945703,75927000.0
2025-08-05,75927000.0,929600.0,3381.89990234375,67.63999938964844,74554857.14285715,72079733.33333333,1635831.033269003,1166230.435623186,75.16890237932047,76615097.86879037,67642002.13120963,-0.006341225289945703,-0.0048291127811562005,0.0022201510582657955,-0.016422696575722585,-0.0041009891999663145,-0.004166450127421703,0.007943973509988255,0.01942524165674941,0.015037877364540502,0.0,0.016981021722938486,0.01329140386234313,0.0,0.0030420939592642315,0.0005043288330816746,-0.0074965057238816635,9.218956815722897e-05,75934000.0
2025-08-06,75934000.0,934500.0,3380.0,66.88999938964844,75190428.57142857,72158766.66666667,1686710.8104632199,1270326.5105911929,72.37773662999673,77136037.4986124,67588362.5013876,9.218956815722897e-05,0.005257240797970698,-0.0005619433653809127,-0.01115004500123869,-0.006341225289945703,-0.0048291127811562005,0.0022201510582657955,-0.0041009891999663145,-0.004166450127421703,0.007943973509988255,0.01942524165674941,0.015037877364540502,0.0,0.0006157032504931613,0.003913899321136316,0.0043120472958143976,-0.018032393257533773,74577000.0
2025-08-09,74577000.0,918300.0,3380.0,66.88999938964844,75543000.0,72175566.66666667,1599101.3958950043,1336081.4876519553,66.07338172417222,77370709.3298876,67683890.6701124,-0.018032393257533773,-0.017487492276140996,0.0,0.0,9.218956815722897e-05,0.005257240797970698,-0.0005619433653809127,-0.006341225289945703,-0.0048291127811562005,0.0022201510582657955,-0.0041009891999663145,-0.004166450127421703,0.007943973509988255,0.008691225649261546,0.010657294473987979,-0.008339380490785232,0.00462877080627303,74923000.0
2025-08-10,74923000.0,920000.0,3380.0,66.88999938964844,75677571.42857143,72173100.0,1539839.303046465,1376833.0507308573,69.01964655938394,77618696.62403606,67846403.37596394,0.00462877080627303,0.0018495354236095225,0.0,0.0,-0.018032393257533773,-0.017487492276140996,0.0,9.218956815722897e-05,0.005257240797970698,-0.0005619433653809127,-0.006341225289945703,-0.0048291127811562005,0.0022201510582657955,0.02562944034936475,0.006822960330422595,0.01562458288230456,0.0005470788130069867,74964000.0
2025-08-11,74964000.0,932750.0,3353.10009765625,66.62999725341797,75637000.0,72192866.66666667,1479131.5174466372,1397292.7440740133,76.55127367733508,77773538.07198174,68202861.92801826,0.0005470788130069867,0.013763542058181331,-0.007990389293220651,-0.0038945846525682455,0.00462877080627303,0.0018495354236095225,0.0,-0.018032393257533773,-0.017487492276140996,0.0,9.218956815722897e-05,0.005257240797970698,-0.0005619433653809127,0.016981021722938486,0.01329140386234313,0.0,-0.0062625656305152575,74496000.0
2025-08-12,74496000.0,924900.0,3348.89990234375,66.12000274658203,75318714.28571428,72296466.66666667,1377378.904598385,1393309.9761788878,72.35635213494993,77765503.3686879,68715396.6313121,-0.0062625656305152575,-0.008451588541052863,-0.0012534156557426127,-0.007683570860866995,0.0005470788130069867,0.013763542058181331,-0.007990389293220651,0.00462877080627303,0.0018495354236095225,0.0,-0.018032393257533773,-0.017487492276140996,0.0,0.01942524165674941,0.015037877364540502,0.0,0.023101476479944656,76237000.0
2025-08-13,76237000.0,936700.0,3358.699951171875,65.62999725341797,75294000.0,72526900.0,1420844.761716172,1398816.9332863446,74.43696987423223,78072104.94447505,68953895.05552495,0.023101476479944656,0.01267743665487044,0.002922075262479989,-0.007438447856035271,-0.0062625656305152575,-0.008451588541052863,-0.0012534156557426127,0.0005470788130069867,0.013763542058181331,-0.007990389293220651,0.00462877080627303,0.0018495354236095225,0.0,-0.0041009891999663145,-0.004166450127421703,0.007943973509988255,-0.029538602280290937,74018000.0
2025-08-16,74018000.0,927600.0,3358.699951171875,65.62999725341797,75021285.71428572,72649800.0,1261693.0000652373,1371392.146642123,60.51064524023167,78115827.25000918,69129472.74999082,-0.029538602280290937,-0.0097624548337083,0.0,0.0,0.023101476479944656,0.01267743665487044,0.002922075262479989,-0.0062625656305152575,-0.008451588541052863,-0.0012534156557426127,0.0005470788130069867,0.013763542058181331,-0.007990389293220651,-0.006341225289945703,-0.0048291127811562005,0.0022201510582657955,0.014924949686128796,75131000.0
2025-08-17,75131000.0,932900.0,3358.699951171875,65.62999725341797,74906571.42857143,72802400.0,1211409.5058935285,1339395.6184924042,63.67797118847539,78219215.47130685,69404784.52869315,0.014924949686128796,0.005697408585538769,0.0,0.0,-0.029538602280290937,-0.0097624548337083,0.0,0.023101476479944656,0.01267743665487044,0.002922075262479989,-0.0062625656305152575,-0.008451588541052863,-0.0012534156557426127,9.218956815722897e-05,0.005257240797970698,-0.0005619433653809127,0.009774912268193254,75869000.0
2025-08-18,75869000.0,938500.0,3331.699951171875,66.5999984741211,75091142.85714285,73009233.33333333,1217080.1642388403,1314932.5276416915,63.98601398601399,78351840.30337434,69752059.69662566,0.009774912268193254,0.005984842059648063,-0.008071310227357903,0.014671687999108013,0.014924949686128796,0.005697408585538769,0.0,-0.029538602280290937,-0.0097624548337083,0.0,0.023101476479944656,0.01267743665487044,0.002922075262479989,-0.018032393257533773,-0.017487492276140996,0.0,0.0008300341054014741,75932000.0
2025-08-19,75932000.0,933450.0,3313.39990234375,65.79000091552734,75235285.71428572,73155066.66666667,1212678.7693328708,1294481.7759799275,58.38562709533225,78289135.07603934,70399364.92396066,0.0008300341054014741,-0.005395456343226948,-0.005507846531911064,-0.012236689621437815,0.009774912268193254,0.005984842059648063,-0.008071310227357903,0.014924949686128796,0.005697408585538769,0.0,-0.029538602280290937,-0.0097624548337083,0.0,0.00462877080627303,0.0018495354236095225,0.0,0.018528230252951056,77352000.0
2025-08-20,77352000.0,937500.0,3343.39990234375,66.83999633789062,75576428.57142857,73358100.0,1308687.0352118611,1297322.8278263144,58.925844221958265,78361894.03849317,71036305.96150683,0.018528230252951056,0.004329358161229201,0.009013401028552843,0.015833783924191915,0.0008300341054014741,-0.005395456343226948,-0.005507846531911064,0.009774912268193254,0.005984842059648063,-0.008071310227357903,0.014924949686128796,0.005697408585538769,0.0,0.0005470788130069867,0.013763542058181331,-0.007990389293220651,0.014133286184411899,78453000.0
2025-08-21,78453000.0,950600.0,3336.89990234375,67.66999816894531,76141714.28571428,73597366.66666667,1456822.4340035468,1329222.749061761,57.57602313557094,78706133.02174304,71414966.97825696,0.014133286184411899,0.013876606335343235,-0.0019460210593331287,0.012341274247542463,0.018528230252951056,0.004329358161229201,0.009013401028552843,0.0008300341054014741,-0.005395456343226948,-0.005507846531911064,0.009774912268193254,0.005984842059648063,-0.008071310227357903,-0.0062625656305152575,-0.008451588541052863,-0.0012534156557426127,-0.010326805417502426,77647000.0
2025-08-23,77647000.0,941000.0,3336.89990234375,67.66999816894531,76343142.85714285,73825000.0,1491984.67027618,1361775.1333046448,55.196169033016886,78767184.51176257,71974515.48823743,-0.010326805417502426,-0.010150224594529371,0.0,0.0,0.014133286184411899,0.013876606335343235,-0.0019460210593331287,0.018528230252951056,0.004329358161229201,0.009013401028552843,0.0008300341054014741,-0.005395456343226948,-0.005507846531911064,0.023101476479944656,0.01267743665487044,0.002922075262479989,0.012415047088056453,78617000.0
2025-08-25,78617000.0,958000.0,3373.800048828125,68.80000305175781,77000142.85714285,74117200.0,1579909.6739624292,1405402.0414362017,60.855528652138815,78895914.90973319,72558985.09026681,0.012415047088056453,0.017904638385480873,0.0109975169984173,0.01656086611069674,-0.010326805417502426,-0.010150224594529371,0.0,0.014133286184411899,0.013876606335343235,-0.0019460210593331287,0.018528230252951056,0.004329358161229201,0.009013401028552843,-0.029538602280290937,-0.0097624548337083,0.0,0.01335534820003309,79674000.0
2025-08-26,79674000.0,966500.0,3388.60009765625,67.22000122070312,77649142.85714285,74457966.66666667,1715111.2047825605,1467343.8741054735,63.913690476190474,79261535.77052519,72949864.22947481,0.01335534820003309,0.008833520677524973,0.004377165544111227,-0.02323294883946215,0.012415047088056453,0.017904638385480873,0.0109975169984173,-0.010326805417502426,-0.010150224594529371,0.0,0.014133286184411899,0.013876606335343235,-0.0019460210593331287,0.014924949686128796,0.005697408585538769,0.0,0.040463469530386695,82964000.0
2025-08-27,82964000.0,1000000.0,3404.60009765625,68.05000305175781,78662714.28571428,74863900.0,2063943.0456840098,1586663.7084211807,77.27834515058869,80804775.982018,72304924.017982,0.040463469530386695,0.03407398033375146,0.0047106015210283785,0.012271933486510865,0.01335534820003309,0.008833520677524973,0.004377165544111227,0.012415047088056453,0.017904638385480873,0.0109975169984173,-0.010326805417502426,-0.010150224594529371,0.0,0.009774912268193254,0.005984842059648063,-0.008071310227357903,0.005661106832233971,83435000.0
2025-08-28,83435000.0,989000.0,3431.800048828125,68.62000274658203,79734571.42857143,75250900.0,2351296.2766388804,1739590.2220647207,77.46160794941284,82156727.93520601,71771672.06479399,0.005661106832233971,-0.011060947359424948,0.007957432015570034,0.008341303512981927,0.040463469530386695,0.03407398033375146,0.0047106015210283785,0.01335534820003309,0.008833520677524973,0.004377165544111227,0.012415047088056453,0.017904638385480873,0.0109975169984173,0.0008300341054014741,-0.005395456343226948,-0.005507846531911064,0.031650563218432244,86118000.0
2025-08-30,86118000.0,1026200.0,3431.800048828125,68.62000274658203,80986857.14285715,75743366.66666667,2763663.6652600616,1944404.910703789,80.74421168687982,84041601.11787435,70826198.88212565,0.031650563218432244,0.03692360688515235,0.0,0.0,0.005661106832233971,-0.011060947359424948,0.007957432015570034,0.040463469530386695,0.03407398033375146,0.0047106015210283785,0.01335534820003309,0.008833520677524973,0.004377165544111227,0.018528230252951056,0.004329358161229201,0.009013401028552843,0.03748053007318902,89407000.0
2025-08-31,89407000.0,1048300.0,3431.800048828125,68.62000274658203,82551714.28571428,76354600.0,3317619.155886218,2219047.759740275,85.56843662039024,86559769.3456226,69607730.6543774,0.03748053007318902,0.021307144950662476,0.0,0.0,0.031650563218432244,0.03692360688515235,0.0,0.005661106832233971,-0.011060947359424948,0.007957432015570034,0.040463469530386695,0.03407398033375146,0.0047106015210283785,0.014133286184411899,0.013876606335343235,-0.0019460210593331287,-0.01936830374156846,87692000.0
2025-09-02,87692000.0,1032000.0,3549.39990234375,69.13999938964844,83986714.28571428,76941466.66666667,3577013.1253980547,2490640.832871831,77.35849056603773,88097608.2311072,69246391.7688928,-0.01936830374156846,-0.015671137417018872,0.03369362850735222,0.007549348209442683,0.03748053007318902,0.021307144950662476,0.0,0.031650563218432244,0.03692360688515235,0.0,0.005661106832233971,-0.011060947359424948,0.007957432015570034,-0.010326805417502426,-0.010150224594529371,0.0,-0.0010268464169692591,87602000.0
2025-09-03,87602000.0,1025700.0,3593.199951171875,67.5999984741211,85270285.71428572,77519700.0,3732298.8493700325,2738972.436171471,86.116133148995,89385512.22258201,69125287.77741799,-0.0010268464169692591,-0.0061233607281427375,0.012264609179004047,-0.02252546518897004,-0.01936830374156846,-0.015671137417018872,0.03369362850735222,0.03748053007318902,0.021307144950662476,0.0,0.031650563218432244,0.03692360688515235,0.0,0.012415047088056453,0.017904638385480873,0.0109975169984173,-0.016737081349603285,86148000.0
2025-09-04,86148000.0,1014400.0,3565.800048828125,66.98999786376953,86195142.85714285,78017166.66666667,3695439.52941224,2930265.854819625,78.7695200292474,90158852.76187168,69509047.23812832,-0.016737081349603285,-0.011078001630403832,-0.007654710471889562,-0.009064637845365636,-0.0010268464169692591,-0.0061233607281427375,0.012264609179004047,-0.01936830374156846,-0.015671137417018872,0.03369362850735222,0.03748053007318902,0.021307144950662476,0.0,0.01335534820003309,0.008833520677524973,0.004377165544111227,0.017239226891059372,87646000.0
2025-09-06,87646000.0,1029800.0,3565.800048828125,66.98999786376953,86864000.0,78557333.33333333,3743946.449338034,3093001.9737233073,79.58004721957101,91084728.83105446,69855471.16894554,0.017239226891059372,0.01506730392907958,0.0,0.0,-0.016737081349603285,-0.011078001630403832,-0.007654710471889562,-0.0010268464169692591,-0.0061233607281427375,0.012264609179004047,-0.01936830374156846,-0.015671137417018872,0.03369362850735222,0.040463469530386695,0.03407398033375146,0.0047106015210283785,0.0062783127452801036,88198000.0
2025-09-07,88198000.0,1026800.0,3565.800048828125,66.98999786376953,87544428.57142857,79114433.33333333,3783318.5780623704,3231065.2945911204,80.06962149441067,91949237.22154677,70314362.77845323,0.0062783127452801036,-0.0029174386150556783,0.0,0.0,0.017239226891059372,0.01506730392907958,0.0,-0.016737081349603285,-0.011078001630403832,-0.007654710471889562,-0.0010268464169692591,-0.0061233607281427375,0.012264609179004047,0.005661106832233971,-0.011060947359424948,0.007957432015570034,-0.0014977536499333251,88066000.0
2025-09-08,88066000.0,1011000.0,3638.10009765625,66.0199966430664,87822714.28571428,79646333.33333333,3760521.031301543,3336956.4419332054,78.0353778522085,92577428.78895274,71043171.21104726,-0.0014977536499333251,-0.015507229976513909,0.020073147879381203,-0.014585647053555573,0.0062783127452801036,-0.0029174386150556783,0.0,0.017239226891059372,0.01506730392907958,0.0,-0.016737081349603285,-0.011078001630403832,-0.007654710471889562,0.031650563218432244,0.03692360688515235,0.0,0.004938617259837369,88502000.0
2025-09-09,88502000.0,1008300.0,3643.300048828125,66.38999938964844,87693428.57142857,80130366.66666667,3734585.391744733,3416482.231895511,77.24339857940683,93251080.32004894,71596019.67995106,0.004938617259837369,-0.002674195621301716,0.0014282835584511465,0.005588757959818188,-0.0014977536499333251,-0.015507229976513909,0.020073147879381203,0.0062783127452801036,-0.0029174386150556783,0.0,0.017239226891059372,0.01506730392907958,0.0,0.03748053007318902,0.021307144950662476,0.0,-0.024708996535122898,86342000.0
2025-09-11,86342000.0,993000.0,3636.89990234375,66.37000274658203,87500571.42857143,80500166.66666667,3499398.376231611,3433065.4607627313,71.9603980401071,93237532.439541,72841967.560459,-0.024708996535122898,-0.015290359353997057,-0.0017582341628192511,-0.0003012449969247102,0.004938617259837369,-0.002674195621301716,0.0014282835584511465,-0.0014977536499333251,-0.015507229976513909,0.020073147879381203,0.0062783127452801036,-0.0029174386150556783,0.0,-0.01936830374156846,-0.015671137417018872,0.03369362850735222,-0.020098239769842638,84624000.0
2025-09-13,84624000.0,976850.0,3636.89990234375,66.37000274658203,87075142.85714285,80763500.0,3138207.428165987,3374093.854243383,64.61912874178631,93022632.56363718,74006167.43636282,-0.020098239769842638,-0.016397555007528083,0.0,0.0,-0.024708996535122898,-0.015290359353997057,-0.0017582341628192511,0.004938617259837369,-0.002674195621301716,0.0014282835584511465,-0.0014977536499333251,-0.015507229976513909,0.020073147879381203,-0.0010268464169692591,-0.0061233607281427375,0.012264609179004047,-0.004381868473378385,84254000.0
2025-09-14,84254000.0,979800.0,3636.89990234375,66.37000274658203,86804571.42857143,81024966.66666667,2789944.350015819,3257263.95339787,61.531876321885385,92735686.44558881,75131613.55441119,-0.004381868473378385,0.0030153601668300085,0.0,0.0,-0.020098239769842638,-0.016397555007528083,0.0,-0.024708996535122898,-0.015290359353997057,-0.0017582341628192511,0.004938617259837369,-0.002674195621301716,0.0014282835584511465,-0.016737081349603285,-0.011078001630403832,-0.007654710471889562,0.02980513743078071,86803000.0
2025-09-15,86803000.0,992550.0,3682.199951171875,67.44000244140625,86684142.85714285,81387500.0,2688633.45573844,3143537.853865984,60.04080138096981,92507512.32531495,76446887.67468505,0.02980513743078071,0.012928919921703677,0.012378742793382764,0.01599316135404263,-0.004381868473378385,0.0030153601668300085,0.0,-0.020098239769842638,-0.016397555007528083,0.0,-0.024708996535122898,-0.015290359353997057,-0.0017582341628192511,0.017239226891059372,0.01506730392907958,0.0,0.018400455225913957,88415000.0
2025-09-16,88415000.0,996450.0,3688.89990234375,68.47000122070312,86715142.85714285,81803533.33333333,2707211.7185611427,3056272.626805016,62.29144041860006,92498547.78936343,77562152.21063657,0.018400455225913957,0.003921573653181644,0.0018178977764950366,0.015157361066503231,0.02980513743078071,0.012928919921703677,0.012378742793382764,-0.004381868473378385,0.0030153601668300085,0.0,-0.020098239769842638,-0.016397555007528083,0.0,0.0062783127452801036,-0.0029174386150556783,0.0,-0.00018098114452106475,88399000.0
2025-09-17,88399000.0,992350.0,3681.800048828125,67.94999694824219,86762714.28571428,82264266.66666667,2689639.568709284,2982946.0151858698,56.48342902620658,92456863.83176446,78598436.16823554,-0.00018098114452106475,-0.00412309514109223,-0.001926507864529642,-0.0076236152759259716,0.018400455225913957,0.003921573653181644,0.0018178977764950366,0.02980513743078071,0.012928919921703677,0.012378742793382764,-0.004381868473378385,0.0030153601668300085,0.0,-0.0014977536499333251,-0.015507229976513909,0.020073147879381203,-0.011250964770022966,87410000.0
2025-09-18,87410000.0,988450.0,3643.699951171875,67.44000244140625,86606714.28571428,82680500.0,2566326.464765966,2899622.105101889,43.470015041527695,91904939.14180833,80126660.85819167,-0.011250964770022966,-0.003937807996321232,-0.01040214079746196,-0.007533745790577349,-0.00018098114452106475,-0.00412309514109223,-0.001926507864529642,0.018400455225913957,0.003921573653181644,0.0018178977764950366,0.02980513743078071,0.012928919921703677,0.012378742793382764,0.004938617259837369,-0.002674195621301716,0.0014282835584511465,0.05504098216436046,92356000.0
2025-09-20,92356000.0,1026100.0,3643.699951171875,67.44000244140625,87465857.14285715,83260233.33333333,2835020.4549555182,2886701.7750726147,62.590432998596256,92146378.77712634,81259121.22287366,0.05504098216436046,0.03738242722621701,0.0,0.0,-0.011250964770022966,-0.003937807996321232,-0.01040214079746196,-0.00018098114452106475,-0.00412309514109223,-0.001926507864529642,0.018400455225913957,0.003921573653181644,0.0018178977764950366,-0.024708996535122898,-0.015290359353997057,-0.0017582341628192511,0.04639696639584636,96742000.0
2025-09-21,96742000.0,1058600.0,3643.699951171875,67.44000244140625,89197000.0,84001766.66666667,3363108.1059022546,2981983.0412385426,70.02804803225524,93670405.65551955,81441894.34448045,0.04639696639584636,0.03118207255572381,0.0,0.0,0.05504098216436046,0.03738242722621701,0.0,-0.011250964770022966,-0.003937807996321232,-0.01040214079746196,-0.00018098114452106475,-0.00412309514109223,-0.001926507864529642,-0.020098239769842638,-0.016397555007528083,0.0,-0.03296384029237173,93605000.0
2025-09-22,93605000.0,1040000.0,3740.699951171875,66.56999969482422,90532857.14285715,84580700.0,3488280.9594257325,3083242.6248759804,65.21774621444024,94369563.93502323,81806836.06497677,-0.03296384029237173,-0.01772656728846881,0.026273111140419844,-0.012984328866431312,0.04639696639584636,0.03118207255572381,0.0,0.05504098216436046,0.03738242722621701,0.0,-0.011250964770022966,-0.003937807996321232,-0.01040214079746196,-0.004381868473378385,0.0030153601668300085,0.0,0.03057319062568913,96511000.0
2025-09-23,96511000.0,1034900.0,3780.60009765625,67.62999725341797,91919714.28571428,85330466.66666667,3778416.033161521,3222277.306533089,67.10795476475356,95672572.72639063,81811427.27360937,0.03057319062568913,-0.004915909461291043,0.010610006389506373,0.015797609946630826,-0.03296384029237173,-0.01772656728846881,0.026273111140419844,0.04639696639584636,0.03118207255572381,0.0,0.05504098216436046,0.03738242722621701,0.0,0.02980513743078071,0.012928919921703677,0.012378742793382764,0.03031973179081615,99482000.0
2025-09-24,99482000.0,1072050.0,3732.10009765625,69.30999755859375,93500714.28571428,86142166.66666667,4199673.8142005205,3417756.6080665756,69.91669020050833,97716042.98076075,81104357.01923925,0.03031973179081615,0.0352678996599702,-0.01291164894810577,0.02453752973048906,0.03057319062568913,-0.004915909461291043,0.010610006389506373,-0.03296384029237173,-0.01772656728846881,0.026273111140419844,0.04639696639584636,0.03118207255572381,0.0,0.018400455225913957,0.003921573653181644,0.0018178977764950366,0.002760505469651257,99757000.0
2025-09-25,99757000.0,1082900.0,3736.89990234375,69.41999816894531,95123285.71428572,86938433.33333333,4503796.8755364865,3634964.661560558,70.53141793403815,99435464.31964396,80419935.68035604,0.002760505469651257,0.010069924300236146,0.001285260502940439,0.0015858233517196865,0.03031973179081615,0.0352678996599702,-0.01291164894810577,0.03057319062568913,-0.004915909461291043,0.010610006389506373,-0.03296384029237173,-0.01772656728846881,0.026273111140419844,-0.00018098114452106475,-0.00412309514109223,-0.001926507864529642,0.03752013911337721,103571000.0
2025-09-27,103571000.0,1101200.0,3736.89990234375,69.41999816894531,97432000.0,87859733.33333333,4994995.321021512,3906970.793452749,73.65694370309899,101941206.84038977,79502093.15961023,0.03752013911337721,0.016757866634118414,0.0,0.0,0.002760505469651257,0.010069924300236146,0.001285260502940439,0.03031973179081615,0.0352678996599702,-0.01291164894810577,0.03057319062568913,-0.004915909461291043,0.010610006389506373,-0.011250964770022966,-0.003937807996321232,-0.01040214079746196,-0.019263046524789076,101595000.0
2025-09-28,101595000.0,1105200.0,3736.89990234375,69.41999816894531,98751857.14285715,88667833.33333333,5165284.754708976,4158633.5857039946,74.08495183957051,103531582.5922089,79311017.4077911,-0.019263046524789076,0.003625819780809233,0.0,0.0,0.03752013911337721,0.016757866634118414,0.0,0.002760505469651257,0.010069924300236146,0.001285260502940439,0.03031973179081615,0.0352678996599702,-0.01291164894810577,0.05504098216436046,0.03738242722621701,0.0,0.02917791057289923,104603000.0
2025-09-29,104603000.0,1120400.0,3820.89990234375,67.97000122070312,99874857.14285715,89539500.0,5479793.174210995,4422865.503405395,80.31254741313913,105527374.05131973,79160725.94868027,0.02917791057289923,0.013659450336691994,0.022229606824819108,-0.021108534739181367,-0.019263046524789076,0.003625819780809233,0.0,0.03752013911337721,0.016757866634118414,0.0,0.002760505469651257,0.010069924300236146,0.001285260502940439,0.04639696639584636,0.03118207255572381,0.0,0.020233107513153693,106741000.0
2025-09-30,106741000.0,1141300.0,3840.800048828125,67.0199966430664,101751428.57142857,90509300.0,5834307.825681686,4705153.967860654,82.38055467557527,107753955.34479326,78843644.65520674,0.020233107513153693,0.018482199173600847,0.005194719543134664,-0.014075417097358111,0.02917791057289923,0.013659450336691994,0.022229606824819108,-0.019263046524789076,0.003625819780809233,0.0,0.03752013911337721,0.016757866634118414,0.0,-0.03296384029237173,-0.01772656728846881,0.026273111140419844,0.021547864151333695,109066000.0
2025-10-01,109066000.0,1154400.0,3867.5,65.3499984741211,103545000.0,91524266.66666667,6231043.716997117,5010331.917687947,82.26615264210557,110192369.94894776,78492030.05105224,0.021547864151333695,0.011412764900106672,0.006927612517481628,-0.025233615499730706,0.020233107513153693,0.018482199173600847,0.005194719543134664,0.02917791057289923,0.013659450336691994,0.022229606824819108,-0.019263046524789076,0.003625819780809233,0.0,0.03057319062568913,-0.004915909461291043,0.010610006389506373,0.01589089237822308,110813000.0
2025-10-02,110813000.0,1178600.0,3839.699951171875,64.11000061035156,105163714.28571428,92562233.33333333,6610229.458432302,5330311.425836818,82.3352774730034,112643513.04961127,78315586.95038873,0.01589089237822308,0.020746564944151884,-0.0072140776340165556,-0.019157049201351903,0.021547864151333695,0.011412764900106672,0.006927612517481628,0.020233107513153693,0.018482199173600847,0.005194719543134664,0.02917791057289923,0.013659450336691994,0.022229606824819108,0.03031973179081615,0.0352678996599702,-0.01291164894810577,-0.011481286579642553,109548000.0
2025-10-04,109548000.0,1153800.0,3839.699951171875,64.11000061035156,106562428.57142857,93448366.66666667,6731070.373135865,5610463.215296628,79.46938661761837,114458285.09075795,78605414.90924205,-0.011481286579642553,-0.02126645058102392,0.0,0.0,0.01589089237822308,0.020746564944151884,-0.0072140776340165556,0.021547864151333695,0.011412764900106672,0.006927612517481628,0.020233107513153693,0.018482199173600847,0.005194719543134664,0.002760505469651257,0.010069924300236146,0.001285260502940439,-0.03253699759096393,106041000.0
2025-10-05,106041000.0,1138700.0,3839.699951171875,64.11000061035156,106915285.71428572,94201900.0,6469278.26501888,5782226.225241079,74.25848285200907,115249520.08226007,79784079.91773993,-0.03253699759096393,-0.013173582006229735,0.0,0.0,-0.011481286579642553,-0.02126645058102392,0.0,0.01589089237822308,0.020746564944151884,-0.0072140776340165556,0.021547864151333695,0.011412764900106672,0.006927612517481628,0.03752013911337721,0.016757866634118414,0.0,-0.006926926206939832,105309000.0
2025-10-06,105309000.0,1111600.0,3948.5,65.47000122070312,107445857.14285715,94841600.0,6132053.356778845,5852191.651548632,68.94433556615087,115513765.11875384,81588334.88124616,-0.006926926206939832,-0.024086841948210685,0.027941534124430966,0.02099167357868268,-0.03253699759096393,-0.013173582006229735,0.0,-0.011481286579642553,-0.02126645058102392,0.0,0.01589089237822308,0.020746564944151884,-0.0072140776340165556,-0.019263046524789076,0.003625819780809233,0.0,0.0371883604367665,109299000.0
2025-10-07,109299000.0,1139700.0,3976.60009765625,65.44999694824219,108116714.28571428,95504666.66666667,6116255.455943733,5905004.412427653,68.5803912284336,116002619.57115547,83603980.42884453,0.0371883604367665,0.024964650993340977,0.007091447444070091,-0.0003055953696363721,-0.006926926206939832,-0.024086841948210685,0.027941534124430966,-0.03253699759096393,-0.013173582006229735,0.0,-0.011481286579642553,-0.02126645058102392,0.0,0.02917791057289923,0.013659450336691994,0.022229606824819108,0.039731179393119806,113729000.0
2025-10-08,113729000.0,1156900.0,4043.300048828125,66.25,109115000.0,96372566.66666667,6387567.579723135,6001517.045886749,78.67974005244555,117275108.59777272,85024091.40222728,0.039731179393119806,0.01497894417315357,0.016633994907520273,0.012149019137739343,0.0371883604367665,0.024964650993340977,0.007091447444070091,-0.006926926206939832,-0.024086841948210685,0.027941534124430966,-0.03253699759096393,-0.013173582006229735,0.0,0.020233107513153693,0.018482199173600847,0.005194719543134664,-0.020448757438147166,111427000.0
2025-10-09,111427000.0,1132850.0,3946.300048828125,65.22000122070312,109452285.71428572,97166733.33333333,6343705.937901035,6069954.824289607,71.62993039443155,117874331.2992512,86726068.7007488,-0.020448757438147166,-0.02100743265138009,-0.024282758867578195,-0.015669275788459478,0.039731179393119806,0.01497894417315357,0.016633994907520273,0.0371883604367665,0.024964650993340977,0.007091447444070091,-0.006926926206939832,-0.024086841948210685,0.027941534124430966,0.021547864151333695,0.011412764900106672,0.006927612517481628,-0.019941382468644978,109227000.0
2025-10-11,109227000.0,1127000.0,3946.300048828125,65.22000122070312,109225714.28571428,97936033.33333333,6061549.883050084,6068273.836041703,64.45459669524459,117743181.4540955,88940018.5459045,-0.019941382468644978,-0.005177346343686807,0.0,0.0,-0.020448757438147166,-0.02100743265138009,-0.024282758867578195,0.039731179393119806,0.01497894417315357,0.016633994907520273,0.0371883604367665,0.024964650993340977,0.007091447444070091,0.01589089237822308,0.020746564944151884,-0.0072140776340165556,-0.007378818782419703,108424000.0
2025-10-12,108424000.0,1121400.0,3946.300048828125,65.22000122070312,109065142.85714285,98628633.33333333,5707352.975311607,5996089.663895683,62.65735899757572,116832572.93828183,91952027.06171817,-0.007378818782419703,-0.0049813303502041365,0.0,0.0,-0.019941382468644978,-0.005177346343686807,0.0,-0.020448757438147166,-0.02100743265138009,-0.024282758867578195,0.039731179393119806,0.01497894417315357,0.016633994907520273,-0.011481286579642553,-0.02126645058102392,0.0,0.008458554626571661,109345000.0
2025-10-13,109345000.0,1112000.0,4108.60009765625,63.31999969482422,109537142.85714285,99333533.33333333,5438277.301438883,5884527.191404324,59.21069423175089,116483938.1158242,93999561.8841758,0.008458554626571661,-0.008417708879044503,0.04030391820550387,-0.029564958884640377,-0.007378818782419703,-0.0049813303502041365,0.0,-0.019941382468644978,-0.005177346343686807,0.0,-0.020448757438147166,-0.02100743265138009,-0.024282758867578195,-0.03253699759096393,-0.013173582006229735,0.0,-0.008375550619274983,108433000.0
2025-10-14,108433000.0,1088900.0,4138.7001953125,62.38999938964844,109983428.57142857,100012433.33333333,5092736.220183149,5726168.997160089,61.29128137384412,116403749.91852702,95248850.08147298,-0.008375550619274983,-0.02099218345851236,0.007299414410765657,-0.014796233853379696,0.008458554626571661,-0.008417708879044503,0.04030391820550387,-0.007378818782419703,-0.0049813303502041365,0.0,-0.019941382468644978,-0.005177346343686807,0.0,-0.006926926206939832,-0.024086841948210685,0.027941534124430966,0.029684235354143627,111700000.0
2025-10-15,111700000.0,1095800.0,4176.89990234375,61.90999984741211,110326428.57142857,100785700.0,5024591.655436546,5585853.52881538,61.61956842070794,115910091.90562735,97552008.09437265,0.029684235354143627,0.006316677752300143,0.009187545165353398,-0.007723281273384103,-0.008375550619274983,-0.02099218345851236,0.007299414410765657,0.008458554626571661,-0.008417708879044503,0.04030391820550387,-0.007378818782419703,-0.0049813303502041365,0.0,0.0371883604367665,0.024964650993340977,0.007091447444070091,0.009276446505230095,112741000.0
2025-10-16,112741000.0,1102500.0,4280.2001953125,61.060001373291016,110185285.71428572,101665666.66666667,4996984.470459178,5468079.717144141,60.18952516812716,115733813.39397493,99351286.60602507,0.009276446505230095,0.00609563821668579,0.024430461884398305,-0.013824705268891145,0.029684235354143627,0.006316677752300143,0.009187545165353398,-0.008375550619274983,-0.02099218345851236,0.007299414410765657,0.008458554626571661,-0.008417708879044503,0.04030391820550387,0.039731179393119806,0.01497894417315357,0.016633994907520273,-0.0385549836379592,108477000.0
2025-10-18,108477000.0,1065000.0,4280.2001953125,61.060001373291016,109763857.14285715,102460766.66666667,4578261.069460288,5290115.98760737,49.061534049265475,115255255.90397999,100729344.09602001,-0.0385549836379592,-0.03460552917747561,0.0,0.0,0.009276446505230095,0.00609563821668579,0.024430461884398305,0.029684235354143627,0.006316677752300143,0.009187545165353398,-0.008375550619274983,-0.02099218345851236,0.007299414410765657,-0.020448757438147166,-0.02100743265138009,-0.024282758867578195,0.021351047050039672,110818000.0
2025-10-19,110818000.0,1083400.0,4280.2001953125,61.060001373291016,109991142.85714285,103346233.33333333,4384773.948227972,5109047.57973149,50.007818608287714,114779587.19302909,102311112.80697091,0.021351047050039672,0.01712944508027304,0.0,0.0,-0.0385549836379592,-0.03460552917747561,0.0,0.009276446505230095,0.00609563821668579,0.024430461884398305,0.029684235354143627,0.006316677752300143,0.009187545165353398,-0.019941382468644978,-0.005177346343686807,0.0,-0.009757059632500889,109742000.0
2025-10-20,109742000.0,1064100.0,4336.39990234375,61.0099983215332,110179428.57142857,104110866.66666667,4097377.782610327,4906713.620307258,50.3051657962625,114646742.94898273,103061057.05101727,-0.009757059632500889,-0.01797487277611261,0.013044705179347135,-0.0008192521451552895,0.021351047050039672,0.01712944508027304,0.0,-0.0385549836379592,-0.03460552917747561,0.0,0.009276446505230095,0.00609563821668579,0.024430461884398305,-0.007378818782419703,-0.0049813303502041365,0.0,-0.005674798083930134,109121000.0
2025-10-21,109121000.0,1088900.0,4087.699951171875,61.31999969482422,110147428.57142857,104801066.66666667,3775977.621142268,4680566.420474261,55.32871972318339,113908111.5718111,104552288.4281889,-0.005674798083930134,0.023038640904329447,-0.05906203554004988,0.0050682913744178135,-0.009757059632500889,-0.01797487277611261,0.013044705179347135,0.021351047050039672,0.01712944508027304,0.0,-0.0385549836379592,-0.03460552917747561,0.0,0.008458554626571661,-0.008417708879044503,0.04030391820550387,-0.004426899220825219,108639000.0
2025-10-22,108639000.0,1075600.0,4044.39990234375,62.59000015258789,110176857.14285715,105475733.33333333,3442687.1513750553,4432990.56665442,55.81151832460733,113588608.99241069,105275391.00758931,-0.004426899220825219,-0.012289366957305647,-0.01064926865576389,0.020499474347666365,-0.005674798083930134,0.023038640904329447,-0.05906203554004988,-0.009757059632500889,-0.01797487277611261,0.013044705179347135,0.021351047050039672,0.01712944508027304,0.0,-0.008375550619274983,-0.02099218345851236,0.007299414410765657,0.002886137523096496,108953000.0
2025-10-23,108953000.0,1084800.0,4125.5,65.98999786376953,109784428.57142857,106193833.33333333,3167377.6704876274,4179867.987421062,49.30727957075358,113511185.98177446,105574014.01822554,0.002886137523096496,0.008516992791421516,0.019854040473195667,0.05289765964879074,-0.004426899220825219,-0.012289366957305647,-0.01064926865576389,-0.005674798083930134,0.023038640904329447,-0.05906203554004988,-0.009757059632500889,-0.01797487277611261,0.013044705179347135,0.029684235354143627,0.006316677752300143,0.009187545165353398,-0.022827951044041422,106494000.0
2025-10-25,106494000.0,1070200.0,4125.5,65.98999786376953,108892000.0,106665100.0,2719424.343063146,3887779.258549479,34.27379037516846,113607905.60343532,105220094.39656468,-0.022827951044041422,-0.013550091308926863,0.0,0.0,0.002886137523096496,0.008516992791421516,0.019854040473195667,-0.004426899220825219,-0.012289366957305647,-0.01064926865576389,-0.005674798083930134,0.023038640904329447,-0.05906203554004988,0.009276446505230095,0.00609563821668579,0.024430461884398305,0.008825291466502534,107438000.0
2025-10-26,107438000.0,1078400.0,4125.5,65.98999786376953,108743571.42857143,107021633.33333333,2412778.0113993585,3592779.009119455,40.78540078540078,113473596.790289,105016903.209711,0.008825291466502534,0.007632914280838438,0.0,0.0,-0.022827951044041422,-0.013550091308926863,0.0,0.002886137523096496,0.008516992791421516,0.019854040473195667,-0.004426899220825219,-0.012289366957305647,-0.01064926865576389,-0.0385549836379592,-0.03460552917747561,0.0,-0.01864858097852914,105453000.0
2025-10-27,105453000.0,1079800.0,4001.89990234375,65.62000274658203,107977142.85714285,107416566.66666667,1986684.4123875797,3271560.08977308,41.1945870275315,113591402.86010426,104489597.13989574,-0.01864858097852914,0.0012973776261439452,-0.030418000621630595,-0.005622613634474322,0.008825291466502534,0.007632914280838438,0.0,-0.022827951044041422,-0.013550091308926863,0.0,0.002886137523096496,0.008516992791421516,0.019854040473195667,0.021351047050039672,0.01712944508027304,0.0,-0.018432907772145245,103527000.0
2025-10-28,103527000.0,1069300.0,3966.199951171875,64.4000015258789,107089285.71428572,107650433.33333333,1476569.092222929,2912561.89026305,39.143351217132974,113929758.19786324,103899841.80213676,-0.018432907772145245,-0.009771610021575729,-0.008960778782097539,-0.018766912584742758,-0.01864858097852914,0.0012973776261439452,-0.030418000621630595,0.008825291466502534,0.007632914280838438,0.0,-0.022827951044041422,-0.013550091308926863,0.0,-0.009757059632500889,-0.01797487277611261,0.013044705179347135,0.009832977624549986,104550000.0
2025-10-29,104550000.0,1069100.0,3983.699951171875,64.91999816894531,106436285.71428572,107819366.66666667,1141685.9314988106,2558386.698510202,39.41734716398146,114016632.06685233,103737067.93314767,0.009832977624549986,-0.00018705574315671308,0.004402578266743398,0.008042057637524991,-0.018432907772145245,-0.009771610021575729,-0.008960778782097539,-0.01864858097852914,0.0012973776261439452,-0.030418000621630595,0.008825291466502534,0.007632914280838438,0.0,-0.005674798083930134,0.023038640904329447,-0.05906203554004988,-0.007026059772076225,103818000.0
2025-10-30,103818000.0,1073000.0,4001.300048828125,65.0,105747571.42857143,107954733.33333333,807909.2564984411,2208291.21010785,39.733036707452726,114210954.64911775,102994645.35088225,-0.007026059772076225,0.0036412906112442698,0.004408297096619672,0.0012315554540326826,0.009832977624549986,-0.00018705574315671308,0.004402578266743398,-0.018432907772145245,-0.009771610021575729,-0.008960778782097539,-0.01864858097852914,0.0012973776261439452,-0.030418000621630595,-0.004426899220825219,-0.012289366957305647,-0.01064926865576389,0.023277787158625655,106263000.0
2025-11-01,106263000.0,1088700.0,4001.300048828125,65.0,105363285.71428572,108044466.66666667,732239.1064953208,1913080.7893853441,37.445157714866305,113375859.42860785,103083140.57139215,0.023277787158625655,0.014525860256435947,0.0,0.0,-0.007026059772076225,0.0036412906112442698,0.004408297096619672,0.009832977624549986,-0.00018705574315671308,0.004402578266743398,-0.018432907772145245,-0.009771610021575729,-0.008960778782097539,0.002886137523096496,0.008516992791421516,0.019854040473195667,-0.01224255821348574,104970000.0
2025-11-02,104970000.0,1083200.0,4001.300048828125,65.0,105145571.42857143,108156966.66666667,561463.4720883816,1642757.3259259518,32.26204062999315,113018442.65187757,102794857.34812243,-0.01224255821348574,-0.005064700729123745,0.0,0.0,0.023277787158625655,0.014525860256435947,0.0,-0.007026059772076225,0.0036412906112442698,0.004408297096619672,0.009832977624549986,-0.00018705574315671308,0.004402578266743398,-0.022827951044041422,-0.013550091308926863,0.0,-0.0008100831969534383,104885000.0
2025-11-03,104885000.0,1079700.0,4000.300048828125,64.88999938964844,104780857.14285715,108166366.66666667,414485.82721585035,1397103.0261839316,39.867990522396475,112932367.86326478,102446732.13673522,-0.0008100831969534383,-0.0032363984049158857,-0.000249950008248771,-0.001693750668501871,-0.01224255821348574,-0.005064700729123745,0.0,0.023277787158625655,0.014525860256435947,0.0,-0.007026059772076225,0.0036412906112442698,0.004408297096619672,0.008825291466502534,0.007632914280838438,0.0,-0.0014979989729549709,104728000.0
2025-11-04,104728000.0,1082150.0,3947.699951171875,64.44000244140625,104677285.71428572,108099266.66666667,282084.70001125336,1174099.3609493962,30.40792690773388,112896991.04861009,102112508.95138991,-0.0014979989729549709,0.0022665782074436074,-0.013236252040332198,-0.0069589230318593525,-0.0008100831969534383,-0.0032363984049158857,-0.000249950008248771,-0.01224255821348574,-0.005064700729123745,0.0,0.023277787158625655,0.014525860256435947,0.0,-0.01864858097852914,0.0012973776261439452,-0.030418000621630595,-0.000401119319273183,104686000.0
2025-11-05,104686000.0,1078600.0,3980.300048828125,63.52000045776367,104842857.14285715,107953266.66666667,171786.55533514917,973636.7998265468,32.575130962227746,112731427.30943191,101812172.69056809,-0.000401119319273183,-0.003285899057411665,0.008224087134207535,-0.014379772049788677,-0.0014979989729549709,0.0022665782074436074,-0.013236252040332198,-0.0008100831969534383,-0.0032363984049158857,-0.000249950008248771,-0.01224255821348574,-0.005064700729123745,0.0,-0.018432907772145245,-0.009771610021575729,-0.008960778782097539,0.0031758926100437512,105019000.0
2025-11-06,105019000.0,1078400.0,3979.89990234375,63.380001068115234,104909857.14285715,107760133.33333333,109977.05104094744,800904.850069427,35.57665260196906,112621010.7887528,101581189.2112472,0.0031758926100437512,-0.00018544274508406345,-0.0001005367923334668,-0.002206453030152947,-0.000401119319273183,-0.003285899057411665,0.008224087134207535,-0.0014979989729549709,0.0022665782074436074,-0.013236252040332198,-0.0008100831969534383,-0.0032363984049158857,-0.000249950008248771,0.009832977624549986,-0.00018705574315671308,0.004402578266743398,-0.006802812319931929,104307000.0
2025-11-08,104307000.0,1078050.0,3979.89990234375,63.380001068115234,104979714.28571428,107585433.33333333,3499.780713111162,641423.8361981639,35.01038062283736,111935780.44280383,101527119.55719617,-0.006802812319931929,-0.00032460757548130874,0.0,0.0,0.0031758926100437512,-0.00018544274508406345,-0.0001005367923334668,-0.000401119319273183,-0.003285899057411665,0.008224087134207535,-0.0014979989729549709,0.0022665782074436074,-0.013236252040332198,-0.007026059772076225,0.0036412906112442698,0.004408297096619672,0.0023269520260061492,104550000.0
2025-11-09,104550000.0,1078600.0,3979.89990234375,63.380001068115234,104735000.0,107535733.33333333,-60577.8502356261,501023.4989114059,34.68947771055011,110769097.14924024,101874702.85075976,0.0023269520260061492,0.0005100503205654301,0.0,0.0,-0.006802812319931929,-0.00032460757548130874,0.0,0.0031758926100437512,-0.00018544274508406345,-0.0001005367923334668,-0.000401119319273183,-0.003285899057411665,0.008224087134207535,0.023277787158625655,0.014525860256435947,0.0,0.011043529704151553,105711000.0
2025-11-10,105711000.0,1076700.0,4111.7998046875,64.05999755859375,104840857.14285715,107549133.33333333,-17475.391859456897,397323.7207572333,47.00710954819968,110519244.83882397,101847955.16117603,0.011043529704151553,-0.0017630960814554182,0.03260417252201973,0.010671734954433654,0.0023269520260061492,0.0005100503205654301,0.0,-0.006802812319931929,-0.00032460757548130874,0.0,0.0031758926100437512,-0.00018544274508406345,-0.0001005367923334668,-0.01224255821348574,-0.005064700729123745,0.0,0.0405075028673029,110081000.0
2025-11-11,110081000.0,1098400.0,4106.7998046875,65.16000366210938,105583142.85714285,107575200.0,365097.47885531187,390878.4723768491,58.00569455382565,110326262.22915834,101967237.77084166,0.0405075028673029,0.01995376763208999,-0.0012167524528548244,0.01702573386587615,0.011043529704151553,-0.0017630960814554182,0.03260417252201973,0.0023269520260061492,0.0005100503205654301,0.0,-0.006802812319931929,-0.00032460757548130874,0.0,-0.0008100831969534383,-0.0032363984049158857,-0.000249950008248771,0.034736345745243626,113972000.0
2025-11-12,113972000.0,1126100.0,4204.39990234375,62.709999084472656,106903714.28571428,107583300.0,971066.565838635,506916.09106920625,73.13311247488187,111597546.89437127,101118953.10562873,0.034736345745243626,0.02490576024921864,0.02348748385555354,-0.03832492998009837,0.0405075028673029,0.01995376763208999,-0.0012167524528548244,0.011043529704151553,-0.0017630960814554182,0.03260417252201973,0.0023269520260061492,0.0005100503205654301,0.0,-0.0014979989729549709,0.0022665782074436074,-0.013236252040332198,0.014036082409198049,115583000.0
2025-11-13,115583000.0,1125300.0,4186.89990234375,63.0099983215332,108460428.57142857,107721833.33333333,1563275.2058872283,718187.9140328107,83.3075477953365,113263046.38267249,100099653.61732751,0.014036082409198049,-0.0007106689470285297,-0.004170992761122764,0.004772507360316131,0.034736345745243626,0.02490576024921864,0.02348748385555354,0.0405075028673029,0.01995376763208999,-0.0012167524528548244,0.011043529704151553,-0.0017630960814554182,0.03260417252201973,-0.000401119319273183,-0.003285899057411665,0.008224087134207535,-0.029180185018553594,112259000.0
2025-11-15,112259000.0,1128300.0,4186.89990234375,63.0099983215332,109494714.28571428,107822900.0,1744278.8389066309,923406.0990075748,68.89553409480857,113856882.00797068,99867817.99202932,-0.029180185018553594,0.0026624083884491554,0.0,0.0,0.014036082409198049,-0.0007106689470285297,-0.004170992761122764,0.034736345745243626,0.02490576024921864,0.02348748385555354,0.0405075028673029,0.01995376763208999,-0.0012167524528548244,0.0031758926100437512,-0.00018544274508406345,-0.0001005367923334668,-0.010648068402956451,111070000.0
2025-11-16,111070000.0,1121900.0,4186.89990234375,63.0099983215332,110460857.14285715,107911100.0,1771363.9777234644,1092997.6747507527,67.38588415803605,114157313.65885948,99779086.34114052,-0.010648068402956451,-0.005688398593481408,0.0,0.0,-0.029180185018553594,0.0026624083884491554,0.0,0.014036082409198049,-0.0007106689470285297,-0.004170992761122764,0.034736345745243626,0.02490576024921864,0.02348748385555354,-0.006802812319931929,-0.00032460757548130874,0.0,0.006810285676760956,111829000.0
2025-11-17,111829000.0,1124950.0,4068.300048828125,64.19999694824219,111500714.28571428,107993900.0,1832945.05254893,1240987.1503103883,64.51747522170058,114738988.72941975,99730911.27058025,0.006810285676760956,0.0027149136554734366,-0.02873534619681679,0.01870974584488396,-0.010648068402956451,-0.005688398593481408,0.0,-0.029180185018553594,0.0026624083884491554,0.0,0.014036082409198049,-0.0007106689470285297,-0.004170992761122764,0.0023269520260061492,0.0005100503205654301,0.0,-0.004858468833665685,111287000.0
2025-11-18,111287000.0,1125500.0,4061.300048828125,64.88999938964844,112297285.71428572,108089033.33333333,1817067.6034515202,1356203.2409386148,67.14805364026277,115147673.74480574,99707126.25519426,-0.004858468833665685,0.0004887911403944948,-0.0017221023533426794,0.010690356066389406,0.006810285676760956,0.0027149136554734366,-0.02873534619681679,-0.010648068402956451,-0.005688398593481408,0.0,-0.029180185018553594,0.0026624083884491554,0.0,0.011043529704151553,-0.0017630960814554182,0.03260417252201973,0.01932908815862697,113459000.0
2025-11-19,113459000.0,1133600.0,4077.699951171875,63.5099983215332,112779857.14285715,108147666.66666667,1957185.640729025,1476399.720896697,70.90607627035989,115937338.4266209,99718061.5733791,0.01932908815862697,0.007171028029683748,0.004029960569867122,-0.021496171840638192,-0.004858468833665685,0.0004887911403944948,-0.0017221023533426794,0.006810285676760956,0.0027149136554734366,-0.02873534619681679,-0.010648068402956451,-0.005688398593481408,0.0,0.0405075028673029,0.01995376763208999,-0.0012167524528548244,0.00030843390726239595,113494000.0
2025-11-20,113494000.0,1135200.0,4056.5,63.380001068115234,112711571.42857143,108172766.66666667,2047452.6426902711,1590610.305255412,71.50215855572998,116547120.47646153,100104979.52353847,0.00030843390726239595,0.0014104374693621117,-0.0052125591455094164,-0.002048976271162809,0.01932908815862697,0.007171028029683748,0.004029960569867122,-0.004858468833665685,0.0004887911403944948,-0.0017221023533426794,0.006810285676760956,0.0027149136554734366,-0.02873534619681679,0.034736345745243626,0.02490576024921864,0.02348748385555354,-0.01995207367516768,111252000.0
2025-11-22,111252000.0,1129100.0,4056.5,63.380001068115234,112092857.14285715,108265266.66666667,1915992.8562759757,1655686.8154595247,64.53684024087849,116779878.03817782,100542421.96182218,-0.01995207367516768,-0.005387991659356379,0.0,0.0,0.00030843390726239595,0.0014104374693621117,-0.0052125591455094164,0.01932908815862697,0.007171028029683748,0.004029960569867122,-0.004858468833665685,0.0004887911403944948,-0.0017221023533426794,0.014036082409198049,-0.0007106689470285297,-0.004170992761122764,0.01357905029740076,112773000.0
2025-11-23,112773000.0,1137600.0,4056.5,63.380001068115234,112166285.71428572,108330433.33333333,1912495.9540280253,1707048.643173225,66.30910314655898,117089559.4609455,101128240.5390545,0.01357905029740076,0.00749992486250001,0.0,0.0,-0.01995207367516768,-0.005387991659356379,0.0,0.00030843390726239595,0.0014104374693621117,-0.0052125591455094164,0.01932908815862697,0.007171028029683748,0.004029960569867122,-0.029180185018553594,0.0026624083884491554,0.0,0.0069191586038494825,113556000.0
2025-11-25,113556000.0,1134600.0,4139.2001953125,62.47999954223633,112521428.57142857,108457566.66666667,1950422.9285741597,1755723.500253412,69.39562974457913,117572283.55856529,101374816.44143471,0.0069191586038494825,-0.00264061415650967,0.020182046782694384,-0.014301872910467035,0.01357905029740076,0.00749992486250001,0.0,-0.01995207367516768,-0.005387991659356379,0.0,0.00030843390726239595,0.0014104374693621117,-0.0052125591455094164,-0.010648068402956451,-0.005688398593481408,0.0,0.012366419492528953,114969000.0
2025-11-26,114969000.0,1136400.0,4165.2001953125,63.130001068115234,112970000.0,108652500.0,2070628.7014684528,1818704.54049642,70.82716987166674,118135917.89512989,101811082.10487011,0.012366419492528953,0.0015852050875660318,0.006261760929431564,0.010349611093964038,0.0069191586038494825,-0.00264061415650967,0.020182046782694384,0.01357905029740076,0.00749992486250001,0.0,-0.01995207367516768,-0.005387991659356379,0.0,0.006810285676760956,0.0027149136554734366,-0.02873534619681679,-0.002420971312219709,114691000.0
2025-11-27,114691000.0,1141700.0,4165.2001953125,63.130001068115234,113456285.71428572,108854233.33333333,2119033.4671096355,1878770.3258190632,68.60754247824286,118516562.2616159,102411037.7383841,-0.002420971312219709,0.004653008702248616,0.0,0.0,0.012366419492528953,0.0015852050875660318,0.006261760929431564,0.0069191586038494825,-0.00264061415650967,0.020182046782694384,0.01357905029740076,0.00749992486250001,0.0,-0.004858468833665685,0.0004887911403944948,-0.0017221023533426794,0.03134563211728803,118343000.0
2025-11-29,118343000.0,1158600.0,4165.2001953125,63.130001068115234,114154000.0,109167233.33333333,2424136.5345822424,1987843.5675716992,67.64479753972321,119453544.9351037,102835555.0648963,0.03134563211728803,0.014693999980242244,0.0,0.0,-0.002420971312219709,0.004653008702248616,0.0,0.012366419492528953,0.0015852050875660318,0.006261760929431564,0.0069191586038494825,-0.00264061415650967,0.020182046782694384,0.01932908815862697,0.007171028029683748,0.004029960569867122,0.018402756410120458,120541000.0
2025-11-30,120541000.0,1173800.0,4165.2001953125,63.130001068115234,115160714.28571428,109635466.66666667,2810890.943176657,2152453.042692691,65.12270362355542,120666542.90682277,103208057.09317723,0.018402756410120458,0.013033969461710383,0.0,0.0,0.03134563211728803,0.014693999980242244,0.0,-0.002420971312219709,0.004653008702248616,0.0,0.012366419492528953,0.0015852050875660318,0.006261760929431564,0.00030843390726239595,0.0014104374693621117,-0.0052125591455094164,0.01286681697707431,122102000.0
2025-12-01,122102000.0,1189750.0,4239.2998046875,63.16999816894531,116710714.28571428,110124266.66666667,3206394.927765712,2363241.4197072955,65.0422262217915,122000316.37917359,103582583.62082641,0.01286681697707431,0.013496851876985664,0.017633774637688518,0.0006333666256336968,0.018402756410120458,0.013033969461710383,0.0,0.03134563211728803,0.014693999980242244,0.0,-0.002420971312219709,0.004653008702248616,0.0,-0.01995207367516768,-0.005387991659356379,0.0,-0.007348682941353692,121208000.0
2025-12-02,121208000.0,1186950.0,4186.60009765625,62.45000076293945,117915714.28571428,110649433.33333333,3408406.369506225,2572274.4096670817,73.25744581319195,122667272.26982686,104605727.73017314,-0.007348682941353692,-0.002356209277907839,-0.01250914319860585,-0.011463227136073771,0.01286681697707431,0.013496851876985664,0.017633774637688518,0.018402756410120458,0.013033969461710383,0.0,0.03134563211728803,0.014693999980242244,0.0,0.01357905029740076,0.00749992486250001,0.0,0.014294090469655895,122953000.0
2025-12-03,122953000.0,1204550.0,4199.2998046875,62.66999816894531,119258142.85714285,111296966.66666667,3667037.4834681153,2791227.0244272887,80.01515534225814,123438146.9879727,105675153.0120273,0.014294090469655895,0.014719061470471398,0.0030288262173034956,0.0035165862307886425,-0.007348682941353692,-0.002356209277907839,-0.01250914319860585,0.01286681697707431,0.013496851876985664,0.017633774637688518,0.018402756410120458,0.013033969461710383,0.0,0.0069191586038494825,-0.00264061415650967,0.020182046782694384,-0.003854417177761891,122480000.0
2025-12-04,122480000.0,1197050.0,4211.7998046875,63.2599983215332,120331142.85714285,111894633.33333333,3790146.9034272134,2991011.0002272734,77.29765749141421,123919475.94320267,106870724.05679733,-0.003854417177761891,-0.006245856413795438,0.0029722651693542806,0.009370356325492936,0.014294090469655895,0.014719061470471398,0.0030288262173034956,-0.007348682941353692,-0.002356209277907839,-0.01250914319860585,0.01286681697707431,0.013496851876985664,0.017633774637688518,0.012366419492528953,0.0015852050875660318,0.006261760929431564,0.016325835525145896,124496000.0
2025-12-06,124496000.0,1219950.0,4211.7998046875,63.2599983215332,121731857.14285715,112583900.0,4004228.1081994176,3193654.4218217023,81.4754801505981,125169558.63877282,107062141.36122718,0.016325835525145896,0.018949677500905912,0.0,0.0,-0.003854417177761891,-0.006245856413795438,0.0029722651693542806,0.014294090469655895,0.014719061470471398,0.0030288262173034956,-0.007348682941353692,-0.002356209277907839,-0.01250914319860585,-0.002420971312219709,0.004653008702248616,0.0,0.02042517967704966,127065000.0
2025-12-07,127065000.0,1240050.0,4211.7998046875,63.2599983215332,122977857.14285715,113277300.0,4331257.791616961,3421175.095780754,81.81945743685688,126989906.21408215,106551093.78591785,0.02042517967704966,0.016341827085900464,0.0,0.0,0.016325835525145896,0.018949677500905912,0.0,-0.003854417177761891,-0.006245856413795438,0.0029722651693542806,0.014294090469655895,0.014719061470471398,0.0030288262173034956,0.03134563211728803,0.014693999980242244,0.0,0.0005271502146094004,127132000.0
2025-12-08,127132000.0,1262800.0,4187.2001953125,62.4900016784668,123919428.57142857,114016033.33333333,4543463.295244768,3645632.735673557,81.84662805903233,128543379.58391598,106152520.41608402,0.0005271502146094004,0.018179776317042207,-0.005857763951972848,-0.012246620543916644,0.02042517967704966,0.016341827085900464,0.0,0.016325835525145896,0.018949677500905912,0.0,-0.003854417177761891,-0.006245856413795438,0.0029722651693542806,0.018402756410120458,0.013033969461710383,0.0,-0.0026385343489873743,126797000.0
2025-12-09,126797000.0,1248700.0,4206.7001953125,61.93999862670898,124590142.85714285,114746433.33333333,4631220.162243813,3842750.220987608,89.84875672904384,129756353.76539992,106393346.23460008,-0.0026385343489873743,-0.011228467562737118,0.0046462393338665645,-0.008840418427011148,0.0005271502146094004,0.018179776317042207,-0.005857763951972848,0.02042517967704966,0.016341827085900464,0.0,0.016325835525145896,0.018949677500905912,0.0,0.01286681697707431,0.013496851876985664,0.017633774637688518,0.0001656053470653339,126818000.0
2025-12-10,126818000.0,1249300.0,4196.39990234375,62.209999084472656,125391571.42857143,115482766.66666667,4648873.318300113,4003974.840450109,89.00305470702583,130677922.39105043,107046577.60894957,0.0001656053470653339,0.0004803843166841522,-0.002451547168984526,0.0043495914364600295,-0.0026385343489873743,-0.011228467562737118,0.0046462393338665645,0.0005271502146094004,0.018179776317042207,-0.005857763951972848,0.02042517967704966,0.016341827085900464,0.0,-0.007348682941353692,-0.002356209277907839,-0.01250914319860585,0.011727397155960417,128314000.0
2025-12-11,128314000.0,1257500.0,4285.5,61.27999877929688,126157428.57142857,116270366.66666667,4729064.556597218,4148992.783679531,89.42194678918688,131734030.8935723,107638969.1064277,0.011727397155960417,0.006542228536110725,0.02101023975304238,-0.01506223829795961,0.0001656053470653339,0.0004803843166841522,-0.002451547168984526,-0.0026385343489873743,-0.011228467562737118,0.0046462393338665645,0.0005271502146094004,0.018179776317042207,-0.005857763951972848,0.014294090469655895,0.014719061470471398,0.0030288262173034956,0.04009289171783376,133563000.0
2025-12-13,133563000.0,1289900.0,4285.5,61.27999877929688,127740714.28571428,117221833.33333333,5156723.622994125,4350538.95154245,91.22106943335994,133669061.81996338,107931538.18003662,0.04009289171783376,0.02543907299719623,0.0,0.0,0.011727397155960417,0.006542228536110725,0.02101023975304238,0.0001656053470653339,0.0004803843166841522,-0.002451547168984526,-0.0026385343489873743,-0.011228467562737118,0.0046462393338665645,-0.003854417177761891,-0.006245856413795438,0.0029722651693542806,0.012559034776493835,135251000.0
2025-12-14,135251000.0,1296900.0,4285.5,61.27999877929688,129277142.85714285,118253300.0,5567673.334581509,4593965.828150262,92.897679853113,135790353.4405404,107989446.5594596,0.012559034776493835,0.005412105370605343,0.0,0.0,0.04009289171783376,0.02543907299719623,0.0,0.011727397155960417,0.006542228536110725,0.02101023975304238,0.0001656053470653339,0.0004803843166841522,-0.002451547168984526,0.016325835525145896,0.018949677500905912,0.0,0.005529927235596348,136001000.0
2025-12-15,136001000.0,1303600.0,4306.7001953125,60.560001373291016,130553714.28571428,119301666.66666667,5886022.27289547,4852377.117099304,91.91909600227899,137677131.3451394,108353368.65486059,0.005529927235596348,0.005152866621710651,0.004934763588520603,-0.011818873706516636,0.012559034776493835,0.005412105370605343,0.0,0.04009289171783376,0.02543907299719623,0.0,0.011727397155960417,0.006542228536110725,0.02101023975304238,0.02042517967704966,0.016341827085900464,0.0,-0.004266409834527213,135422000.0
2025-12-16,135422000.0,1298700.0,4304.5,58.91999816894531,131738000.0,120292033.33333333,6022175.745672569,5086336.842813957,88.26827135730083,138787259.42198378,109660240.57801622,-0.004266409834527213,-0.00376590384736196,-0.0005110078294488002,-0.02745407128826342,0.005529927235596348,0.005152866621710651,0.004934763588520603,0.012559034776493835,0.005412105370605343,0.0,0.04009289171783376,0.02543907299719623,0.0,0.0005271502146094004,0.018179776317042207,-0.005857763951972848,0.026955417205229964,139122000.0
2025-12-17,139122000.0,1320700.0,4347.5,59.68000030517578,133498714.28571428,121260066.66666667,6355376.606159806,5340144.795483127,89.43100732091558,140504873.69190782,110577526.30809216,0.026955417205229964,0.016798134933714057,0.009939980130428714,0.01281640049157498,-0.004266409834527213,-0.00376590384736196,-0.0005110078294488002,0.005529927235596348,0.005152866621710651,0.004934763588520603,0.012559034776493835,0.005412105370605343,0.0,-0.0026385343489873743,-0.011228467562737118,0.0046462393338665645,-0.012185615729816895,137437000.0
2025-12-18,137437000.0,1316300.0,4339.5,59.81999969482422,135015714.2857143,122042233.33333333,6409589.512739137,5554033.738934329,86.26916372413177,141481737.1802709,111988762.81972907,-0.012185615729816895,-0.003337128618396587,-0.0018418331441386099,0.002343087091193699,0.026955417205229964,0.016798134933714057,0.009939980130428714,-0.004266409834527213,-0.00376590384736196,-0.0005110078294488002,0.005529927235596348,0.005152866621710651,0.004934763588520603,0.0001656053470653339,0.0004803843166841522,-0.002451547168984526,0.00326887885334192,137887000.0
2025-12-20,137887000.0,1322000.0,4339.5,59.81999969482422,136383285.7142857,122785700.0,6414917.692962378,5726210.529739939,85.42556219755195,142336779.7723686,113425520.2276314,0.00326887885334192,0.004320970980269598,0.0,0.0,-0.012185615729816895,-0.003337128618396587,-0.0018418331441386099,0.026955417205229964,0.016798134933714057,0.009939980130428714,-0.004266409834527213,-0.00376590384736196,-0.0005110078294488002,0.011727397155960417,0.006542228536110725,0.02101023975304238,-0.010329698894401317,136470000.0
2025-12-21,136470000.0,1312250.0,4339.5,59.81999969482422,136798571.42857143,123592733.33333333,6232950.680966765,5827558.559985304,81.76369085459994,142493233.37873095,115446966.62126905,-0.010329698894401317,-0.0074025202792224005,0.0,0.0,0.00326887885334192,0.004320970980269598,0.0,-0.012185615729816895,-0.003337128618396587,-0.0018418331441386099,0.026955417205229964,0.016798134933714057,0.009939980130428714,0.04009289171783376,0.02543907299719623,0.0,0.02120681942738984,139395000.0
2025-12-22,139395000.0,1329500.0,4444.60009765625,62.06999969482422,137390571.42857143,124536900.0,6252686.490019023,5912584.145992048,82.48659020539881,143338625.1567042,116706774.84329581,0.02120681942738984,0.013059710550665403,0.0239307640349557,0.03692272740868809,-0.010329698894401317,-0.0074025202792224005,0.0,0.00326887885334192,0.004320970980269598,0.0,-0.012185615729816895,-0.003337128618396587,-0.0018418331441386099,0.012559034776493835,0.005412105370605343,0.0,0.026958557419908852,143204000.0
2025-12-23,143204000.0,1347500.0,4482.7998046875,62.380001068115234,138419571.42857143,125582733.33333333,6500745.183834672,6030216.3535605725,83.38504819825411,144923885.47925028,117387814.52074972,0.026958557419908852,0.013448092100077674,0.008557909489307347,0.004981952793454131,0.02120681942738984,0.013059710550665403,0.0239307640349557,-0.010329698894401317,-0.0074025202792224005,0.0,0.00326887885334192,0.004320970980269598,0.0,0.005529927235596348,0.005152866621710651,0.004934763588520603,0.013387266501728484,145134000.0
2025-12-24,145134000.0,1353900.0,4480.60009765625,62.2400016784668,139807000.0,126710966.66666667,6774970.711082414,6179167.225064942,84.57401859107321,146724524.16809738,117890375.83190261,0.013387266501728484,0.004738292717912952,-0.0004908198003828014,-0.0022468214645863815,0.026958557419908852,0.013448092100077674,0.008557909489307347,0.02120681942738984,0.013059710550665403,0.0239307640349557,-0.010329698894401317,-0.0074025202792224005,0.0,-0.004266409834527213,-0.00376590384736196,-0.0005110078294488002,-0.01081383694745409,143573000.0
2025-12-25,143573000.0,1343900.0,4480.60009765625,62.2400016784668,140442857.14285713,127714766.66666667,6788087.910936564,6300951.362239266,80.77035950110051,147686446.98124743,119164953.01875256,-0.01081383694745409,-0.0074134819480467335,0.0,0.0,0.013387266501728484,0.004738292717912952,-0.0004908198003828014,0.026958557419908852,0.013448092100077674,0.008557909489307347,0.02120681942738984,0.013059710550665403,0.0239307640349557,0.026955417205229964,0.016798134933714057,0.009939980130428714,0.06659633009792362,153460000.0
2025-12-27,153460000.0,1388300.0,4480.60009765625,62.2400016784668,142731857.14285713,129046966.66666667,7509714.344885722,6542703.958768558,85.88051500296288,150919203.66811144,118982896.33188856,0.06659633009792362,0.032504142487738266,0.0,0.0,-0.01081383694745409,-0.0074134819480467335,0.0,0.013387266501728484,0.004738292717912952,-0.0004908198003828014,0.026958557419908852,0.013448092100077674,0.008557909489307347,-0.012185615729816895,-0.003337128618396587,-0.0018418331441386099,0.030129295126172607,158154000.0
2025-12-28,158154000.0,1419100.0,4480.60009765625,62.2400016784668,145627142.85714287,130610366.66666667,8363960.532795906,6906955.273574028,87.00029758952485,154684283.1225018,118785216.8774982,0.030129295126172607,0.021942890799735118,0.0,0.0,0.06659633009792362,0.032504142487738266,0.0,-0.01081383694745409,-0.0074134819480467335,0.0,0.013387266501728484,0.004738292717912952,-0.0004908198003828014,0.00326887885334192,0.004320970980269598,0.0,-0.09662811860749858,143587000.0
2025-12-29,143587000.0,1377200.0,4325.10009765625,61.93999862670898,146643857.14285713,131637500.0,7775886.058562607,7080741.430571744,60.096289432335524,154914283.54563418,120464316.45436582,-0.09662811860749858,-0.029970415376123112,-0.035321703743254544,-0.004831754464044778,0.030129295126172607,0.021942890799735118,0.0,0.06659633009792362,0.032504142487738266,0.0,-0.01081383694745409,-0.0074134819480467335,0.0,-0.010329698894401317,-0.0074025202792224005,0.0,0.02719886829886494,147546000.0
2025-12-30,147546000.0,1395700.0,4370.10009765625,61.91999816894531,147808285.7142857,132770500.0,7542347.526800752,7173062.649817547,61.84192784081059,155712609.99968356,121714090.00031643,0.02719886829886494,0.013343629050229863,0.010350630404542907,-0.0003229526635705223,-0.09662811860749858,-0.029970415376123112,-0.035321703743254544,0.030129295126172607,0.021942890799735118,0.0,0.06659633009792362,0.032504142487738266,0.0,0.02120681942738984,0.013059710550665403,0.0239307640349557,-0.04540137801098461,140997000.0
2025-12-31,140997000.0,1355650.0,4325.60009765625,60.84999847412109,147493000.0,133638100.0,6750995.713861406,7088649.262626319,54.328389243138346,155525278.08867452,123287921.9113255,-0.04540137801098461,-0.029115037425312736,-0.010235032825325435,-0.017431405352709674,0.02719886829886494,0.013343629050229863,0.010350630404542907,-0.09662811860749858,-0.029970415376123112,-0.035321703743254544,0.030129295126172607,0.021942890799735118,0.0,0.026958557419908852,0.013448092100077674,0.008557909489307347,0.0070109762559029875,141989000.0
2026-01-01,141989000.0,1356800.0,4325.60009765625,60.84999847412109,147043714.2857143,134548033.33333334,6133190.211258054,6897557.452352667,55.64903225806452,155176602.74504387,125155797.25495613,0.0070109762559029875,0.0008479419483527954,0.0,0.0,-0.04540137801098461,-0.029115037425312736,-0.010235032825325435,0.02719886829886494,0.013343629050229863,0.010350630404542907,-0.09662811860749858,-0.029970415376123112,-0.035321703743254544,0.013387266501728484,0.004738292717912952,-0.0004908198003828014,0.03632111030848931,147241000.0
2026-01-04,147241000.0,1379400.0,4325.60009765625,60.84999847412109,147567714.2857143,135511300.0,5998223.618491828,6717690.6855804995,56.802453206427934,155113896.48352903,127260803.51647097,0.03632111030848931,0.016519635959552144,0.0,0.0,0.0070109762559029875,0.0008479419483527954,0.0,-0.04540137801098461,-0.029115037425312736,-0.010235032825325435,0.02719886829886494,0.013343629050229863,0.010350630404542907,-0.01081383694745409,-0.0074134819480467335,0.0,0.06315547730366507,156840000.0
2026-01-05,156840000.0,1437600.0,4436.89990234375,61.7599983215332,148050571.42857143,136721266.66666666,6589856.930501282,6692123.934564657,64.3532422955719,156828927.09376892,128398372.90623108,0.06315547730366507,0.041326434472158405,0.025405030720036872,0.01484408418180797,0.03632111030848931,0.016519635959552144,0.0,0.0070109762559029875,0.0008479419483527954,0.0,-0.04540137801098461,-0.029115037425312736,-0.010235032825325435,0.06659633009792362,0.032504142487738266,0.0,0.02320482740356953,160522000.0
2026-01-06,160522000.0,1470150.0,4482.2001953125,60.70000076293945,148388857.14285713,138001933.33333334,7272010.0162009895,6808101.150891923,65.97997825565142,159604370.91351247,128318829.08648753,0.02320482740356953,0.022389379913949365,0.010158128512449065,-0.017312167904801525,0.06315547730366507,0.041326434472158405,0.025405030720036872,0.03632111030848931,0.016519635959552144,0.0,0.0070109762559029875,0.0008479419483527954,0.0,0.030129295126172607,0.021942890799735118,0.0,0.004723380772064952,161282000.0
2026-01-07,161282000.0,1475200.0,4449.2998046875,59.959999084472656,150916714.2857143,139337733.33333334,7784215.311080247,7003323.982929589,67.6809280848274,162137599.0408303,128388700.95916969,0.004723380772064952,0.003429137419030724,-0.007367304357957669,-0.012266052669043024,0.02320482740356953,0.022389379913949365,0.010158128512449065,0.06315547730366507,0.041326434472158405,0.025405030720036872,0.03632111030848931,0.016519635959552144,0.0,-0.09662811860749858,-0.029970415376123112,-0.035321703743254544,-0.020027848276614777,158084000.0
2026-01-08,158084000.0,1460400.0,4449.7001953125,61.9900016784668,152422142.85714287,140508766.66666666,7841695.638281018,7170998.313999875,63.26608838853476,163576552.23734084,129158047.76265915,-0.020027848276614777,-0.010083203020847626,8.998553214307117e-05,0.0332954508248115,0.004723380772064952,0.003429137419030724,-0.007367304357957669,0.02320482740356953,0.022389379913949365,0.010158128512449065,0.06315547730366507,0.041326434472158405,0.025405030720036872,0.02719886829886494,0.013343629050229863,0.010350630404542907,0.0030065332585272452,158560000.0
2026-01-10,158560000.0,1455000.0,4449.7001953125,61.9900016784668,154931142.85714287,141711433.33333334,7835337.539782673,7303866.159156435,61.441599856942744,164746255.69489005,130302144.30510995,0.0030065332585272452,-0.0037044701758888834,0.0,0.0,-0.020027848276614777,-0.010083203020847626,8.998553214307117e-05,0.004723380772064952,0.003429137419030724,-0.007367304357957669,0.02320482740356953,0.022389379913949365,0.010158128512449065,-0.04540137801098461,-0.029115037425312736,-0.010235032825325435,5.67592367927769e-05,158569000.0
2026-01-11,158569000.0,1455400.0,4449.7001953125,61.9900016784668,157299714.2857143,142847200.0,7741782.476403296,7391449.422605807,60.305284958195905,165916004.11526102,131077095.88473898,5.67592367927769e-05,0.00027487630739309754,0.0,0.0,0.0030065332585272452,-0.0037044701758888834,0.0,-0.020027848276614777,-0.010083203020847626,8.998553214307117e-05,0.004723380772064952,0.003429137419030724,-0.007367304357957669,0.0070109762559029875,0.0008479419483527954,0.0,5.6756015364644714e-05,158578000.0
2026-01-12,158578000.0,1455100.0,4604.2998046875,63.869998931884766,158919285.7142857,143897633.33333334,7580976.8572154045,7429354.9095277265,61.79026605692015,166711090.04340303,132396109.95659699,5.6756015364644714e-05,-0.0002061501467530502,0.034153884978304495,0.02987664205998804,5.67592367927769e-05,0.00027487630739309754,0.0,0.0030065332585272452,-0.0037044701758888834,0.0,-0.020027848276614777,-0.010083203020847626,8.998553214307117e-05,0.03632111030848931,0.016519635959552144,0.0,0.0,158578000.0
2026-01-13,158578000.0,1455400.0,4589.2001953125,65.47000122070312,159167571.42857143,144945833.33333334,7368596.650077164,7417203.257637614,54.761284560711495,167272380.32655308,133903919.67344691,0.0,0.0002061501467531059,-0.0032848475449707448,0.02474229024800068,5.6756015364644714e-05,-0.0002061501467530502,0.034153884978304495,5.67592367927769e-05,0.00027487630739309754,0.0,0.0030065332585272452,-0.0037044701758888834,0.0,0.06315547730366507,0.041326434472158405,0.025405030720036872,-5.67560153645441e-05,158569000.0
2026-01-14,158569000.0,1455100.0,4626.2998046875,66.5199966430664,158888571.42857143,146004900.0,7117511.34077993,7357264.874266079,50.422942867043076,167335016.28992602,136051183.71007398,-5.67560153645441e-05,-0.0002061501467530502,0.008051610829708839,0.01591056276147021,0.0,0.0002061501467531059,-0.0032848475449707448,5.6756015364644714e-05,-0.0002061501467530502,0.034153884978304495,5.67592367927769e-05,0.00027487630739309754,0.0,0.02320482740356953,0.022389379913949365,0.010158128512449065,4.414384588205663e-05,158576000.0
2026-01-15,158576000.0,1455100.0,4616.2998046875,63.7599983215332,158502000.0,147063500.0,6840239.245566666,7253859.748526196,71.72255876641256,167448421.58264434,137855878.41735566,4.414384588205663e-05,0.0,-0.002163894212595402,-0.04237659570250095,-5.67560153645441e-05,-0.0002061501467530502,0.008051610829708839,0.0,0.0002061501467531059,-0.0032848475449707448,5.6756015364644714e-05,-0.0002061501467530502,0.034153884978304495,0.004723380772064952,0.003429137419030724,-0.007367304357957669,3.1530125461057394e-05,158581000.0
2026-01-17,158581000.0,1455100.0,4616.2998046875,63.7599983215332,158573000.0,148072400.0,6545450.689538389,7112177.936728636,68.06233017972305,167740489.61160424,139101510.38839576,3.1530125461057394e-05,0.0,0.0,0.0,4.414384588205663e-05,0.0,-0.002163894212595402,-5.67560153645441e-05,-0.0002061501467530502,0.008051610829708839,0.0,0.0002061501467531059,-0.0032848475449707448,-0.020027848276614777,-0.010083203020847626,8.998553214307117e-05,-1.8917955978510893e-05,158578000.0
2026-01-18,158578000.0,1455300.0,4616.2998046875,63.7599983215332,158575571.42857143,148906233.33333334,6239659.647755116,6937674.278933932,86.62555726844715,168031864.0694905,140154535.9305095,-1.8917955978510893e-05,0.00013743815304764659,0.0,0.0,3.1530125461057394e-05,0.0,0.0,4.414384588205663e-05,0.0,-0.002163894212595402,-5.67560153645441e-05,-0.0002061501467530502,0.008051610829708839,0.0030065332585272452,-0.0037044701758888834,0.0,-6.936890068844767e-05,158567000.0
2026-01-19,158567000.0,1455000.0,4616.2998046875,63.7599983215332,158575285.7142857,149683433.33333334,5928095.04638356,6735758.432423858,86.00781928757603,167989518.27879784,141696281.72120216,-6.936890068844767e-05,-0.0002061643136876599,0.0,0.0,-1.8917955978510893e-05,0.00013743815304764659,0.0,3.1530125461057394e-05,0.0,0.0,4.414384588205663e-05,0.0,-0.002163894212595402,5.67592367927769e-05,0.00027487630739309754,0.0,1.2612885323770436e-05,158569000.0
2026-01-20,158569000.0,1455400.0,4759.60009765625,64.91999816894531,158574000.0,150435700.0,5616594.631675005,6511925.6722740885,81.87394485087225,168330096.37437513,141866603.62562487,1.2612885323770436e-05,0.00027487630739309754,0.030570175497480118,0.018029706284406574,-6.936890068844767e-05,-0.0002061643136876599,0.0,-1.8917955978510893e-05,0.00013743815304764659,0.0,3.1530125461057394e-05,0.0,0.0,5.6756015364644714e-05,-0.0002061501467530502,0.034153884978304495,-1.261288532379023e-05,158567000.0
2026-01-21,158567000.0,1455250.0,4831.7998046875,65.23999786376953,158572428.57142857,151207200.0,5308375.2796192765,6271215.593743127,60.565275908479144,168372097.27454007,141865902.72545993,-1.261288532379023e-05,-0.00010306976114115871,0.015055377008505682,0.004917030567025608,1.2612885323770436e-05,0.00027487630739309754,0.030570175497480118,-6.936890068844767e-05,-0.0002061643136876599,0.0,-1.8917955978510893e-05,0.00013743815304764659,0.0,0.0,0.0002061501467531059,-0.0032848475449707448,0.0,158567000.0
2026-01-22,158567000.0,1403000.0,4908.7998046875,64.05999755859375,158572142.85714287,151855366.66666666,5006398.576104164,6018252.190215335,28.23424627031841,168024812.68823543,143711187.31176457,0.0,-0.03656490604938396,0.01581044433739716,-0.018252638938862076,-1.261288532379023e-05,-0.00010306976114115871,0.015055377008505682,1.2612885323770436e-05,0.00027487630739309754,0.030570175497480118,-6.936890068844767e-05,-0.0002061643136876599,0.0,-5.67560153645441e-05,-0.0002061501467530502,0.008051610829708839,0.030183071561763926,163426000.0
2026-01-24,163426000.0,1410000.0,4908.7998046875,64.05999755859375,159265000.0,152721666.66666666,5100366.702112496,5834675.092594767,62.47962747380675,168602663.91524532,144721336.08475468,0.030183071561763926,0.004976903269753095,0.0,0.0,0.0,-0.03656490604938396,0.01581044433739716,-1.261288532379023e-05,-0.00010306976114115871,0.015055377008505682,1.2612885323770436e-05,0.00027487630739309754,0.030570175497480118,4.414384588205663e-05,0.0,-0.002163894212595402,0.008578618380950734,164834000.0
2026-01-25,164834000.0,1421740.0,4908.7998046875,64.05999755859375,160158285.7142857,153619900.0,5228183.704516619,5713376.814979138,99.63235294117646,167803530.13820702,147904169.86179298,0.008578618380950734,0.008291769204589178,0.0,0.0,0.030183071561763926,0.004976903269753095,0.0,0.0,-0.03656490604938396,0.01581044433739716,-1.261288532379023e-05,-0.00010306976114115871,0.015055377008505682,3.1530125461057394e-05,0.0,0.0,0.045127840207342194,172443000.0
2026-01-26,172443000.0,1464650.0,5079.7001953125,65.58999633789062,162139000.0,154819000.0,5875730.544525355,5745847.560888382,99.82056987009258,168379580.682118,150373519.317882,0.045127840207342194,0.02973483248150859,0.03422277021556349,0.023603083402525395,0.008578618380950734,0.008291769204589178,0.0,0.030183071561763926,0.004976903269753095,0.0,0.0,-0.03656490604938396,0.01581044433739716,-1.8917955978510893e-05,0.00013743815304764659,0.0,0.05791554328325189,182725000.0
2026-01-27,182725000.0,1517600.0,5079.89990234375,67.56999969482422,165590142.85714287,156263333.33333334,7136324.444309682,6023942.937572642,99.89671982153185,173461908.80432314,148839591.19567686,0.05791554328325189,0.03551383356249273,3.931395514705028e-05,0.029740903575350808,0.045127840207342194,0.02973483248150859,0.03422277021556349,0.008578618380950734,0.008291769204589178,0.0,0.030183071561763926,0.004976903269753095,0.0,-6.936890068844767e-05,-0.0002061643136876599,0.0,0.09447150933397773,200829000.0
2026-01-28,200829000.0,1595600.0,5301.60009765625,68.4000015258789,171627285.7142857,158184166.66666666,9486837.33508879,6716521.817075872,99.94089974232287,184768152.86890736,141932247.13109264,0.09447150933397773,0.050119701410447165,0.04271712307880896,0.012208753889031485,0.05791554328325189,0.03551383356249273,3.931395514705028e-05,0.045127840207342194,0.02973483248150859,0.03422277021556349,0.008578618380950734,0.008291769204589178,0.0,1.2612885323770436e-05,0.00027487630739309754,0.030570175497480118,0.02610660096853408,206141000.0
2026-01-29,206141000.0,1584400.0,5318.39990234375,70.70999908447266,178423571.42857143,160217733.33333334,11644044.445128351,7702026.342686368,99.94749333165312,194277672.85522166,136984627.14477834,0.02610660096853408,-0.0070440542834899434,0.0031638076649501356,0.03321414573183763,0.09447150933397773,0.050119701410447165,0.04271712307880896,0.05791554328325189,0.03551383356249273,3.931395514705028e-05,0.045127840207342194,0.02973483248150859,0.03422277021556349,-1.261288532379023e-05,-0.00010306976114115871,0.015055377008505682,-0.046982358125228565,196680000.0
2026-01-31,196680000.0,1629600.0,5318.39990234375,70.70999908447266,183868285.7142857,161987966.66666666,12446744.66587013,8650970.00732312,83.39262244808552,199124943.04095078,135677156.95904922,-0.046982358125228565,0.02812879916483453,0.0,0.0,0.02610660096853408,-0.0070440542834899434,0.0031638076649501356,0.09447150933397773,0.050119701410447165,0.04271712307880896,0.05791554328325189,0.03551383356249273,3.931395514705028e-05,0.0,-0.03656490604938396,0.01581044433739716,-0.040725607395593805,188831000.0
2026-02-01,188831000.0,1589550.0,5318.39990234375,70.70999908447266,187497571.42857143,163167000.0,12307666.552025408,9382309.316263577,73.30642303603618,201723480.16509306,136153319.83490694,-0.040725607395593805,-0.024883628623641383,0.0,0.0,-0.046982358125228565,0.02812879916483453,0.0,0.02610660096853408,-0.0070440542834899434,0.0031638076649501356,0.09447150933397773,0.050119701410447165,0.04271712307880896,0.030183071561763926,0.004976903269753095,0.0,-0.06702743657396087,176589000.0
2026-02-02,176589000.0,1544400.0,4622.5,66.30000305175781,189176857.14285713,163781500.0,11081874.108961612,9722222.274803184,61.6716789380898,202414170.81466693,137265529.18533307,-0.06702743657396087,-0.028815471898873433,-0.14023680359783386,-0.0643970494471679,-0.040725607395593805,-0.024883628623641383,0.0,-0.046982358125228565,0.02812879916483453,0.0,0.02610660096853408,-0.0070440542834899434,0.0031638076649501356,0.008578618380950734,0.008291769204589178,0.0,0.0855124258329048,192354000.0
2026-02-03,192354000.0,1568500.0,4903.7001953125,67.33000183105469,192021285.7142857,165407066.66666666,11252813.088225454,10028340.437487638,68.17751275482746,205130302.57183787,137927897.42816213,0.0855124258329048,0.015484263240651483,0.059054377761759196,0.01541598653107164,-0.06702743657396087,-0.028815471898873433,-0.14023680359783386,-0.040725607395593805,-0.024883628623641383,0.0,-0.046982358125228565,0.02812879916483453,0.0,0.045127840207342194,0.02973483248150859,0.03422277021556349,0.006353439313853655,193580000.0
2026-02-05,193580000.0,1622400.0,4861.39990234375,67.55000305175781,193572000.0,166941533.33333334,11356303.022540718,10293932.954498254,68.5999936252271,207676868.42526883,138881531.57473117,0.006353439313853655,0.033786785766131124,-0.008663619855969196,0.0032621798315518105,0.0855124258329048,0.015484263240651483,0.059054377761759196,-0.06702743657396087,-0.028815471898873433,-0.14023680359783386,-0.040725607395593805,-0.024883628623641383,0.0,0.05791554328325189,0.03551383356249273,3.931395514705028e-05,-0.06716068383326768,181006000.0
2026-02-07,181006000.0,1564700.0,4861.39990234375,67.55000305175781,190740142.85714287,168275166.66666666,10304914.190194666,10296129.201637536,60.514747921606855,208238061.22366685,140563138.77633315,-0.06716068383326768,-0.036212422088852496,0.0,0.0,0.006353439313853655,0.033786785766131124,-0.008663619855969196,0.0855124258329048,0.015484263240651483,0.059054377761759196,-0.06702743657396087,-0.028815471898873433,-0.14023680359783386,0.09447150933397773,0.050119701410447165,0.04271712307880896,0.03686868591418788,187804000.0
2026-02-08,187804000.0,1589500.0,4861.39990234375,67.55000305175781,188120571.42857143,169802333.33333334,9906032.179778874,10218109.797265805,62.88098406012917,209344168.40169692,142380531.59830308,0.03686868591418788,0.01572538904284575,0.0,0.0,-0.06716068383326768,-0.036212422088852496,0.0,0.006353439313853655,0.033786785766131124,-0.008663619855969196,0.0855124258329048,0.015484263240651483,0.059054377761759196,0.02610660096853408,-0.0070440542834899434,0.0031638076649501356,0.02916004228044683,193361000.0
2026-02-09,193361000.0,1612300.0,5050.89990234375,69.04000091552734,187646428.57142857,171339666.66666666,9923921.97583738,10159272.23298012,64.61367874603096,210916012.30964223,144287187.69035777,0.02916004228044683,0.01424222961883664,0.03823998371078248,0.021817950452028584,0.03686868591418788,0.01572538904284575,0.0,-0.06716068383326768,-0.036212422088852496,0.0,0.006353439313853655,0.033786785766131124,-0.008663619855969196,-0.046982358125228565,0.02812879916483453,0.0,0.0313305133910597,199515000.0
2026-02-10,199515000.0,1632400.0,5003.7998046875,68.80000305175781,189172714.2857143,172762166.66666666,10315762.448808134,10190570.276145725,64.99447403628024,213071966.6173442,146224633.3826558,0.0313305133910597,0.012389593561956487,-0.009368841148208894,-0.0034822707397552475,0.02916004228044683,0.01424222961883664,0.03823998371078248,0.03686868591418788,0.01572538904284575,0.0,-0.06716068383326768,-0.036212422088852496,0.0,-0.040725607395593805,-0.024883628623641383,0.0,-0.02136794469181996,195297000.0
2026-02-12,195297000.0,1625500.0,4923.7001953125,67.5199966430664,191845285.7142857,173921333.33333334,10168722.79146263,10186200.779209107,62.368149669917415,214057833.41953605,148910666.58046395,-0.02136794469181996,-0.004235863787690633,-0.016137264689898612,-0.018779988726159873,0.0313305133910597,0.012389593561956487,-0.009368841148208894,0.02916004228044683,0.01424222961883664,0.03823998371078248,0.03686868591418788,0.01572538904284575,0.0,-0.06702743657396087,-0.028815471898873433,-0.14023680359783386,-0.049689199495989905,185830000.0
2026-02-14,185830000.0,1583900.0,4923.7001953125,67.5199966430664,190913285.7142857,174739600.0,9182435.620705187,9985447.747508325,55.35441448215728,213614620.20797974,152080179.79202026,-0.049689199495989905,-0.025925300675585444,0.0,0.0,-0.02136794469181996,-0.004235863787690633,-0.016137264689898612,0.0313305133910597,0.012389593561956487,-0.009368841148208894,0.02916004228044683,0.01424222961883664,0.03823998371078248,0.0855124258329048,0.015484263240651483,0.059054377761759196,0.031610457580735746,191798000.0
2026-02-15,191798000.0,1597300.0,4923.7001953125,67.5199966430664,190658714.2857143,175863400.0,8781140.13796696,9744586.225600053,53.75864783131033,213279880.56365442,155737819.43634558,0.031610457580735746,0.008424543727536413,0.0,0.0,-0.049689199495989905,-0.025925300675585444,0.0,-0.02136794469181996,-0.004235863787690633,-0.016137264689898612,0.0313305133910597,0.012389593561956487,-0.009368841148208894,0.006353439313853655,0.033786785766131124,-0.008663619855969196,-0.025574788681800957,186955000.0
2026-02-16,186955000.0,1599600.0,4923.7001953125,67.5199966430664,191508571.42857143,176809900.0,7980328.689804912,9391734.718441024,43.5430124541579,211983366.03363755,159873133.96636245,-0.025574788681800957,0.0014388941767524363,0.0,0.0,0.031610457580735746,0.008424543727536413,0.0,-0.049689199495989905,-0.025925300675585444,0.0,-0.02136794469181996,-0.004235863787690633,-0.016137264689898612,-0.06716068383326768,-0.036212422088852496,0.0,0.007991305413344158,188455000.0
2026-02-17,188455000.0,1608600.0,4882.89990234375,67.41999816894531,191601571.42857143,177806100.0,7381626.51600495,8989713.07795381,41.4660979328714,210076614.10785538,164768685.89214462,0.007991305413344158,0.005610637497305383,-0.00832103440102668,-0.0014821179230921737,-0.025574788681800957,0.0014388941767524363,0.0,0.031610457580735746,0.008424543727536413,0.0,-0.049689199495989905,-0.025925300675585444,0.0,0.03686868591418788,0.01572538904284575,0.0,0.030379397449530665,194268000.0
2026-02-18,194268000.0,1623350.0,4986.5,70.3499984741211,191731142.85714287,178995766.66666666,7292151.861135989,8650200.834590247,48.79368635845319,208759316.41952136,169170183.58047864,0.030379397449530665,0.009127679826304335,0.020994975203204404,0.042541079223587054,0.007991305413344158,0.005610637497305383,-0.00832103440102668,-0.025574788681800957,0.0014388941767524363,0.0,0.031610457580735746,0.008424543727536413,0.0,0.02916004228044683,0.01424222961883664,0.03823998371078248,0.023292006738933668,198846000.0
2026-02-19,198846000.0,1636400.0,4975.89990234375,71.66000366210938,191635571.42857143,180338033.33333334,7504145.771296948,8420989.821931588,55.17822611501194,207327145.45863122,174003554.54136878,0.023292006738933668,0.008006791758970637,-0.0021280217137131566,0.018450001110184126,0.030379397449530665,0.009127679826304335,0.020994975203204404,0.007991305413344158,0.005610637497305383,-0.00832103440102668,-0.025574788681800957,0.0014388941767524363,0.0,0.0313305133910597,0.012389593561956487,-0.009368841148208894,-0.0103884039211932,196791000.0
2026-02-21,196791000.0,1645700.0,4975.89990234375,71.66000366210938,191849000.0,181612100.0,7420788.911493748,8220949.639844021,61.67529705488002,206352330.25616065,177413169.74383935,-0.0103884039211932,0.005667118546093669,0.0,0.0,0.023292006738933668,0.008006791758970637,-0.0021280217137131566,0.030379397449530665,0.009127679826304335,0.020994975203204404,0.007991305413344158,0.005610637497305383,-0.00832103440102668,-0.02136794469181996,-0.004235863787690633,-0.016137264689898612,-0.0022536567855063762,196348000.0
2026-02-22,196348000.0,1632650.0,4975.89990234375,71.66000366210938,193351571.42857143,182871166.66666666,7235574.404109538,8023874.592697125,52.80501165828581,206490749.05459502,178637050.94540498,-0.0022536567855063762,-0.007961364057702883,0.0,0.0,-0.0103884039211932,0.005667118546093669,0.0,0.023292006738933668,0.008006791758970637,-0.0021280217137131566,0.030379397449530665,0.009127679826304335,0.020994975203204404,-0.049689199495989905,-0.025925300675585444,0.0,0.013059382062765522,198929000.0
2026-02-23,198929000.0,1634700.0,5204.7001953125,71.48999786376953,194370285.7142857,184216100.0,7213898.372351408,7861879.348627983,53.68647396931729,206182653.84748736,178755146.15251264,0.013059382062765522,0.0012548397135280038,0.04495586189836003,-0.0023752130835293555,-0.0022536567855063762,-0.007961364057702883,0.0,-0.0103884039211932,0.005667118546093669,0.0,0.023292006738933668,0.008006791758970637,-0.0021280217137131566,0.031610457580735746,0.008424543727536413,0.0,-0.004539542304456505,198028000.0
2026-02-24,198028000.0,1639450.0,5155.7998046875,70.7699966430664,195952142.85714287,185531100.0,7042831.41445142,7698069.761792671,63.98087916420264,204494151.20584482,179632348.79415518,-0.004539542304456505,0.0029015184597191595,-0.009439844361431814,-0.010122415243954897,0.013059382062765522,0.0012548397135280038,0.04495586189836003,-0.0022536567855063762,-0.007961364057702883,0.0,-0.0103884039211932,0.005667118546093669,0.0,-0.025574788681800957,0.0014388941767524363,0.0,0.03171445383344205,204409000.0
2026-02-25,204409000.0,1651300.0,5206.39990234375,70.8499984741211,198231285.7142857,187059166.66666666,7337570.049550295,7625969.8193441965,63.73244678211681,205921862.23961568,178977537.76038432,0.03171445383344205,0.007202036752061076,0.009766362602618253,0.0011298099466601236,-0.004539542304456505,0.0029015184597191595,-0.009439844361431814,0.013059382062765522,0.0012548397135280038,0.04495586189836003,-0.0022536567855063762,-0.007961364057702883,0.0,0.007991305413344158,0.005610637497305383,-0.00832103440102668,-0.019548072082102325,200452000.0
2026-02-26,200452000.0,1653700.0,5176.5,70.75,199114714.2857143,188455266.66666666,7169213.48104313,7534618.551683984,56.02371769822797,206843866.7392675,179217633.2607325,-0.019548072082102325,0.0014523451872079363,-0.0057594670615880765,-0.001412408076589853,0.03171445383344205,0.007202036752061076,0.009766362602618253,-0.004539542304456505,0.0029015184597191595,-0.009439844361431814,0.013059382062765522,0.0012548397135280038,0.04495586189836003,0.030379397449530665,0.009127679826304335,0.020994975203204404,0.003933347366511826,201242000.0
2026-02-28,201242000.0,1663600.0,5176.5,70.75,199457000.0,189877766.66666666,7018629.69111827,7431420.779570842,51.61416954855593,206166653.73297483,182360146.26702517,0.003933347366511826,0.005968727212606016,0.0,0.0,-0.019548072082102325,0.0014523451872079363,-0.0057594670615880765,0.03171445383344205,0.007202036752061076,0.009766362602618253,-0.004539542304456505,0.0029015184597191595,-0.009439844361431814,0.023292006738933668,0.008006791758970637,-0.0021280217137131566,-9.441814823214199e-05,201223000.0
2026-03-01,201223000.0,1663700.0,5176.5,70.75,200090142.85714287,191299633.33333334,6819150.884868056,7308966.800630285,56.01062966569295,206966090.55817318,182447609.44182682,-9.441814823214199e-05,6.010879694058989e-05,0.0,0.0,0.003933347366511826,0.005968727212606016,0.0,-0.019548072082102325,0.0014523451872079363,-0.0057594670615880765,0.03171445383344205,0.007202036752061076,0.009766362602618253,-0.0103884039211932,0.005667118546093669,0.0,0.0,201223000.0
2026-03-02,201223000.0,1663400.0,5294.39990234375,77.73999786376953,200786571.42857143,192559533.33333334,6585152.949659288,7164204.0304360865,69.32385949935977,207672550.6494538,182505449.3505462,0.0,-0.00018033723110995065,0.022520487515982856,0.09421736142156244,-9.441814823214199e-05,6.010879694058989e-05,0.0,0.003933347366511826,0.005968727212606016,0.0,-0.019548072082102325,0.0014523451872079363,-0.0057594670615880765,-0.0022536567855063762,-0.007961364057702883,0.0,5.963355184174398e-05,201235000.0
2026-03-03,201235000.0,1663550.0,5107.39990234375,81.4000015258789,201116000.0,193772900.0,6327734.020938337,6996910.028536537,63.929973725386006,207065697.523546,185135202.476454,5.963355184174398e-05,9.017268074459656e-05,-0.0359591903930027,0.046005393809026095,0.0,-0.00018033723110995065,0.022520487515982856,-9.441814823214199e-05,6.010879694058989e-05,0.0,0.003933347366511826,0.005968727212606016,0.0,0.013059382062765522,0.0012548397135280038,0.04495586189836003,-4.472483048791341e-05,201226000.0
2026-03-04,201226000.0,1663700.0,5120.2001953125,81.4000015258789,201572857.14285713,194732333.33333334,6053223.646345705,6808172.752098371,74.5721271393643,207230057.2795208,186313042.7204792,-4.472483048791341e-05,9.016455036528465e-05,0.0025030895869677847,0.0,5.963355184174398e-05,9.017268074459656e-05,-0.0359591903930027,0.0,-0.00018033723110995065,0.022520487515982856,-9.441814823214199e-05,6.010879694058989e-05,0.0,-0.004539542304456505,0.0029015184597191595,-0.009439844361431814,0.0,201226000.0
2026-03-05,201226000.0,1663300.0,5065.2998046875,85.41000366210938,201118142.85714287,195349033.33333334,5769168.809883118,6600371.963655321,73.18711645303024,207674686.48544037,186654913.51455963,0.0,-0.0002404568692078584,-0.01078021153640931,0.04808794108094153,-4.472483048791341e-05,9.016455036528465e-05,0.0025030895869677847,5.963355184174398e-05,9.017268074459656e-05,-0.0359591903930027,0.0,-0.00018033723110995065,0.022520487515982856,0.03171445383344205,0.007202036752061076,0.009766362602618253,1.987794939139517e-05,201230000.0
2026-03-07,201230000.0,1663700.0,5065.2998046875,85.41000366210938,201229285.7142857,195362400.0,5481192.299151659,6376536.030754589,66.01932811780948,207868603.05723774,186632496.94276226,1.987794939139517e-05,0.00024045686920781345,0.0,0.0,0.0,-0.0002404568692078584,-0.01078021153640931,-4.472483048791341e-05,9.016455036528465e-05,0.0025030895869677847,5.963355184174398e-05,9.017268074459656e-05,-0.0359591903930027,-0.019548072082102325,0.0014523451872079363,-0.0057594670615880765,4.9693144840815746e-05,201240000.0
2026-03-08,201240000.0,1663500.0,5065.2998046875,85.41000366210938,201229000.0,195199033.33333334,5193903.667676598,6140009.558138991,56.974711572077844,208267704.7348772,186827695.2651228,4.9693144840815746e-05,-0.00012022120716575847,0.0,0.0,1.987794939139517e-05,0.00024045686920781345,0.0,0.0,-0.0002404568692078584,-0.01078021153640931,-4.472483048791341e-05,9.016455036528465e-05,0.0025030895869677847,0.003933347366511826,0.005968727212606016,0.0,-6.957109423226598e-05,201226000.0
2026-03-09,201226000.0,1663500.0,5091.5,98.95999908447266,201229428.57142857,195350566.66666666,4908513.387544543,5893710.324020101,64.66503538125785,207610807.59768897,189024192.40231103,-6.957109423226598e-05,0.0,0.005159155232013732,0.1472524859978665,4.9693144840815746e-05,-0.00012022120716575847,0.0,1.987794939139517e-05,0.00024045686920781345,0.0,0.0,-0.0002404568692078584,-0.01078021153640931,-9.441814823214199e-05,6.010879694058989e-05,0.0,0.0,201226000.0
2026-03-10,201226000.0,1663700.0,5229.7001953125,87.80000305175781,201229857.14285713,195763733.33333334,4628979.539719731,5640764.167160027,66.616705273198,207635517.81104717,189942282.18895283,0.0,0.00012022120716577454,0.026781469772136475,-0.1196541834336115,-6.957109423226598e-05,0.0,0.005159155232013732,4.9693144840815746e-05,-0.00012022120716575847,0.0,1.987794939139517e-05,0.00024045686920781345,0.0,0.0,-0.00018033723110995065,0.022520487515982856,1.987794939139517e-05,201230000.0
2026-03-11,201230000.0,1663500.0,5167.39990234375,91.9800033569336,201229142.85714287,196585100.0,4357538.724019796,5384119.078531981,59.507478720766876,206422895.9729634,192582404.0270366,1.987794939139517e-05,-0.00012022120716575847,-0.01198431063117268,0.0465096632089877,0.0,0.00012022120716577454,0.026781469772136475,-6.957109423226598e-05,0.0,0.005159155232013732,4.9693144840815746e-05,-0.00012022120716575847,0.0,5.963355184174398e-05,9.017268074459656e-05,-0.0359591903930027,-9.938925304116918e-06,201228000.0
2026-03-12,201228000.0,1663600.0,5115.7998046875,100.45999908447266,201229428.57142857,196880900.0,4095053.313154936,5126305.925456572,64.28316372076415,204735240.08622116,195547359.91377884,-9.938925304116918e-06,6.0112410225106715e-05,-0.010035890037833716,0.08818843060042697,1.987794939139517e-05,-0.00012022120716575847,-0.01198431063117268,0.0,0.00012022120716577454,0.026781469772136475,-6.957109423226598e-05,0.0,0.005159155232013732,-4.472483048791341e-05,9.016455036528465e-05,0.0025030895869677847,-2.484774544114312e-05,201223000.0
2026-03-14,201223000.0,1663600.0,5115.7998046875,100.45999908447266,201229000.0,197135666.66666666,3842336.215603769,4869511.983486012,16.99129714048901,204174045.9494372,196804054.0505628,-2.484774544114312e-05,0.0,0.0,0.0,-9.938925304116918e-06,6.0112410225106715e-05,-0.010035890037833716,1.987794939139517e-05,-0.00012022120716575847,-0.01198431063117268,0.0,0.00012022120716577454,0.026781469772136475,0.0,-0.0002404568692078584,-0.01078021153640931,-0.17315500938753733,169230000.0
2026-03-15,169230000.0,1470000.0,5115.7998046875,100.45999908447266,196657571.42857143,196743133.33333334,1048403.0341536403,4105290.1936195376,2.4952833059460744,213481996.81603685,184534503.18396315,-0.17315500938753733,-0.12372152809597457,0.0,0.0,-2.484774544114312e-05,0.0,0.0,-9.938925304116918e-06,6.0112410225106715e-05,-0.010035890037833716,1.987794939139517e-05,-0.00012022120716575847,-0.01198431063117268,1.987794939139517e-05,0.00024045686920781345,0.0,-0.019270948063451167,166000000.0
2026-03-16,166000000.0,1437000.0,4994.0,100.20999908447266,191623285.7142857,196016333.33333334,-1410187.3847506344,3002194.6779455035,0.08498102090533166,218153291.18433714,176784108.81566286,-0.019270948063451167,-0.022704793693757108,-0.024096559875131797,-0.0024916542743968354,-0.17315500938753733,-0.12372152809597457,0.0,-2.484774544114312e-05,0.0,0.0,-9.938925304116918e-06,6.0112410225106715e-05,-0.010035890037833716,4.9693144840815746e-05,-0.00012022120716575847,0.0,0.04874633647349908,174292361.0
2026-03-17,174292361.0,1451200.0,5001.0,103.41999816894533,187775623.0,195380712.03333333,-2658864.044749677,1869982.9334064673,19.098776944154295,219507871.95271465,173223964.14728537,0.04874633647349908,0.009833193281847225,0.0014007005791852262,0.031530374328890935,-0.019270948063451167,-0.022704793693757108,-0.024096559875131797,-0.17315500938753733,-0.12372152809597457,0.0,-2.484774544114312e-05,0.0,0.0,-6.957109423226598e-05,0.0,0.005159155232013732,0.02065046948519512,177929000.0
2026-03-18,177929000.0,1563900.0,4889.89990234375,107.37999725341795,184447480.14285713,194661178.7,-3316769.267885655,832632.4931480429,25.330424468355503,219832993.52884474,170798842.57115528,0.02065046948519512,0.07479190108129777,-0.022466059027850406,0.03757557015322969,0.04874633647349908,0.009833193281847225,0.0014007005791852262,-0.019270948063451167,-0.022704793693757108,-0.024096559875131797,-0.17315500938753733,-0.12372152809597457,0.0,0.0,0.00012022120716577454,0.026781469772136475,-0.008672163630657469,176392642.0
2026-03-19,176392642.0,1592800.0,4600.7001953125,108.6500015258789,180899286.14285713,194031033.43333334,-3916982.61059469,-117290.52760050364,24.513526431334896,220118482.964067,168349817.335933,-0.008672163630657469,0.018310772307816543,-0.0609633251253208,0.011757801330152633,0.02065046948519512,0.07479190108129777,-0.022466059027850406,0.04874633647349908,0.009833193281847225,0.0014007005791852262,-0.019270948063451167,-0.022704793693757108,-0.024096559875131797,1.987794939139517e-05,-0.00012022120716575847,-0.01198431063117268,-0.011940215409715594,174299000.0
2026-03-23,174299000.0,1587800.0,4404.10009765625,99.94000244140624,177052286.14285713,193646666.76666668,-4509611.427696109,-995754.7076196248,23.507998661970433,219604762.775674,165852537.52432603,-0.011940215409715594,-0.003144063458973477,-0.04367256087667751,-0.08356169040164467,-0.008672163630657469,0.018310772307816543,-0.0609633251253208,0.02065046948519512,0.07479190108129777,-0.022466059027850406,0.04874633647349908,0.009833193281847225,0.0014007005791852262,-9.938925304116918e-06,6.0112410225106715e-05,-0.010035890037833716,1.7211654585485813e-05,174302000.0
2026-03-24,174302000.0,1577700.0,4399.2998046875,104.48999786376952,173206429.0,193063466.76666668,-4922290.85502404,-1781061.9371005078,23.512513773020615,219242936.27344003,163599364.02655998,1.7211654585485813e-05,-0.006381320027604769,-0.001090554444362892,0.04452132225688777,-0.011940215409715594,-0.003144063458973477,-0.04367256087667751,-0.008672163630657469,0.018310772307816543,-0.0609633251253208,0.02065046948519512,0.07479190108129777,-0.022466059027850406,-2.484774544114312e-05,0.0,0.0,0.0067071556870353585,175475000.0
2026-03-25,175475000.0,1577300.0,4549.7998046875,102.22000122070312,174098571.85714287,192680800.1,-5095948.060423136,-2444039.1617650334,25.232242801915646,218422205.5244793,161843394.7755207,0.0067071556870353585,-0.00025356576997982656,0.03363784006254085,-0.021963987319611855,1.7211654585485813e-05,-0.006381320027604769,-0.001090554444362892,-0.011940215409715594,-0.003144063458973477,-0.04367256087667751,-0.008672163630657469,0.018310772307816543,-0.0609633251253208,-0.17315500938753733,-0.12372152809597457,0.0,-0.0032135923108823584,174912000.0
2026-03-26,174912000.0,1585800.0,4375.5,108.01000213623048,175371714.7142857,192229366.76666668,-5218842.474221021,-2998999.824256231,24.94766490313249,217380924.01270446,160253576.28729555,-0.0032135923108823584,0.0053744873448702225,-0.039062434031347015,0.055096469926409014,0.0067071556870353585,-0.00025356576997982656,0.03363784006254085,1.7211654585485813e-05,-0.006381320027604769,-0.001090554444362892,-0.011940215409715594,-0.003144063458973477,-0.04367256087667751,-0.019270948063451167,-0.022704793693757108,-0.024096559875131797,-5.145576948952368e-05,174903000.0
2026-03-28,174903000.0,1585800.0,4375.5,108.01000213623048,175458948.85714287,191583866.76666668,-5256371.2317638695,-3450474.105757759,24.950039017148512,216083589.4319559,158918910.8680441,-5.145576948952368e-05,0.0,0.0,0.0,-0.0032135923108823584,0.0053744873448702225,-0.039062434031347015,0.0067071556870353585,-0.00025356576997982656,0.03363784006254085,1.7211654585485813e-05,-0.006381320027604769,-0.001090554444362892,0.04874633647349908,0.009833193281847225,0.0014007005791852262,5.145576948948276e-05,174912000.0
2026-03-29,174912000.0,1585600.0,4375.5,108.01000213623048,175027948.85714287,190786066.76666668,-5225154.489305824,-3805410.182467372,24.962892483349194,214527894.21196067,157842306.08803934,5.145576948948276e-05,-0.00012612726257497613,0.0,0.0,-5.145576948952368e-05,0.0,0.0,-0.0032135923108823584,0.0053744873448702225,-0.039062434031347015,0.0067071556870353585,-0.00025356576997982656,0.03363784006254085,0.02065046948519512,0.07479190108129777,-0.022466059027850406,-0.0001315033406602293,174889000.0
2026-03-30,174889000.0,1585500.0,4526.0,112.77999877929688,174813142.85714287,190056000.1,-5142985.7652796805,-4072925.299029834,24.946261104453185,212711543.64180022,157024956.6581998,-0.0001315033406602293,-6.306959732153815e-05,0.033817748217596796,0.04321517234681743,5.145576948948276e-05,-0.00012612726257497613,0.0,-5.145576948952368e-05,0.0,0.0,-0.0032135923108823584,0.0053744873448702225,-0.039062434031347015,-0.008672163630657469,0.018310772307816543,-0.0609633251253208,1.1435759620405822e-05,174891000.0
2026-03-31,174891000.0,1585750.0,4647.60009765625,118.3499984741211,174897714.2857143,189340766.76666668,-5019839.491295904,-4262308.137483048,24.950065628031723,210617601.08197954,156485399.21802047,1.1435759620405822e-05,0.00015766653560442468,0.026512431127413083,0.04820731551177679,-0.0001315033406602293,-6.306959732153815e-05,0.033817748217596796,5.145576948948276e-05,-0.00012612726257497613,0.0,-5.145576948952368e-05,0.0,0.0,-0.011940215409715594,-0.003144063458973477,-0.04367256087667751,6.861181155032263e-05,174903000.0
2026-04-01,174903000.0,1585700.0,4783.2001953125,101.16000366210938,174983571.42857143,188539900.1,-4865193.954798102,-4382885.30094606,24.969567863664025,208220317.15303257,156249983.14696744,6.861181155032263e-05,-3.153131848465432e-05,0.02875884107881785,-0.15694286506413338,1.1435759620405822e-05,0.00015766653560442468,0.026512431127413083,-0.0001315033406602293,-6.306959732153815e-05,0.033817748217596796,5.145576948948276e-05,-0.00012612726257497613,0.0,1.7211654585485813e-05,-0.006381320027604769,-0.001090554444362892,-8.004757117069128e-05,174889000.0
2026-04-02,174889000.0,1585600.0,4651.5,109.02999877929688,174899857.14285713,187768600.1,-4689705.925293595,-4444249.425815567,63.73743749089673,205478588.21082476,156356612.08917525,-8.004757117069128e-05,-6.306561979829287e-05,-0.02792007119110018,0.07491960451933656,6.861181155032263e-05,-3.153131848465432e-05,0.02875884107881785,1.1435759620405822e-05,0.00015766653560442468,0.026512431127413083,-0.0001315033406602293,-6.306959732153815e-05,0.033817748217596796,0.0067071556870353585,-0.00025356576997982656,0.03363784006254085,0.00011435171168377924,174909000.0
2026-04-04,174909000.0,1585700.0,4651.5,109.02999877929688,174899428.57142857,186785266.76666668,-4497175.920122862,-4454834.724677026,75.61971587968023,202333333.02879614,156870167.27120388,0.00011435171168377924,6.306561979829132e-05,0.0,0.0,-8.004757117069128e-05,-6.306561979829287e-05,-0.02792007119110018,6.861181155032263e-05,-3.153131848465432e-05,0.02875884107881785,1.1435759620405822e-05,0.00015766653560442468,0.026512431127413083,-0.0032135923108823584,0.0053744873448702225,-0.039062434031347015,0.02256115183804694,178900000.0
2026-04-05,178900000.0,1570000.0,4651.5,109.02999877929688,175470428.57142857,186066866.76666668,-3976713.085073203,-4359210.396756262,67.60570882323745,198811243.16868126,158159657.13131875,0.02256115183804694,-0.009950330853168092,0.0,0.0,0.00011435171168377924,6.306561979829132e-05,0.0,-8.004757117069128e-05,-6.306561979829287e-05,-0.02792007119110018,6.861181155032263e-05,-3.153131848465432e-05,0.02875884107881785,-5.145576948952368e-05,0.0,0.0,0.00010619894425874094,178919000.0
2026-04-06,178919000.0,1570000.0,4656.7998046875,109.7699966430664,176042857.14285713,185322766.76666668,-3522108.7204607725,-4191790.061497164,55.228136882129284,194662364.1324471,160077436.16755292,0.00010619894425874094,0.0,0.0011387268075569185,0.006764174595442894,0.02256115183804694,-0.009950330853168092,0.0,0.00011435171168377924,6.306561979829132e-05,0.0,-8.004757117069128e-05,-6.306561979829287e-05,-0.02792007119110018,5.145576948948276e-05,-0.00012612726257497613,0.0,0.006401367868997892,180068000.0
2026-04-07,180068000.0,1605000.0,4657.10009765625,109.2699966430664,176782714.2857143,184617600.1,-3034141.098950058,-3960260.268987743,70.23732462969028,189578976.61075002,163044823.68925,0.006401367868997892,0.022048137221762597,6.448275631096513e-05,-0.004565384256506746,0.00010619894425874094,0.0,0.0011387268075569185,0.02256115183804694,-0.009950330853168092,0.0,0.00011435171168377924,6.306561979829132e-05,0.0,-0.0001315033406602293,-6.306959732153815e-05,0.033817748217596796,-0.0020012458871605967,179708000.0
2026-04-08,179708000.0,1543400.0,4749.5,94.75,177470857.14285713,183900433.43333334,-2645971.1265533864,-3697402.4405008717,86.81094324213964,181787945.35320622,168684354.9467938,-0.0020012458871605967,-0.039135981540613624,0.01964639155775591,-0.14258000889866096,0.006401367868997892,0.022048137221762597,6.448275631096513e-05,0.00010619894425874094,0.0,0.0011387268075569185,0.02256115183804694,-0.009950330853168092,0.0,1.1435759620405822e-05,0.00015766653560442468,0.026512431127413083,0.00329436506482407,180301000.0
2026-04-09,180301000.0,1564900.0,4792.2001953125,95.91999816894533,178242000.0,183202633.43333334,-2264390.99289155,-3410800.1509790076,87.79135693586997,182069980.2167736,169509420.0832264,0.00329436506482407,0.013834149145623548,0.00895028757749345,0.012272647667328895,-0.0020012458871605967,-0.039135981540613624,0.01964639155775591,0.006401367868997892,0.022048137221762597,6.448275631096513e-05,0.00010619894425874094,0.0,0.0011387268075569185,6.861181155032263e-05,-3.153131848465432e-05,0.02875884107881785,-0.02471770982656398,175899000.0
2026-04-11,175899000.0,1536100.0,4792.2001953125,95.91999816894533,178386285.7142857,182358400.1,-2290783.868308753,-3186796.8944449564,51.89862081318287,180555070.23377556,172014230.06622446,-0.02471770982656398,-0.018575187414026348,0.0,0.0,0.00329436506482407,0.013834149145623548,0.00895028757749345,-0.0020012458871605967,-0.039135981540613624,0.01964639155775591,0.006401367868997892,0.022048137221762597,6.448275631096513e-05,-8.004757117069128e-05,-6.306561979829287e-05,-0.02792007119110018,0.01887709158569651,179251000.0
2026-04-12,179251000.0,1565700.0,4792.2001953125,95.91999816894533,179006571.42857143,181625900.1,-2017960.2365893424,-2953029.562873834,65.54639914009316,180890851.3575297,172174312.8424703,0.01887709158569651,0.019086271562377417,0.0,0.0,-0.02471770982656398,-0.018575187414026348,0.0,0.00329436506482407,0.013834149145623548,0.00895028757749345,-0.0020012458871605967,-0.039135981540613624,0.01964639155775591,0.00011435171168377924,6.306561979829132e-05,0.0,0.008388658460439034,180761000.0
2026-04-13,180761000.0,1591100.0,4742.39990234375,99.36000061035156,179272428.57142857,180943600.1,-1660756.989668578,-2694575.0482327826,68.95056935817806,181392621.865787,171955742.334213,0.008388658460439034,0.016092592596333666,-0.010446320838175824,0.03523513269813365,0.01887709158569651,0.019086271562377417,0.0,-0.02471770982656398,-0.018575187414026348,0.0,0.00329436506482407,0.013834149145623548,0.00895028757749345,0.02256115183804694,-0.009950330853168092,0.0,-4.9790740592183604e-05,180752000.0
2026-04-14,180752000.0,1591100.0,4825.0,94.79000091552734,179534285.7142857,180260666.76666668,-1362688.839064896,-2428197.8063992057,68.89233954451345,181946623.4652115,171837676.5347885,-4.9790740592183604e-05,0.0,0.01726741870353135,-0.04708569620456788,0.008388658460439034,0.016092592596333666,-0.010446320838175824,0.01887709158569651,0.019086271562377417,0.0,-0.02471770982656398,-0.018575187414026348,0.0,0.00010619894425874094,0.0,0.0011387268075569185,-0.025784344233593604,176151000.0
2026-04-15,176151000.0,1524800.0,4800.0,94.93000030517578,178974714.2857143,179424833.43333334,-1480661.7827336192,-2238690.6016660887,53.149645602475786,181905275.55494258,172064224.44505742,-0.025784344233593604,-0.04256234701387311,-0.005194816877104023,0.0014758529850220292,-4.9790740592183604e-05,0.0,0.01726741870353135,0.008388658460439034,0.016092592596333666,-0.010446320838175824,0.01887709158569651,0.019086271562377417,0.0,0.006401367868997892,0.022048137221762597,6.448275631096513e-05,-0.004968296843791113,175278000.0
2026-04-16,175278000.0,1521200.0,4785.39990234375,99.38999938964844,178341857.14285713,178559900.1,-1625858.1142947972,-2116124.1041918304,50.92561588136809,181860517.7732725,172206582.2267275,-0.004968296843791113,-0.0023637568458330545,-0.003046322343529432,0.045911717730486065,-0.025784344233593604,-0.04256234701387311,-0.005194816877104023,-4.9790740592183604e-05,0.0,0.01726741870353135,0.008388658460439034,0.016092592596333666,-0.010446320838175824,-0.0020012458871605967,-0.039135981540613624,0.01964639155775591,-0.020944894469400538,171645000.0
2026-04-18,171645000.0,1476800.0,4785.39990234375,99.38999938964844,177105285.7142857,177573733.43333334,-2010899.5921356678,-2095079.2017805981,43.35806898801272,182203650.95788375,171480449.04211625,-0.020944894469400538,-0.029621912305516855,0.0,0.0,-0.004968296843791113,-0.0023637568458330545,-0.003046322343529432,-0.025784344233593604,-0.04256234701387311,-0.005194816877104023,-4.9790740592183604e-05,0.0,0.01726741870353135,0.00329436506482407,0.013834149145623548,0.00895028757749345,-0.0012067052294538873,171438000.0
2026-04-19,171438000.0,1490200.0,4785.39990234375,99.38999938964844,176468000.0,176580733.43333334,-2306166.8515022993,-2137296.7317249384,43.01953962538937,182497900.1776454,170838799.8223546,-0.0012067052294538873,0.009032754371039436,0.0,0.0,-0.020944894469400538,-0.029621912305516855,0.0,-0.004968296843791113,-0.0023637568458330545,-0.003046322343529432,-0.025784344233593604,-0.04256234701387311,-0.005194816877104023,-0.02471770982656398,-0.018575187414026348,0.0,-0.005070052877070314,170571000.0
2026-04-20,170571000.0,1511900.0,4806.60009765625,95.4800033569336,175228000.0,175559000.1,-2580382.8883108795,-2225913.9630421265,41.51607603848861,182851507.68866956,170051992.31133044,-0.005070052877070314,0.014456798866528288,0.00442039821378917,-0.04013466220980973,-0.0012067052294538873,0.009032754371039436,0.0,-0.020944894469400538,-0.029621912305516855,0.0,-0.004968296843791113,-0.0023637568458330545,-0.003046322343529432,0.01887709158569651,0.019086271562377417,0.0,0.0033186162516892874,171138000.0
2026-04-21,171138000.0,1525200.0,4698.39990234375,98.4800033569336,173853285.7142857,175622600.1,-2720587.6705591083,-2324848.704545523,32.47222473127992,183063951.22433484,169462148.77566516,0.0033186162516892874,0.00875841099725326,-0.022767989342933774,0.030936679334534086,-0.005070052877070314,0.014456798866528288,0.00442039821378917,-0.0012067052294538873,0.009032754371039436,0.0,-0.020944894469400538,-0.029621912305516855,0.0,0.008388658460439034,0.016092592596333666,-0.010446320838175824,0.008309523408071296,172566000.0
2026-04-22,172566000.0,1552200.0,4732.5,101.91000366210938,172683857.14285713,175841466.76666668,-2685516.344165981,-2396982.2324696146,36.512250010615254,183123682.12358686,169170117.87641314,0.008309523408071296,0.017547730436629876,0.007231599660169754,0.034236590811678874,0.0033186162516892874,0.00875841099725326,-0.022767989342933774,-0.005070052877070314,0.014456798866528288,0.00442039821378917,-0.0012067052294538873,0.009032754371039436,0.0,-4.9790740592183604e-05,0.0,0.01726741870353135,-0.003325993680162628,171993000.0
2026-04-23,171993000.0,1549900.0,4705.10009765625,105.06999969482422,172089857.14285713,175764821.4,-2673144.0360897183,-2452214.5931936353,32.426550598476595,183205307.01830772,168798692.98169228,-0.003325993680162628,-0.0014828667170333934,-0.00580655654933497,0.030536685020842395,0.008309523408071296,0.017547730436629876,0.007231599660169754,0.0033186162516892874,0.00875841099725326,-0.022767989342933774,-0.005070052877070314,0.014456798866528288,0.00442039821378917,-0.025784344233593604,-0.04256234701387311,-0.005194816877104023,0.003992183418252575,172681000.0
2026-04-25,172681000.0,1560000.0,4705.10009765625,105.06999969482422,171718857.14285713,175589888.06666666,-2578104.261544645,-2477392.5268638376,34.9225421619534,183232786.00178176,168549013.99821824,0.003992183418252575,0.006495408540577739,0.0,0.0,-0.003325993680162628,-0.0014828667170333934,-0.00580655654933497,0.008309523408071296,0.017547730436629876,0.007231599660169754,0.0033186162516892874,0.00875841099725326,-0.022767989342933774,-0.004968296843791113,-0.0023637568458330545,-0.003046322343529432,-0.005458433746399864,171741000.0
2026-04-26,171741000.0,1564950.0,4705.10009765625,105.06999969482422,171732571.42857143,175434833.33333334,-2549248.5491626263,-2491763.7313235956,31.902748414376333,183297444.93286207,168169555.06713793,-0.005458433746399864,0.003168053338505296,0.0,0.0,0.003992183418252575,0.006495408540577739,0.0,-0.003325993680162628,-0.0014828667170333934,-0.00580655654933497,0.008309523408071296,0.017547730436629876,0.007231599660169754,-0.020944894469400538,-0.029621912305516855,0.0,0.027305019377476397,176495000.0
2026-04-27,176495000.0,1588900.0,4675.39990234375,108.2300033569336,172455000.0,175508033.33333334,-2118353.064542383,-2417081.597967353,51.24156320306641,183373603.51062748,168251996.48937252,0.027305019377476397,0.015188078312233195,-0.00633234786145603,0.029631831527534774,-0.005458433746399864,0.003168053338505296,0.0,0.003992183418252575,0.006495408540577739,0.0,-0.003325993680162628,-0.0014828667170333934,-0.00580655654933497,-0.0012067052294538873,0.009032754371039436,0.0,0.057783983418146015,186994000.0
2026-04-28,186994000.0,1658900.0,4591.5,111.26000213623048,174801142.85714287,175931100.0,-919089.0459420085,-2117483.0875622844,62.42897043243764,185205797.64339817,167229202.35660183,0.057783983418146015,0.043112779203908075,-0.01810793161911003,0.027611200523773836,0.027305019377476397,0.015188078312233195,-0.00633234786145603,-0.005458433746399864,0.003168053338505296,0.0,0.003992183418252575,0.006495408540577739,0.0,-0.005070052877070314,0.014456798866528288,0.00442039821378917,0.059909023602145145,198539000.0
2026-04-29,198539000.0,1753900.0,4545.2001953125,118.02999877929688,178715571.42857143,176699900.0,951947.8808353841,-1503596.8938827508,71.58362470862471,190618470.49961466,163778529.50038534,0.059909023602145145,0.05568714766586272,-0.010134994038567446,0.05906899525117239,0.057783983418146015,0.043112779203908075,-0.01810793161911003,0.027305019377476397,0.015188078312233195,-0.00633234786145603,-0.005458433746399864,0.003168053338505296,0.0,0.0033186162516892874,0.00875841099725326,-0.022767989342933774,-0.004649680098031553,197618000.0
2026-04-30,197618000.0,1779100.0,4614.7001953125,114.01000213623048,182294428.57142857,177456766.66666666,2333541.5085859895,-736169.2133890027,70.03278221208666,194290197.573342,161861802.426658,-0.004649680098031553,0.01426573867663772,0.015175128715866765,-0.03465263651581674,0.059909023602145145,0.05568714766586272,-0.010134994038567446,0.057783983418146015,0.043112779203908075,-0.01810793161911003,0.027305019377476397,0.015188078312233195,-0.00633234786145603,0.008309523408071296,0.017547730436629876,0.007231599660169754,0.017381883865681326,201083000.0
2026-05-02,201083000.0,1824100.0,4614.7001953125,114.01000213623048,186450142.85714287,178329433.33333334,3665803.8493183255,144225.39915246295,80.4345703125,198353246.2437815,159936253.7562185,0.017381883865681326,0.024979096252139066,0.0,0.0,-0.004649680098031553,0.01426573867663772,0.015175128715866765,0.059909023602145145,0.05568714766586272,-0.010134994038567446,0.057783983418146015,0.043112779203908075,-0.01810793161911003,-0.003325993680162628,-0.0014828667170333934,-0.00580655654933497,0.011309221962852434,203370000.0
2026-05-03,203370000.0,1864100.0,4614.7001953125,114.01000213623048,190834285.7142857,179278033.33333334,4850262.334515274,1085432.786225025,83.14768490111861,202357960.66673627,158238439.33326373,0.011309221962852434,0.02169164818233095,0.0,0.0,0.017381883865681326,0.024979096252139066,0.0,-0.004649680098031553,0.01426573867663772,0.015175128715866765,0.059909023602145145,0.05568714766586272,-0.010134994038567446,0.003992183418252575,0.006495408540577739,0.0,-0.03112806160132949,197137000.0
2026-05-04,197137000.0,1795000.0,4519.5,114.44000244140624,194462285.7142857,180019633.33333334,5225763.856142312,1913499.0002084826,78.34081913994753,204544244.01811358,158175955.98188642,-0.03112806160132949,-0.03777334095282055,-0.020845534492410663,0.0037645069325651197,0.011309221962852434,0.02169164818233095,0.0,0.017381883865681326,0.024979096252139066,0.0,-0.004649680098031553,0.01426573867663772,0.015175128715866765,-0.005458433746399864,0.003168053338505296,0.0,-0.028494272193194913,191599000.0
2026-05-05,191599000.0,1813800.0,4555.7998046875,109.87000274658205,196620000.0,180576566.66666666,5018629.562760174,2534525.112718821,70.03876354239141,205579059.49798322,158375940.50201678,-0.028494272193194913,0.010419070091088202,0.007999735337601302,-0.040752815804152964,-0.03112806160132949,-0.03777334095282055,-0.020845534492410663,0.011309221962852434,0.02169164818233095,0.0,0.017381883865681326,0.024979096252139066,0.0,0.027305019377476397,0.015188078312233195,-0.00633234786145603,0.008481718076895784,193231000.0
2026-05-06,193231000.0,1763800.0,4681.89990234375,101.2699966430664,197511000.0,181187500.0,4929340.534466356,3013488.197068328,72.18523595065597,206720422.16293094,158481577.83706906,0.008481718076895784,-0.02795351955938699,0.02730288599459444,-0.08150768951541937,-0.028494272193194913,0.010419070091088202,0.007999735337601302,-0.03112806160132949,-0.03777334095282055,-0.020845534492410663,0.011309221962852434,0.02169164818233095,0.0,0.057783983418146015,0.043112779203908075,-0.01810793161911003,0.008246151731040508,194831000.0
2026-05-07,194831000.0,1754200.0,4699.7998046875,100.05999755859376,196981285.7142857,181852233.33333334,4930845.249797821,3396959.6076142266,72.73669462410993,208011817.5002252,158598082.4997748,0.008246151731040508,-0.0054576599367991314,0.0038159234729661404,-0.012020202535205225,0.008481718076895784,-0.02795351955938699,0.02730288599459444,-0.028494272193194913,0.010419070091088202,0.007999735337601302,-0.03112806160132949,-0.03777334095282055,-0.020845534492410663,0.059909023602145145,0.05568714766586272,-0.010134994038567446,-0.008246151731040423,193231000.0
2026-05-09,193231000.0,1778900.0,4699.7998046875,100.05999755859376,196354571.42857143,182462966.66666666,4748196.8615270555,3667207.058396793,69.76566236250598,209005003.72012138,159312896.27987862,-0.008246151731040423,0.01398228321394289,0.0,0.0,0.008246151731040508,-0.0054576599367991314,0.0038159234729661404,0.008481718076895784,-0.02795351955938699,0.02730288599459444,-0.028494272193194913,0.010419070091088202,0.007999735337601302,-0.004649680098031553,0.01426573867663772,0.015175128715866765,-0.008012097313114756,191689000.0
2026-05-10,191689000.0,1758800.0,4699.7998046875,100.05999755859376,195012571.42857143,182889266.66666666,4427977.219872981,3819361.090692031,68.49598076778605,209674117.63218856,160284882.36781144,-0.008012097313114756,-0.011363437424569038,0.0,0.0,-0.008246151731040423,0.01398228321394289,0.0,0.008246151731040508,-0.0054576599367991314,0.0038159234729661404,0.008481718076895784,-0.02795351955938699,0.02730288599459444,0.017381883865681326,0.024979096252139066,0.0,0.03279167393798059,198079000.0
2026-05-11,198079000.0,1819050.0,4718.7001953125,104.20999908447266,194256714.2857143,183527933.33333334,4636375.196128398,3982763.911779305,71.54344654429478,210819785.24810147,161782614.75189853,0.03279167393798059,0.03368262846425551,0.0040134662622451946,0.04063810355829233,-0.008012097313114756,-0.011363437424569038,0.0,-0.008246151731040423,0.01398228321394289,0.0,0.008246151731040508,-0.0054576599367991314,0.0038159234729661404,0.011309221962852434,0.02169164818233095,0.0,-0.011168819363564361,195879000.0
2026-05-12,195879000.0,1804000.0,4677.60009765625,107.7699966430664,194077000.0,184054966.66666666,4571315.203780055,4100474.170179455,70.04617479985383,211349225.5276065,163697274.4723935,-0.011168819363564361,-0.008307965148341567,-0.008748200566985706,0.0335912102407572,0.03279167393798059,0.03368262846425551,0.0040134662622451946,-0.008012097313114756,-0.011363437424569038,0.0,-0.008246151731040423,0.01398228321394289,0.0,-0.03112806160132949,-0.03777334095282055,-0.020845534492410663,-7.147524917271533e-05,195865000.0
2026-05-13,195865000.0,1788950.0,4697.7001953125,105.62999725341795,194686428.57142857,184593533.33333334,4467130.706028163,4173805.477349197,67.46114736955974,211483569.623503,166092330.376497,-7.147524917271533e-05,-0.008377566079041152,0.0042878900568158315,-0.020056899626527753,-0.011168819363564361,-0.008307965148341567,-0.008748200566985706,0.03279167393798059,0.03368262846425551,0.0040134662622451946,-0.008012097313114756,-0.011363437424569038,0.0,-0.028494272193194913,0.010419070091088202,0.007999735337601302,0.00047470414828339457,195958000.0
2026-05-14,195958000.0,1798900.0,4678.10009765625,105.72000122070312,195076000.0,185115433.33333334,4342016.006011397,4207447.583081637,59.94673768308922,211332620.18021464,168725279.81978536,0.00047470414828339457,0.005546511425112672,-0.004181003348170271,0.0008517054494981967,-7.147524917271533e-05,-0.008377566079041152,0.0042878900568158315,-0.011168819363564361,-0.008307965148341567,-0.008748200566985706,0.03279167393798059,0.03368262846425551,0.0040134662622451946,0.008481718076895784,-0.02795351955938699,0.02730288599459444,-0.009686584622964069,194069000.0
2026-05-16,194069000.0,1794000.0,4678.10009765625,105.72000122070312,194967142.85714287,185721100.0,4043820.5458157957,4174722.1756284684,43.687153993898995,210807258.47402716,171400941.52597284,-0.009686584622964069,-0.002727603349899011,0.0,0.0,0.00047470414828339457,0.005546511425112672,-0.004181003348170271,-7.147524917271533e-05,-0.008377566079041152,0.0042878900568158315,-0.011168819363564361,-0.008307965148341567,-0.008748200566985706,0.008246151731040508,-0.0054576599367991314,0.0038159234729661404,-0.006799001432910374,192754000.0
2026-05-17,192754000.0,1813900.0,4678.10009765625,105.72000122070312,194899000.0,186171200.0,3659207.9140862823,4071619.323320031,43.20632437566345,209673809.94212508,174610490.05787492,-0.006799001432910374,0.011031459745182354,0.0,0.0,-0.009686584622964069,-0.002727603349899011,0.0,0.00047470414828339457,0.005546511425112672,-0.004181003348170271,-7.147524917271533e-05,-0.008377566079041152,0.0042878900568158315,-0.008246151731040423,0.01398228321394289,0.0,-0.015112005052464683,189863000.0
2026-05-18,189863000.0,1799200.0,4552.5,112.0999984741211,194638142.85714287,186474600.0,3085551.773396969,3874405.8133354187,34.07335907335907,208021606.96366057,177980893.03633943,-0.015112005052464683,-0.008137101718817836,-0.027215532845769556,0.05859721518369265,-0.006799001432910374,0.011031459745182354,0.0,-0.009686584622964069,-0.002727603349899011,0.0,0.00047470414828339457,0.005546511425112672,-0.004181003348170271,-0.008012097313114756,-0.011363437424569038,0.0,-0.0005848030407831325,189752000.0
2026-05-19,189752000.0,1784000.0,4506.2998046875,111.27999877929688,193448571.42857143,186774600.0,2592088.395097375,3617942.32968781,29.396635197288788,205271125.5384828,182532474.4615172,-0.0005848030407831325,-0.008484087505151188,-0.01020015827174435,-0.007341779820815514,-0.015112005052464683,-0.008137101718817836,-0.027215532845769556,-0.006799001432910374,0.011031459745182354,0.0,-0.009686584622964069,-0.002727603349899011,0.0,0.03279167393798059,0.03368262846425551,0.0040134662622451946,0.012782119072886879,192193000.0
2026-05-20,192193000.0,1799100.0,4531.2998046875,105.0199966430664,192922000.0,187309333.33333334,2370655.966001153,3368485.056950479,41.55045118949959,202654984.18696314,186718415.81303686,0.012782119072886879,0.008428505702619174,0.005532456591871891,-0.057898760400528104,-0.0005848030407831325,-0.008484087505151188,-0.01020015827174435,-0.015112005052464683,-0.008137101718817836,-0.027215532845769556,-0.006799001432910374,0.011031459745182354,0.0,-0.011168819363564361,-0.008307965148341567,-0.008748200566985706,-0.003601823047138303,191502000.0
2026-05-21,191502000.0,1790800.0,4539.7998046875,102.58000183105467,192298714.2857143,187850133.33333334,2115030.4906009138,3117794.143680566,49.80130279814823,202189215.5911056,187634984.4088944,-0.003601823047138303,-0.004624092475763289,0.0018740842574405403,-0.02350777643386652,0.012782119072886879,0.008428505702619174,0.005532456591871891,-0.0005848030407831325,-0.008484087505151188,-0.01020015827174435,-0.015112005052464683,-0.008137101718817836,-0.027215532845769556,-7.147524917271533e-05,-0.008377566079041152,0.0042878900568158315,-0.03136908934094297,185588000.0
2026-05-23,185588000.0,1774200.0,4539.7998046875,102.58000183105467,190817285.7142857,188314900.0,1418879.1296395063,2778011.140872354,36.68049214039246,202433051.38867825,186096048.61132175,-0.03136908934094297,-0.009312830280323895,0.0,0.0,-0.003601823047138303,-0.004624092475763289,0.0018740842574405403,0.012782119072886879,0.008428505702619174,0.005532456591871891,-0.0005848030407831325,-0.008484087505151188,-0.01020015827174435,0.00047470414828339457,0.005546511425112672,-0.004181003348170271,-0.033415238375942236,179489000.0
2026-05-24,179489000.0,1699100.0,4539.7998046875,102.58000183105467,188734428.57142857,188583266.66666666,370761.9194316864,2296561.2965842206,26.88761675203375,203695351.89786902,183020848.10213098,-0.033415238375942236,-0.04325091799477358,0.0,0.0,-0.03136908934094297,-0.009312830280323895,0.0,-0.003601823047138303,-0.004624092475763289,0.0018740842574405403,0.012782119072886879,0.008428505702619174,0.005532456591871891,-0.009686584622964069,-0.002727603349899011,0.0,0.017134754171326996,182591000.0
2026-05-25,182591000.0,1739100.0,4539.7998046875,102.58000183105467,187282571.42857143,188983933.33333334,-207184.74861642718,1795812.0875440913,34.66505246166264,203162092.87384084,181704907.12615916,0.017134754171326996,0.023269038922083776,0.0,0.0,-0.033415238375942236,-0.04325091799477358,0.0,-0.03136908934094297,-0.009312830280323895,0.0,-0.003601823047138303,-0.004624092475763289,0.0018740842574405403,-0.006799001432910374,0.011031459745182354,0.0,-0.002429135452112933,182148000.0
2026-05-26,182148000.0,1724000.0,4500.39990234375,99.58000183105467,186180428.57142857,189350933.33333334,-692969.9187553227,1298055.6862842084,35.79912481767035,201738373.3115002,181006426.6884998,-0.002429135452112933,-0.008720565790158457,-0.008716655181874438,-0.029681640209326704,0.017134754171326996,0.023269038922083776,0.0,-0.033415238375942236,-0.04325091799477358,0.0,-0.03136908934094297,-0.009312830280323895,0.0,-0.015112005052464683,-0.008137101718817836,-0.027215532845769556,-0.004534057157781043,181324000.0
2026-05-28,181324000.0,1745000.0,4499.2998046875,93.70999908447266,184976428.57142857,189642866.66666666,-1131405.9361718,812163.3617930068,20.10918043315374,201494232.8932161,179669267.1067839,-0.004534057157781043,0.01210738341288908,-0.00024447430415252755,-0.06075646223587308,-0.002429135452112933,-0.008720565790158457,-0.008716655181874438,0.017134754171326996,0.023269038922083776,0.0,-0.033415238375942236,-0.04325091799477358,0.0,-0.0005848030407831325,-0.008484087505151188,-0.01020015827174435,-0.00833469685044987,179819000.0
2026-05-30,179819000.0,1704900.0,4499.2998046875,93.70999908447266,183208714.2857143,189903733.33333334,-1582073.403535992,333316.008727207,20.6205180740524,201900327.54099187,178085172.45900813,-0.00833469685044987,-0.023248097665342048,0.0,0.0,-0.004534057157781043,0.01210738341288908,-0.00024447430415252755,-0.002429135452112933,-0.008720565790158457,-0.008716655181874438,0.017134754171326996,0.023269038922083776,0.0,0.012782119072886879,0.008428505702619174,0.005532456591871891,0.007683716218959307,181206000.0
2026-05-31,181206000.0,1704850.0,4499.2998046875,93.70999908447266,181737857.14285713,190187900.0,-1806487.2494363189,-94644.64290549821,24.46612088486326,201813849.08711323,176969150.91288677,0.007683716218959307,-2.932766332047485e-05,0.0,0.0,-0.00833469685044987,-0.023248097665342048,0.0,-0.004534057157781043,0.01210738341288908,-0.00024447430415252755,-0.002429135452112933,-0.008720565790158457,-0.008716655181874438,-0.003601823047138303,-0.004624092475763289,0.0018740842574405403,0.025273106478586754,185844000.0
2026-06-01,185844000.0,1761800.0,4475.2001953125,94.9800033569336,181774428.57142857,190658000.0,-1591740.4079116583,-394063.7959067302,34.79097744360902,201184899.79904854,176699400.20095146,0.025273106478586754,0.03285888336783034,-0.005370698602308757,0.01346148109862025,0.007683716218959307,-2.932766332047485e-05,0.0,-0.00833469685044987,-0.023248097665342048,0.0,-0.004534057157781043,0.01210738341288908,-0.00024447430415252755,-0.03136908934094297,-0.009312830280323895,0.0,-0.019517267356583486,182252000.0
2026-06-02,182252000.0,1745200.0,4489.10009765625,96.0,182169142.85714287,190849900.0,-1691893.2767124474,-653629.6920678737,33.09587159900438,200809575.71664292,175976824.28335708,-0.019517267356583486,-0.009466851426240716,0.00310117087321733,0.010681813003277212,0.025273106478586754,0.03285888336783034,-0.005370698602308757,0.007683716218959307,-2.932766332047485e-05,0.0,-0.00833469685044987,-0.023248097665342048,0.0,-0.033415238375942236,-0.04325091799477358,0.0,0.002832715628484861,182769000.0
2026-06-03,182769000.0,1744200.0,4436.7001953125,97.80999755859376,182194571.42857143,190709066.66666666,-1709837.623759091,-864871.2784061171,35.38281364368322,200505119.21416408,175389280.78583592,0.002832715628484861,-0.0005731644565692463,-0.011741357101359375,0.018678604873863337,-0.019517267356583486,-0.009466851426240716,0.00310117087321733,0.025273106478586754,0.03285888336783034,-0.005370698602308757,0.007683716218959307,-2.932766332047485e-05,0.0,0.017134754171326996,0.023269038922083776,0.0,-0.016211100216833543,179830000.0
2026-06-06,179830000.0,1749900.0,4436.7001953125,97.80999755859376,181863428.57142857,190085433.33333334,-1938861.3985248506,-1079669.302429864,35.33315791012484,199136647.2479524,174932852.7520476,-0.016211100216833543,0.0032626456348163694,0.0,0.0,0.002832715628484861,-0.0005731644565692463,-0.011741357101359375,-0.019517267356583486,-0.009466851426240716,0.00310117087321733,0.025273106478586754,0.03285888336783034,-0.005370698602308757,-0.002429135452112933,-0.008720565790158457,-0.008716655181874438,0.01777469395736646,183055000.0
2026-06-07,183055000.0,1780100.0,4436.7001953125,97.80999755859376,182110714.2857143,189600000.0,-1838935.736036241,-1231522.5891511394,41.02687783047941,197864891.94829598,174922208.05170402,0.01777469395736646,0.01711089905568554,0.0,0.0,-0.016211100216833543,0.0032626456348163694,0.0,0.002832715628484861,-0.0005731644565692463,-0.011741357101359375,-0.019517267356583486,-0.009466851426240716,0.00310117087321733,-0.004534057157781043,0.01210738341288908,-0.00024447430415252755,-0.013324841693445243,180632000.0
2026-06-08,180632000.0,1774000.0,4335.89990234375,94.25,182226857.14285713,188918300.0,-1932977.6160119474,-1371813.5945233009,34.502265476286226,196460180.59247968,174803619.40752032,-0.013324841693445243,-0.0034326586138624976,-0.02298172226266463,-0.03707597001357939,0.01777469395736646,0.01711089905568554,0.0,-0.016211100216833543,0.0032626456348163694,0.0,0.002832715628484861,-0.0005731644565692463,-0.011741357101359375,-0.00833469685044987,-0.023248097665342048,0.0,-0.007674754176300467,179251000.0
2026-06-09,179251000.0,1753000.0,4260.0,91.4499969482422,181947571.42857143,188114333.33333334,-2094794.1588304043,-1516409.7073847216,33.87559556713785,194818386.56821436,174774713.43178564,-0.007674754176300467,-0.011908277948290285,-0.017660018336772308,-0.030158484862025593,-0.013324841693445243,-0.0034326586138624976,-0.02298172226266463,0.01777469395736646,0.01711089905568554,0.0,-0.016211100216833543,0.0032626456348163694,0.0,0.007683716218959307,-2.932766332047485e-05,0.0,-0.0006026886793255847,179143000.0
2026-06-10,179143000.0,1785100.0,4108.2001953125,93.0999984741211,180990285.7142857,187514533.33333334,-2206316.5880034864,-1654391.0835084745,39.98694963179318,193362627.3181604,174737872.6818396,-0.0006026886793255847,0.01814583013227203,-0.03628413636623409,0.017881826427249923,-0.007674754176300467,-0.011908277948290285,-0.017660018336772308,-0.013324841693445243,-0.0034326586138624976,-0.02298172226266463,0.01777469395736646,0.01711089905568554,0.0,0.025273106478586754,0.03285888336783034,-0.005370698602308757,-0.002649437566492883,178669000.0
2026-06-11,178669000.0,1801800.0,4090.300048828125,90.37999725341795,180478428.57142857,187083533.33333334,-2306360.467406869,-1784784.9602881535,48.45620905188644,191993542.88192526,174698457.11807474,-0.002649437566492883,0.009311729163833136,-0.004366694979494386,-0.02965119429947942,-0.0006026886793255847,0.01814583013227203,-0.03628413636623409,-0.007674754176300467,-0.011908277948290285,-0.017660018336772308,-0.013324841693445243,-0.0034326586138624976,-0.02298172226266463,-0.019517267356583486,-0.009466851426240716,0.00310117087321733,-0.036831883496965194,172208000.0
