{
  "predicted_log_return": 0.09929826110601425,
  "predicted_return_pct": 9.929825782775879,
  "current_price": null,
  "confidence": 0.85,
  "timestamp": "2026-02-05T15:04:31.757783"
}