{
  "SMA_7": 118945714.28571428,
  "SMA_30": 119427066.66666667,
  "MACD": -4201402.101521894,
  "MACD_Signal": 3189084.288693048,
  "RSI_14": 12.249646239251106,
  "Bollinger_Upper": 176682126.9897406,
  "Bollinger_Lower": 68761073.01025937,
  "Gold_LogRet": -2.484087473775219,
  "USD_LogRet": -1.6262193893961039,
  "Ounce_LogRet": -0.8525734950119289,
  "Oil_LogRet": 0.13549369716794543,
  "Gold_LogRet_Lag_1": 0.00326887885334192,
  "USD_LogRet_Lag_1": 0.004320970980269598,
  "Ounce_LogRet_Lag_1": 0.0,
  "Gold_LogRet_Lag_2": -0.012185615729816895,
  "USD_LogRet_Lag_2": -0.003337128618396587,
  "Ounce_LogRet_Lag_2": -0.0018418331441386099,
  "Gold_LogRet_Lag_3": 0.026955417205229967,
  "USD_LogRet_Lag_3": 0.016798134933714057,
  "Ounce_LogRet_Lag_3": 0.009939980130428714,
  "Gold_LogRet_Lag_7": 0.04009289171783376,
  "USD_LogRet_Lag_7": 0.025439072997196232,
  "Ounce_LogRet_Lag_7": 0.0,
  "timestamp": "2026-02-05T14:57:04.615035",
  "Gold_IRR": 11500000.0
}