{
  "SMA_7": 144781000.0,
  "SMA_30": 125455300.0,
  "MACD": 10225139.209019408,
  "MACD_Signal": 6074392.550801309,
  "RSI_14": 96.53766735495904,
  "Bollinger_Upper": 163129126.44894868,
  "Bollinger_Lower": 100398773.55105133,
  "Gold_LogRet": 0.3328665233634977,
  "USD_LogRet": 0.19668462933923334,
  "Ounce_LogRet": 0.13187087678835918,
  "Oil_LogRet": 0.1289027258430563,
  "Gold_LogRet_Lag_1": 0.00326887885334192,
  "USD_LogRet_Lag_1": 0.004320970980269598,
  "Ounce_LogRet_Lag_1": 0.0,
  "Gold_LogRet_Lag_2": -0.012185615729816895,
  "USD_LogRet_Lag_2": -0.003337128618396587,
  "Ounce_LogRet_Lag_2": -0.0018418331441386099,
  "Gold_LogRet_Lag_3": 0.026955417205229967,
  "USD_LogRet_Lag_3": 0.016798134933714057,
  "Ounce_LogRet_Lag_3": 0.009939980130428714,
  "Gold_LogRet_Lag_7": 0.04009289171783376,
  "USD_LogRet_Lag_7": 0.025439072997196232,
  "Ounce_LogRet_Lag_7": 0.0,
  "timestamp": "2026-02-08T14:27:00.911495",
  "Gold_IRR": 192347000.0
}