{
  "predicted_log_return": 0.024470951408147812,
  "predicted_return_pct": 2.4470951557159424,
  "current_price": 11500000.0,
  "confidence": 0.85,
  "timestamp": "2026-02-15T16:21:46.921263"
}