{
  "predicted_log_return": 0.04429512843489647,
  "predicted_return_pct": 4.429512977600098,
  "current_price": null,
  "confidence": 0.85,
  "timestamp": "2026-02-07T12:17:39.121661"
}