{
  "timestamp": "2026-02-08T14:27:01.133025",
  "action": "BUY",
  "predicted_log_return": 0.04429512843489647,
  "predicted_return_pct": 442.95129776000977,
  "confidence": 0.85,
  "current_price": 192347000.0,
  "reasoning": [
    "Predicted return 4.43% > threshold 0.80%",
    "⚠️  RSI 96.5 overbought - caution",
    "Price above SMA7 (uptrend)",
    "MACD 10,225,139 positive"
  ],
  "technical_indicators": {
    "RSI_14": 96.53766735495904,
    "MACD": 10225139.209019408,
    "SMA_7": 144781000.0,
    "SMA_30": 125455300.0,
    "price_vs_sma7": 32.853758435153786,
    "price_vs_sma30": 53.31915032684948
  },
  "strength": 0.7142857142857143
}