{
  "predicted_log_return": 0.04429512843489647,
  "predicted_return_pct": 4.429512977600098,
  "current_price": 192347000.0,
  "confidence": 0.85,
  "timestamp": "2026-02-08T14:27:01.132406"
}