{
  "Gold_IRR": 192347000.0,
  "USD_IRR": 1609350.0,
  "Ounce_USD": 4951.2001953125,
  "Oil_USD": 68.05000305175781,
  "timestamp": "2026-02-07T13:15:45.844198"
}